3256220206204;R1-HH-1-3
3256220206198;R1-HH-1-2
8718951786585;R1-MM-1-1
3600900021487;R1-FF-1-3
3256226756048;R1-AA-1-2
3662138022292;R1-AA-1-1
8004260299855;R1-AA-1-1
3256224068174;R1-AA-1-1
3256222735801;R1-AA-1-1
3133200044400;R1-AA-1-1
8004260299923;R1-AA-1-1
3256222647005;R1-AA-1-2
3256227111297;R1-AA-1-2
3133200094559;R1-AA-1-2
3256226577568;R1-AA-1-2
3256224639183;R1-AA-1-2
3133200093811;R1-AA-1-2
3660992012718;R1-AA-1-2
3256226756055;R1-AA-1-2
3256221949599;R1-AA-1-3
3660992012824;R1-AA-1-3
3133200094856;R1-AA-1-3
7322540818796;R1-AA-1-3
7322540833188;R1-AA-1-3
3256228656568;R1-AA-1-3
3256221949681;R1-AA-1-3
3256222735795;R1-AA-1-4
3256220063067;R1-AA-1-4
3256227443220;R1-AA-1-4
3256227554865;R1-AA-1-4
3123349014556;R1-BB-1-1
3502110006790;R1-BB-1-1
3123349011227;R1-BB-1-1
3502110009449;R1-BB-1-1
3256223028285;R1-BB-1-1
3256223028377;R1-BB-1-1
3192200002117;R1-BB-1-1
3256223014561;R1-BB-1-2
3256226385101;R1-BB-1-2
3179730107734;R1-BB-1-2
3256226396992;R1-BB-1-2
3256223014516;R1-BB-1-2
3092718637064;R1-BB-1-2
3256223014578;R1-BB-1-2
3256229292642;R1-BB-1-2
3256223014547;R1-BB-1-2
3256220060295;R1-BB-1-2
3256225433193;R1-BB-1-2
3256225433186;R1-BB-1-2
3256226385088;R1-BB-1-2
3256225718481;R1-BB-1-2
3256223014530;R1-BB-1-2
3256220513739;R1-BB-1-3
3256226385125;R1-BB-1-3
3124480186799;R1-BB-1-3
3124480186577;R1-BB-1-3
3124480204127;R1-BB-1-3
3057640379048;R1-BB-1-3
3124480196774;R1-BB-1-3
3124480193582;R1-BB-1-3
3057640380778;R1-BB-1-3
3256222240008;R1-BB-1-3
3124480191182;R1-BB-1-3
3179730101824;R1-BB-1-3
3256220060318;R1-BB-1-3
3256223014028;R1-BB-1-3
3256224372165;R1-BB-1-3
1200101017825;R1-BB-1-3
3124480100016;R1-BB-1-3
3057640265433;R1-BB-1-3
3256220892254;R1-BB-1-3
7613034579942;R1-BB-1-4
3256223682357;R1-BB-1-4
3168930176435;R1-BB-1-4
3256220892179;R1-BB-1-4
3168930170549;R1-BB-1-4
5449000266002;R1-BB-1-4
3168930170570;R1-BB-1-4
5449000232304;R1-BB-1-4
5449000232250;R1-BB-1-4
3124480195326;R1-BB-1-4
3168930171058;R1-BB-1-4
3660992012534;R1-BB-1-4
3256223100219;R1-BB-1-4
5449000295750;R1-BB-1-4
3256223100226;R1-BB-1-4
3256223099834;R1-BB-1-4
3256223510049;R1-BB-1-4
3256227093128;R1-BB-1-4
3256224059066;R1-CC-1-1
3256229216594;R1-CC-1-1
3256220063975;R1-CC-1-1
3254691586054;R1-CC-1-1
3256220063968;R1-CC-1-1
3256229233843;R1-CC-1-2
3256223028513;R1-CC-1-2
3256220064026;R1-CC-1-2
3256229216587;R1-CC-1-2
3502110009456;R1-CC-1-2
3256229782808;R1-CC-1-2
3256222831558;R1-CC-1-2
3256220887991;R1-CC-1-2
3256223028520;R1-CC-1-2
3256220887984;R1-CC-1-2
3256225426768;R1-CC-1-2
3256226385682;R1-CC-1-2
5410188011326;R1-CC-1-3
3256223028391;R1-CC-1-3
3660992012589;R1-CC-1-3
3256223028346;R1-CC-1-3
3256220204217;R1-CC-1-3
3660992012633;R1-CC-1-3
3256228415202;R1-CC-1-3
3256224761174;R1-CC-1-3
3256223027844;R1-CC-1-3
3256224761204;R1-CC-1-3
3502110005670;R1-CC-1-3
3256221675955;R1-CC-1-3
3256223027837;R1-CC-1-3
3502110003652;R1-CC-1-3
3256222643922;R1-CC-1-3
3256224761235;R1-CC-1-3
3660992012619;R1-CC-1-3
3256224761198;R1-CC-1-3
3660992012602;R1-CC-1-3
3660992012572;R1-CC-1-3
3256223028056;R1-CC-1-4
3254691592116;R1-CC-1-4
3256220023924;R1-CC-1-4
3274936101200;R1-CC-1-4
3254690670709;R1-CC-1-4
4000177211328;R1-CC-1-4
3256220023931;R1-CC-1-4
3256228439994;R1-CC-1-4
3256226084554;R1-CC-1-4
3256228433978;R1-CC-1-4
3254691592024;R1-CC-1-4
3256223027882;R1-CC-1-4
3274080001005;R1-CR-1-1
3760167700003;R1-CR-1-1
3540709000910;R1-CR-1-1
3256220876667;R1-CR-1-1
3057640257858;R1-CR-1-1
5449000292704;R1-DD-1-1
3124480002129;R1-DD-1-1
5000112611762;R1-DD-1-1
3484703000302;R1-DD-1-1
3502110009357;R1-DD-1-1
5449000243171;R1-DD-1-1
5449000283870;R1-DD-1-1
5000112611878;R1-DD-1-1
5449000243195;R1-DD-1-1
3256220659062;R1-DD-1-1
3256223669068;R1-DD-1-1
3484700007977;R1-DD-1-1
5449000195340;R1-DD-1-1
3256223010396;R1-DD-1-2
5449000267443;R1-DD-1-2
3660992012510;R1-DD-1-2
3256223023150;R1-DD-1-2
3256223010532;R1-DD-1-2
5449000267436;R1-DD-1-2
3124480000378;R1-DD-1-2
3256221134742;R1-DD-1-2
3179750055237;R1-DD-1-2
3484702000013;R1-DD-1-2
3256223022221;R1-DD-1-2
3256221712162;R1-DD-1-3
3256221712230;R1-DD-1-3
3256221712056;R1-DD-1-3
3256220764261;R1-DD-1-3
3256224081609;R1-DD-1-3
3256221510324;R1-DD-1-3
3660992017621;R1-DD-1-3
3256221712254;R1-DD-1-3
3660992011636;R1-DD-1-3
3256225429073;R1-DD-1-3
3256227465420;R1-DD-1-3
3256222254227;R1-DD-1-3
3265479568001;R1-DD-1-3
3265471024086;R1-DD-1-3
3256221510072;R1-DD-1-3
3660992011667;R1-DD-1-3
3256221712155;R1-DD-1-3
3256220280136;R1-DD-1-3
3256220280129;R1-DD-1-3
3256224044130;R1-DD-1-3
3660992012299;R1-DD-1-4
3760060016737;R1-DD-1-4
3660992012459;R1-DD-1-4
7613287790866;R1-DD-1-4
3660992011674;R1-DD-1-4
7613033663246;R1-DD-1-4
7613032759155;R1-DD-1-4
3660992012336;R1-DD-1-4
3660992016419;R1-DD-1-4
7613030946021;R1-DD-1-4
3124480196361;R1-EE-1-1
5449000308085;R1-EE-1-1
3124480183217;R1-EE-1-1
5449000267412;R1-EE-1-1
3249760011063;R1-EE-1-1
3124480196262;R1-EE-1-1
3256223669037;R1-EE-1-1
3124480200433;R1-EE-1-1
3124480185020;R1-EE-1-1
5449000286284;R1-EE-1-1
5410221205170;R1-EE-1-1
3229820792132;R1-EE-1-2
3256223377420;R1-EE-1-2
3256223377437;R1-EE-1-2
3256223377406;R1-EE-1-2
3229820787015;R1-EE-1-2
3229820181424;R1-EE-1-2
3256223377444;R1-EE-1-2
3041091466846;R1-EE-1-2
3261570001546;R1-EE-1-3
3119780268894;R1-EE-1-3
5410228233077;R1-EE-1-3
3261570000044;R1-EE-1-3
54050051;R1-EE-1-3
5056025440449;R1-EE-1-3
5411223005263;R1-EE-1-3
3119780268405;R1-EE-1-3
8712000051310;R1-EE-1-3
3256223150122;R1-EE-1-3
3256225037964;R1-EE-1-4
3119780268825;R1-EE-1-4
3256223740200;R1-EE-1-4
3256223631218;R1-EE-1-4
3438931010411;R1-EE-1-4
5010106111956;R1-EE-1-4
3080216055336;R1-EE-1-4
3438931000436;R1-EE-1-4
3438931007251;R1-EE-1-4
5010327253749;R1-EE-1-4
3256221136609;R1-EE-1-4
3256220367608;R1-EE-1-4
3438931000429;R1-EE-1-4
3163937010003;R1-EE-1-4
3256223624326;R1-EE-1-4
3083680901024;R1-FF-1-1
3256225042135;R1-FF-1-1
3256220194570;R1-FF-1-1
3256225042043;R1-FF-1-1
3256222113807;R1-FF-1-1
3660992012022;R1-FF-1-1
3256222114453;R1-FF-1-1
3256225042074;R1-FF-1-1
3256226756642;R1-FF-1-1
3256225042104;R1-FF-1-1
3256222114170;R1-FF-1-1
3256228969057;R1-FF-1-1
3083681095296;R1-FF-1-1
3083680002981;R1-FF-1-1
3256228104397;R1-FF-1-1
3256222113814;R1-FF-1-1
3256222645612;R1-FF-1-1
3083680973939;R1-FF-1-1
3256225039456;R1-FF-1-1
3017800008898;R1-FF-1-1
3256228969187;R1-FF-1-1
3017800010518;R1-FF-1-1
3256225042128;R1-FF-1-1
3256220368025;R1-FF-1-1
3256222114088;R1-FF-1-1
3256228969224;R1-FF-1-1
3256226756635;R1-FF-1-1
3368956845869;R1-FF-1-1
3660992012015;R1-FF-1-1
3017800078853;R1-FF-1-1
3017800510025;R1-FF-1-1
3256225042081;R1-FF-1-1
3256225042067;R1-FF-1-1
3083680002929;R1-FF-1-1
3256225042098;R1-FF-1-1
3256225429165;R1-FF-1-1
3256225039432;R1-FF-1-1
3256225429158;R1-FF-1-1
3256225736126;R1-FF-1-2
3256220367974;R1-FF-1-2
3256225428779;R1-FF-1-2
3660992011971;R1-FF-1-2
3083680613576;R1-FF-1-2
3660992011964;R1-FF-1-2
3256222115528;R1-FF-1-2
3021690201123;R1-FF-1-2
3021690203127;R1-FF-1-2
3256225428878;R1-FF-1-2
3038352881005;R1-FF-1-2
3256222114279;R1-FF-1-2
3256225733835;R1-FF-1-2
3256221667790;R1-FF-1-2
3083681094459;R1-FF-1-2
3038352880305;R1-FF-1-2
3256227465338;R1-FF-1-2
3256220879057;R1-FF-1-2
3256222115542;R1-FF-1-2
3256222115559;R1-FF-1-2
3256225736119;R1-FF-1-2
3256220368070;R1-FF-1-2
3256221667806;R1-FF-1-2
3256225042111;R1-FF-1-2
3256223670484;R1-FF-1-2
3256222115504;R1-FF-1-2
3256220360432;R1-FF-1-2
3021690201116;R1-FF-1-2
3256225733828;R1-FF-1-2
3256225428861;R1-FF-1-2
3256221212426;R1-FF-1-3
3760381260666;R1-FF-1-3
3600900006972;R1-FF-1-3
3760341070472;R1-FF-1-3
3165440002919;R1-FF-1-3
3256227769146;R1-FF-1-3
3256220071444;R1-FF-1-3
3256221211917;R1-FF-1-3
3256221212464;R1-FF-1-3
3660992011872;R1-FF-1-3
3760341070830;R1-FF-1-3
3256220061117;R1-FF-1-3
3256220659116;R1-FF-1-3
3165440008782;R1-FF-1-3
3256228962980;R1-FF-1-3
3256221212457;R1-FF-1-3
3256221011302;R1-FF-1-3
3256220071369;R1-FF-1-3
3256228963406;R1-FF-1-3
3256221436693;R1-FF-1-3
3256223686362;R1-FF-1-3
3256227752513;R1-FF-1-3
3760381260871;R1-FF-1-3
3660992011865;R1-FF-1-3
3256228581570;R1-FF-1-3
3256221112061;R1-FF-1-3
3487400004413;R1-FF-1-3
3760341070052;R1-FF-1-3
3256221671964;R1-FF-1-3
3760381260819;R1-FF-1-3
3256221462531;R1-FF-1-3
8005110170300;R1-FF-1-4
3038352875035;R1-FF-1-4
3038350032195;R1-FF-1-4
3256223683798;R1-FF-1-4
3256223683835;R1-FF-1-4
3660992011834;R1-FF-1-4
3256223371725;R1-FF-1-4
3038359004544;R1-FF-1-4
3256228967213;R1-FF-1-4
3256228967084;R1-FF-1-4
3256223683804;R1-FF-1-4
8410066118090;R1-FF-1-4
3256220172844;R1-FF-1-4
3256228976000;R1-FF-1-4
3038359006456;R1-FF-1-4
3256223683828;R1-FF-1-4
3038359000782;R1-FF-1-4
3256226387679;R1-FF-1-4
3083680482042;R1-GG-1-1
3256223662120;R1-GG-1-1
3256222113036;R1-GG-1-1
3256222114002;R1-GG-1-1
3017800228548;R1-GG-1-1
3256222113210;R1-GG-1-1
3256220471923;R1-GG-1-1
3256222113425;R1-GG-1-1
3083681094282;R1-GG-1-1
3256222113005;R1-GG-1-1
3083681027860;R1-GG-1-1
3256222114415;R1-GG-1-1
3660992012053;R1-GG-1-1
3017800022016;R1-GG-1-1
3256220665711;R1-GG-1-1
3256220665704;R1-GG-1-1
3256222113203;R1-GG-1-1
3256220471930;R1-GG-1-1
3256226757106;R1-GG-1-1
3256220510592;R1-GG-1-1
3256222114446;R1-GG-1-1
3256222113319;R1-GG-1-1
3017800016862;R1-GG-1-1
3083680482066;R1-GG-1-1
3083680085335;R1-GG-1-1
3256222113593;R1-GG-1-1
3256222113012;R1-GG-1-1
3083681094923;R1-GG-1-1
3256222114019;R1-GG-1-1
3083680481991;R1-GG-1-1
3256222114422;R1-GG-1-1
3083681057843;R1-GG-1-1
3083681095319;R1-GG-1-1
3083680085311;R1-GG-1-1
3256222113302;R1-GG-1-1
3256226080815;R1-GG-1-2
3256221134766;R1-GG-1-2
8711200547982;R1-GG-1-2
3256221134759;R1-GG-1-2
3256226755058;R1-GG-1-2
3660992011780;R1-GG-1-2
8712566145003;R1-GG-1-2
3250546095238;R1-GG-1-2
3256221209440;R1-GG-1-2
3256225164394;R1-GG-1-2
3256221411010;R1-GG-1-2
3083681127850;R1-GG-1-2
3017800075838;R1-GG-1-2
3660992011742;R1-GG-1-2
3256220112215;R1-GG-1-2
3083680015370;R1-GG-1-2
8720182556738;R1-GG-1-2
3256221209433;R1-GG-1-2
8711200464302;R1-GG-1-2
3660992011759;R1-GG-1-2
3256221411003;R1-GG-1-2
8722700125174;R1-GG-1-2
3017233002005;R1-GG-1-2
4012200040263;R1-GG-1-2
8720182460042;R1-GG-1-2
3250541920139;R1-GG-1-2
8712100514036;R1-GG-1-2
3256225736430;R1-GG-1-2
3011360030498;R1-GG-1-2
8720182460721;R1-GG-1-2
3256225052622;R1-GG-1-2
3256222113661;R1-GG-1-2
3256222113715;R1-GG-1-2
3256225164332;R1-GG-1-2
3256228673701;R1-GG-1-2
8711200460786;R1-GG-1-2
3256226395483;R1-GG-1-2
8711200552795;R1-GG-1-2
3256221209457;R1-GG-1-2
8711200548002;R1-GG-1-2
3256227458965;R1-GG-1-2
3256221412017;R1-GG-1-2
3256225164387;R1-GG-1-2
3256222113586;R1-GG-1-2
8712566246526;R1-GG-1-2
3011360030474;R1-GG-1-2
3183280000964;R1-GG-1-3
3256221412185;R1-GG-1-3
3660992011827;R1-GG-1-3
3256226395506;R1-GG-1-3
3660992018963;R1-GG-1-3
3256225454969;R1-GG-1-3
3261840000026;R1-GG-1-3
3256228686695;R1-GG-1-3
87157215;R1-GG-1-3
3183280012875;R1-GG-1-3
3256225735808;R1-GG-1-3
3250541913629;R1-GG-1-3
3256225735792;R1-GG-1-3
3256227447914;R1-GG-1-3
3263670113815;R1-GG-1-3
3256227766138;R1-GG-1-3
7613032946142;R1-GG-1-3
3256225454976;R1-GG-1-3
3256228967206;R1-GG-1-3
3256221450385;R1-GG-1-3
3256220170314;R1-GG-1-3
3019081238643;R1-GG-1-3
3019081239879;R1-GG-1-3
8718114807980;R1-GG-1-3
8722700113348;R1-GG-1-3
4012200032947;R1-GG-1-3
3256229273436;R1-GG-1-3
7613036891530;R1-GG-1-3
3256226399672;R1-GG-1-3
3183280012837;R1-GG-1-3
3256228924896;R1-GG-1-3
8722700114703;R1-GG-1-3
8712100751370;R1-GG-1-3
3660992011735;R1-GG-1-3
3250546694073;R1-GG-1-3
3256222973180;R1-GG-1-3
3256222215143;R1-GG-1-3
3183280001800;R1-GG-1-3
3368958404163;R1-GG-1-3
3165950217094;R1-GG-1-3
3256221135336;R1-GG-1-3
3368958404156;R1-GG-1-3
3256222819785;R1-GG-1-3
3256222240480;R1-GG-1-3
8715700421353;R1-GG-1-3
3038359011344;R1-GG-1-4
3256228957795;R1-GG-1-4
3038359011429;R1-GG-1-4
3256220170093;R1-GG-1-4
3256225454945;R1-GG-1-4
8076809535755;R1-GG-1-4
3038354199603;R1-GG-1-4
3256224061663;R1-GG-1-4
3038359004582;R1-GG-1-4
8076809523547;R1-GG-1-4
3038359007651;R1-GG-1-4
3660992021444;R1-GG-1-4
3256229431904;R1-GG-1-4
3038359011412;R1-GG-1-4
3256225454952;R1-GG-1-4
3165957058010;R1-GG-1-4
3660992012145;R1-GG-1-4
3256220205795;R1-GG-1-4
3256224061595;R1-GG-1-4
3256224061670;R1-GG-1-4
3256222215129;R1-GG-1-4
3038359007644;R1-GG-1-4
8076809513722;R1-GG-1-4
3038359011450;R1-GG-1-4
3256223375549;R1-GG-1-4
3256224061489;R1-GG-1-4
3256221310542;R1-GG-1-4
3256227750632;R1-GG-1-4
3256227750625;R1-GG-1-4
3256228957771;R1-GG-1-4
3038359010514;R1-GG-1-4
3256224061601;R1-GG-1-4
3660992012121;R1-GG-1-4
3256220126694;R1-GG-1-4
3256223057506;R1-GG-1-4
8076809513753;R1-GG-1-4
8002270044892;R1-GV-1-1-1
3068320120263;R1-GV-1-1-1
3254381055501;R1-GV-1-1-2
3057640262128;R1-GV-1-1-2
3256221095197;R1-GV-1-1-2
3256223510032;R1-GV-1-1-3
3257971091316;R1-GV-1-1-3
3179730115838;R1-GV-1-1-4
8445291061149;R1-GV-1-1-4
5449000267467;R1-GV-1-1-5
5449000283900;R1-GV-1-1-5
5000112611861;R1-GV-1-1-5
3254382025886;R1-GV-1-2
3254381204312;R1-GV-1-2
3254381008439;R1-GV-1-2
3256225736331;R1-GV-1-3
3256228410955;R1-GV-1-3
3256222805245;R1-GV-1-3
3256228410931;R1-GV-1-3
3660992016396;R1-GV-1-3
3080216054230;R1-GV-1-4
3261570006121;R1-GV-1-4
5410228307235;R1-GV-1-4
5410228280538;R1-GV-1-4
3119780268382;R1-GV-1-4
3080216050652;R1-GV-1-4
3119780268368;R1-GV-1-4
3119780250080;R1-GV-1-4
3119780268276;R1-GV-1-4
3173980044115;R1-GV-1-5
3256225425617;R1-GV-1-5
3256224234562;R1-GV-1-5
3256224234494;R1-GV-1-5
4008429694608;R1-GV-1-6
3256222645575;R1-GV-1-6
7322540819342;R1-GV-1-6
3256224068167;R1-GV-1-7
3256224068150;R1-GV-1-7
5601028030281;R1-GV-1-7
3256221949582;R1-GV-1-8
3256226756062;R1-GV-1-8
3256220856980;R1-GV-1-8
3256220274319;R1-HH-1-1
7613035040793;R1-HH-1-1
7613035366749;R1-HH-1-1
8000500290392;R1-HH-1-1
7622210720566;R1-HH-1-1
8000500290415;R1-HH-1-1
3046920027885;R1-HH-1-1
8000500290484;R1-HH-1-1
8000500188620;R1-HH-1-1
3045140105106;R1-HH-1-1
8410076610737;R1-HH-1-1
7622210995087;R1-HH-1-1
3046920022651;R1-HH-1-1
3256222989761;R1-HH-1-1
3256220259576;R1-HH-1-1
7613035040823;R1-HH-1-1
3046920022606;R1-HH-1-1
4001686580332;R1-HH-1-1
5000159560863;R1-HH-1-1
3256224360667;R1-HH-1-1
3664346306584;R1-HH-1-1
7610700601624;R1-HH-1-1
8000500110683;R1-HH-1-1
3103220041468;R1-HH-1-1
3017760497398;R1-HH-1-1
3660992011544;R1-HH-1-1
3256220610452;R1-HH-1-1
3256220268363;R1-HH-1-1
4009900452229;R1-HH-1-1
5000159557702;R1-HH-1-1
3251490307002;R1-HH-1-1
3660992011391;R1-HH-1-2
3660992011445;R1-HH-1-2
3061990143563;R1-HH-1-2
8000500223369;R1-HH-1-2
3061990143365;R1-HH-1-2
3660992011490;R1-HH-1-2
3061990142214;R1-HH-1-2
3660992020904;R1-HH-1-2
3256225041404;R1-HH-1-2
3256220210454;R1-HH-1-2
7622210100917;R1-HH-1-2
3660992011438;R1-HH-1-2
3256220210461;R1-HH-1-2
3256220887854;R1-HH-1-2
3061990141101;R1-HH-1-2
7622210270078;R1-HH-1-2
8000500310427;R1-HH-1-2
3256229807105;R1-HH-1-2
3660992018185;R1-HH-1-2
3017760221597;R1-HH-1-2
7622300292508;R1-HH-1-2
3256229689428;R1-HH-1-2
8000500273883;R1-HH-1-2
3256229807112;R1-HH-1-2
3017760756198;R1-HH-1-3
7622300689124;R1-HH-1-3
7622210601988;R1-HH-1-3
3256220022712;R1-HH-1-3
7622210420213;R1-HH-1-3
5900951251818;R1-HH-1-3
3256229802124;R1-HH-1-3
3017760465496;R1-HH-1-3
3017760002905;R1-HH-1-3
7622210112262;R1-HH-1-3
3178530405804;R1-HH-1-3
3256224375548;R1-HH-1-3
7622210421999;R1-HH-1-3
3256229802148;R1-HH-1-3
3256229802131;R1-HH-1-3
7622210602015;R1-HH-1-3
3256229802025;R1-HH-1-3
3256229801943;R1-HH-1-3
3017760038379;R1-HH-1-3
3256229802117;R1-HH-1-3
3048282340602;R1-HH-1-3
3256225710102;R1-HH-1-3
7622210422026;R1-HH-1-3
3017760635295;R1-HH-1-3
3056440032696;R1-HH-1-3
3256228411037;R1-HH-1-4
3256224375500;R1-HH-1-4
7622210449283;R1-HH-1-4
7622210449276;R1-HH-1-4
3256220210102;R1-HH-1-4
3256229837751;R1-HH-1-4
3256220851220;R1-HH-1-4
7622210400598;R1-HH-1-4
3256220031080;R1-HH-1-4
3256226396251;R1-HH-1-4
3256220210423;R1-HH-1-4
7622210400574;R1-HH-1-4
7622210449931;R1-HH-1-4
7622201815516;R1-HH-1-4
3256220210058;R1-HH-1-4
3256220031097;R1-HH-1-4
3660140958752;R1-HH-1-4
3017760381598;R1-HH-1-4
3256220271325;R1-HH-1-4
3256224041535;R1-HH-1-4
7622210421968;R1-HH-1-4
7622201809638;R1-HH-1-4
5410126806069;R1-HH-1-4
3256229689480;R1-HH-1-4
5410041040807;R1-HH-1-4
8076809512268;R1-II-1-1
8076808050440;R1-II-1-1
8076800195057;R1-II-1-1
8008343200486;R1-II-1-1
8076800195033;R1-II-1-1
3660992011926;R1-II-1-1
8076808150072;R1-II-1-1
8076808140325;R1-II-1-1
8076809529433;R1-II-1-1
8076800105735;R1-II-1-1
8076809514439;R1-II-1-1
3660992011933;R1-II-1-1
8076809523509;R1-II-1-1
3256228673589;R1-II-1-1
3660992011919;R1-II-1-1
8076802085912;R1-II-1-1
8076809583367;R1-II-1-1
8076809523714;R1-II-1-1
8076800105056;R1-II-1-1
8076802085981;R1-II-1-1
3038350259806;R1-II-1-2
3038350339706;R1-II-1-2
3038350015006;R1-II-1-2
3038350014603;R1-II-1-2
3038350023605;R1-II-1-2
3038350013804;R1-II-1-2
3038350013606;R1-II-1-2
3038350023001;R1-II-1-2
3038350013002;R1-II-1-2
3038350025005;R1-II-1-2
3073190101250;R1-II-1-2
3038350013507;R1-II-1-2
3038350343604;R1-II-1-2
3038350333001;R1-II-1-2
3256221132557;R1-II-1-3
3256221111637;R1-II-1-3
3256220299053;R1-II-1-3
3256220298896;R1-II-1-3
3256221111958;R1-II-1-3
3256221135367;R1-II-1-3
3256221111781;R1-II-1-3
3256227108358;R1-II-1-3
3256221135350;R1-II-1-3
3256221111651;R1-II-1-3
3256221111774;R1-II-1-3
3256221111675;R1-II-1-3
3256221135381;R1-II-1-3
3256220298902;R1-II-1-3
3256228665966;R1-II-1-3
3256221111613;R1-II-1-3
3256221111767;R1-II-1-3
3165433714010;R1-JJ-1-1
3165430520003;R1-JJ-1-1
3256221011005;R1-JJ-1-1
3165432100005;R1-JJ-1-1
3165433864012;R1-JJ-1-1
3165430421300;R1-JJ-1-1
3660992011599;R1-JJ-1-1
3165430501002;R1-JJ-1-1
3256221011012;R1-JJ-1-1
3256227732805;R1-JJ-1-1
3256225435036;R1-JJ-1-1
3256227732829;R1-JJ-1-1
3068110702235;R1-JJ-1-1
3660992011605;R1-JJ-1-1
3660992011582;R1-JJ-1-1
3165433724019;R1-JJ-1-1
8852018101017;R1-JJ-1-2
3256225731954;R1-JJ-1-2
3256220367981;R1-JJ-1-2
3256225731992;R1-JJ-1-2
3256225055296;R1-JJ-1-2
3165440007808;R1-JJ-1-2
8712100724572;R1-JJ-1-2
46000815213;R1-JJ-1-2
3256225731893;R1-JJ-1-2
8852018101147;R1-JJ-1-2
3256220840101;R1-JJ-1-2
3256229266568;R1-JJ-1-2
3256225269044;R1-JJ-1-2
3256220280099;R1-JJ-1-2
3011360004420;R1-JJ-1-2
3256223377413;R1-JJ-1-2
3256223366707;R1-JJ-1-2
3256224809746;R1-JJ-1-2
8712100338694;R1-JJ-1-2
3256225427888;R1-JJ-1-2
3068110801235;R1-JJ-1-2
3256220280167;R1-JJ-1-2
3220035175000;R1-JJ-1-2
3256226383343;R1-JJ-1-2
3256229536234;R1-JJ-1-2
8852018101024;R1-JJ-1-2
3256225134656;R1-JJ-1-2
3256220270571;R1-JJ-1-2
3256225269037;R1-JJ-1-2
3421557910203;R1-JJ-1-3
8410076472953;R1-JJ-1-3
3256225148370;R1-JJ-1-3
3256229138018;R1-JJ-1-3
3256228686619;R1-JJ-1-3
3168930009078;R1-JJ-1-3
3256220666466;R1-JJ-1-3
8410076472946;R1-JJ-1-3
3256220666510;R1-JJ-1-3
3229820019307;R1-JJ-1-3
8886303210238;R1-JJ-1-3
3256220172516;R1-KK-1-1
3608580140559;R1-KK-1-1
3256229540477;R1-KK-1-1
3017620421006;R1-KK-1-1
3660992011070;R1-KK-1-1
3256222010014;R1-KK-1-1
3256222010007;R1-KK-1-1
8052575090278;R1-KK-1-1
3017620425035;R1-KK-1-1
3256229878242;R1-KK-1-1
3256225434947;R1-KK-1-1
3608580823445;R1-KK-1-1
3608580758686;R1-KK-1-1
8052575090254;R1-KK-1-1
3256220851114;R1-KK-1-1
8052575090230;R1-KK-1-1
3256226384296;R1-KK-1-1
3256229540484;R1-KK-1-1
3664346312936;R1-KK-1-1
80861263;R1-KK-1-1
3256228437921;R1-KK-1-1
3256229540491;R1-KK-1-1
3017620422003;R1-KK-1-1
3182180001477;R1-KK-1-2
3256221094428;R1-KK-1-2
3182180002115;R1-KK-1-2
7622210713902;R1-KK-1-2
3182180000692;R1-KK-1-2
3256224375494;R1-KK-1-2
3256220020527;R1-KK-1-2
3256222977058;R1-KK-1-2
3041090061615;R1-KK-1-2
7300400481588;R1-KK-1-2
3256221094411;R1-KK-1-2
7622210713803;R1-KK-1-2
3041090061646;R1-KK-1-2
3256224375487;R1-KK-1-2
3017760306492;R1-KK-1-2
3041090063206;R1-KK-1-3
3256221979138;R1-KK-1-3
3256220661218;R1-KK-1-3
3256220110204;R1-KK-1-3
3256228319692;R1-KK-1-3
3256229386563;R1-KK-1-3
3045320083446;R1-KK-1-3
3017760719490;R1-KK-1-3
3182180001996;R1-KK-1-3
3041090063114;R1-KK-1-3
3256228415240;R1-KK-1-3
3660992012244;R1-KK-1-3
3256225722075;R1-KK-1-3
7622210416681;R1-KK-1-3
3256221976632;R1-KK-1-3
3182180002092;R1-KK-1-3
3256229386570;R1-KK-1-3
3017760542890;R1-KK-1-3
3256228103918;R1-KK-1-3
3256224763482;R1-KK-1-4
3256221980837;R1-KK-1-4
3660992012220;R1-KK-1-4
3021762420148;R1-KK-1-4
3256225718665;R1-KK-1-4
3660992012237;R1-KK-1-4
3256225718658;R1-KK-1-4
3256229521735;R1-KK-1-4
3608580006015;R1-KK-1-4
3045320517101;R1-KK-1-4
3021762512522;R1-KK-1-4
3021760291375;R1-KK-1-4
3256220179980;R1-KK-1-4
3256229522268;R1-KK-1-4
3021761202974;R1-KK-1-4
3021762420124;R1-KK-1-4
3045320076127;R1-KK-1-4
3045320083453;R1-KK-1-4
3700279306861;R1-KK-1-4
3256225042432;R1-KK-1-4
3256225041534;R1-KK-1-4
3021760290422;R1-KK-1-4
3021762412464;R1-KK-1-4
3256225042449;R1-KK-1-4
3033710071005;R1-LL-1-1
3187570015447;R1-LL-1-1
8711000500316;R1-LL-1-1
8000070200289;R1-LL-1-1
8711000892114;R1-LL-1-1
3256220310895;R1-LL-1-1
3033710076017;R1-LL-1-1
7613033174667;R1-LL-1-1
3228470065177;R1-LL-1-1
8000070200340;R1-LL-1-1
8711000539972;R1-LL-1-1
8711000539798;R1-LL-1-1
3228470065214;R1-LL-1-1
3256220321372;R1-LL-1-1
3256220065849;R1-LL-1-1
8711000363706;R1-LL-1-1
3368959873548;R1-LL-1-1
3368959873289;R1-LL-1-1
3368959608799;R1-LL-1-1
8711000892091;R1-LL-1-1
3033710073467;R1-LL-1-1
8711000300008;R1-LL-1-1
8711000612293;R1-LL-1-1
7613034227775;R1-LL-1-1
3256227728266;R1-LL-1-1
8445290872036;R1-LL-1-1
8000070200326;R1-LL-1-1
7613032655495;R1-LL-1-1
3256220118460;R1-LL-1-2
3261341001744;R1-LL-1-2
3034470003107;R1-LL-1-2
7613035001848;R1-LL-1-2
7613035449626;R1-LL-1-2
8445290133403;R1-LL-1-2
7613031794331;R1-LL-1-2
3256220871334;R1-LL-1-2
3256220063876;R1-LL-1-2
7613038902166;R1-LL-1-2
7613037788228;R1-LL-1-2
3387390019995;R1-LL-1-2
7613032568436;R1-LL-1-2
3256220041997;R1-LL-1-2
5059319025797;R1-LL-1-2
3660992011148;R1-LL-1-2
8711000468128;R1-LL-1-2
8000070201422;R1-LL-1-2
8445290503206;R1-LL-1-2
3256220113519;R1-LL-1-2
5053827199667;R1-LL-1-2
3256223669075;R1-LL-1-2
3256223196847;R1-LL-1-2
3168930010890;R1-LL-1-3
3256224060697;R1-LL-1-3
5050083535079;R1-LL-1-3
3256220394079;R1-LL-1-3
5059319023762;R1-LL-1-3
5050083542411;R1-LL-1-3
3256220394086;R1-LL-1-3
3256224357995;R1-LL-1-3
3168930010906;R1-LL-1-3
5053827199568;R1-LL-1-3
3256224124887;R1-LL-1-3
7613031508488;R1-LL-1-3
3256229256651;R1-LL-1-3
7613031915095;R1-LL-1-3
3256220450140;R1-LL-1-3
3159470000120;R1-LL-1-3
3256227748738;R1-MM-1-1
3256227752599;R1-MM-1-1
3256228119667;R1-MM-1-1
3256227892448;R1-MM-1-1
8718951478800;R1-MM-1-1
3256220291897;R1-MM-1-1
3660992016068;R1-MM-1-1
3450601047190;R1-MM-1-1
3256227892417;R1-MM-1-1
3256225152216;R1-MM-1-1
3256227744846;R1-MM-1-1
3011610056377;R1-MM-1-1
3256229921016;R1-MM-1-1
3256225152100;R1-MM-1-1
3256229544550;R1-MM-1-2
3256226396770;R1-MM-1-2
3256228431691;R1-MM-1-2
3045206313254;R1-MM-1-2
3256229230743;R1-MM-1-2
3256220358613;R1-MM-1-2
3660992016136;R1-MM-1-2
3045206300001;R1-MM-1-2
3256222652511;R1-MM-1-2
3256225166008;R1-MM-1-2
3256220644327;R1-MM-1-2
3256220644402;R1-MM-1-2
3178041303545;R1-MM-1-2
3665468200545;R1-MM-1-2
3660992016167;R1-MM-1-2
3256227741890;R1-MM-1-2
3256225134540;R1-MM-1-3
8720181416316;R1-MM-1-3
3256225471102;R1-MM-1-3
3015810589284;R1-MM-1-3
3286010046741;R1-MM-1-3
3574661701028;R1-MM-1-3
3660992012695;R1-MM-1-3
3256226756338;R1-MM-1-3
3011261030962;R1-MM-1-3
8718951612303;R1-MM-1-3
3256220177689;R1-MM-1-3
3256220062626;R1-MM-1-3
3014230002076;R1-MM-1-3
3014230002601;R1-MM-1-3
8712561122924;R1-MM-1-3
8712561384261;R1-MM-1-3
3256225133963;R1-MM-1-3
3574661700878;R1-MM-1-3
5029053579276;R1-NN-1-1
3660992012800;R1-NN-1-1
3256226397166;R1-NN-1-1
3256221979084;R1-NN-1-1
3256227554773;R1-NN-1-1
3256225110810;R1-NN-1-1
3133200153102;R1-NN-1-1
3256224060963;R1-NN-1-1
3256221415599;R1-NN-1-1
3256223682098;R1-NN-1-2
3256225447114;R1-NN-1-2
7322541086507;R1-NN-1-2
3256226755577;R1-NN-1-2
3256221135077;R1-NN-1-2
3256229709386;R1-NN-1-2
3256225472123;R1-NN-1-2
3256221135732;R1-NN-1-2
3256225013029;R1-NN-1-2
3660992017096;R1-NN-1-2
3286018000318;R1-NN-1-2
3256228431677;R1-NN-1-2
3256227766589;R1-NN-1-2
3256227455759;R1-NN-1-2
3660992017034;R1-NN-1-2
3660992017041;R1-NN-1-2
3256229709348;R1-NN-1-2
3059944117951;R1-NN-1-2
3660992017065;R1-NN-1-2
3256224757214;R1-NN-1-3
3256228808622;R1-NN-1-3
3660992017072;R1-NN-1-3
3256225444755;R1-NN-1-3
3660992017089;R1-NN-1-3
3256220272780;R1-NN-1-3
3256228808615;R1-NN-1-3
3256225444779;R1-NN-1-3
3291918010206;R1-NN-1-3
3660992017058;R1-NN-1-3
3168930000983;R1-OO-1-1
3256224757511;R1-OO-1-1
3256221212266;R1-OO-1-1
3168930001911;R1-OO-1-1
3336971609018;R1-OO-1-1
3256227463525;R1-OO-1-1
3256227463440;R1-OO-1-1
3168930007906;R1-OO-1-1
3256227479359;R1-OO-1-1
3256220066143;R1-OO-1-1
3256221212204;R1-OO-1-1
3256221212228;R1-OO-1-1
3256225733705;R1-OO-1-1
3256221212297;R1-OO-1-1
3168930006152;R1-OO-1-1
3336971307020;R1-OO-1-1
3256225733699;R1-OO-1-1
3256224757535;R1-OO-1-1
3256224757528;R1-OO-1-1
7622210634665;R1-OO-1-1
3256220359993;R1-OO-1-1
3336971409151;R1-OO-1-1
3660992011261;R1-OO-1-2
5053990155354;R1-OO-1-2
3256222642420;R1-OO-1-2
3017760459594;R1-OO-1-2
5410041143508;R1-OO-1-2
3256224365891;R1-OO-1-2
3256227463457;R1-OO-1-2
3027030007622;R1-OO-1-2
3256220514644;R1-OO-1-2
3256224069096;R1-OO-1-2
3327271903746;R1-OO-1-2
5410041001204;R1-OO-1-2
3256224371410;R1-OO-1-2
3168930006145;R1-OO-1-2
3256221498240;R1-OO-1-2
3017760361194;R1-OO-1-2
3018930004903;R1-OO-1-2
3256221220223;R1-OO-1-2
3168930000990;R1-OO-1-2
3061994430003;R1-OO-1-2
7622202023958;R1-OO-1-2
3182180002306;R1-OO-1-2
7622210634658;R1-OO-1-3
3256221498462;R1-OO-1-3
3256220071529;R1-OO-1-3
5053990156009;R1-OO-1-3
3256227463488;R1-OO-1-3
3256220728683;R1-OO-1-3
3336970711064;R1-OO-1-3
3256221952254;R1-OO-1-3
5000396021202;R1-OO-1-3
7622202023989;R1-OO-1-3
3327271206915;R1-OO-1-3
3256221498417;R1-OO-1-3
7622210652478;R1-OO-1-3
7622202027154;R1-OO-1-3
3336971110170;R1-PP-1-1
3497917000303;R1-PP-1-1
3497911101129;R1-PP-1-1
3168930167983;R1-PP-1-1
3256220363310;R1-PP-1-1
3256221011432;R1-PP-1-1
3168930171683;R1-PP-1-1
3256229529120;R1-PP-1-1
3497911105127;R1-PP-1-1
3168930168287;R1-PP-1-1
3256225059980;R1-PP-1-1
3497917000907;R1-PP-1-2
3256220267090;R1-PP-1-2
3336972109098;R1-PP-1-2
3336971209232;R1-PP-1-2
3256221661712;R1-PP-1-2
3256221011524;R1-PP-1-2
3336972109104;R1-PP-1-2
3497911119148;R1-PP-1-2
3497917000136;R1-PP-1-2
3336971805021;R1-PP-1-2
3256220360531;R1-PP-1-3
3256221659290;R1-PP-1-3
3256220360548;R1-PP-1-3
3256228976062;R1-PP-1-3
3017760459594;M2-AA-10-1
3017760595018;M2-AA-10-1
3017760667890;M2-AA-10-1
3116430201362;M2-AA-10-1
3256220081832;M2-AA-10-1
3256220081856;M2-AA-10-1
3256220514644;M2-AA-10-1
3256220661157;M2-AA-10-1
3256221220216;M2-AA-10-1
3256222642413;M2-AA-10-1
3256222642451;M2-AA-10-1
3256224069089;M2-AA-10-1
3256224069096;M2-AA-10-1
3256224071396;M2-AA-10-1
3256224365891;M2-AA-10-1
3256225722143;M2-AA-10-1
3256229161863;M2-AA-10-1
3256229234130;M2-AA-10-1
3256229885110;M2-AA-10-1
3256229885127;M2-AA-10-1
3368950587819;M2-AA-10-1
3368950594312;M2-AA-10-1
3535800012856;M2-AA-10-1
5410041001204;M2-AA-10-1
5410041143508;M2-AA-10-1
5410041339000;M2-AA-10-1
5410041472509;M2-AA-10-1
7622201685003;M2-AA-10-1
7622210464637;M2-AA-10-1
7622300571351;M2-AA-10-1
8710412002180;M2-AA-10-1
3018930004903;M2-AA-10-2
3018930004934;M2-AA-10-2
3018930005177;M2-AA-10-2
3018930012236;M2-AA-10-2
3018930047757;M2-AA-10-2
3027030007622;M2-AA-10-2
3027030011766;M2-AA-10-2
3027030012084;M2-AA-10-2
3027030025039;M2-AA-10-2
3256220081863;M2-AA-10-2
3256220081870;M2-AA-10-2
3256220866019;M2-AA-10-2
3256222242873;M2-AA-10-2
3256222642420;M2-AA-10-2
3256222642468;M2-AA-10-2
3256222642475;M2-AA-10-2
3256224371403;M2-AA-10-2
3256224371410;M2-AA-10-2
3256224765431;M2-AA-10-2
3256225722150;M2-AA-10-2
3256228910417;M2-AA-10-2
3256229540415;M2-AA-10-2
3256229789388;M2-AA-10-2
3256229789401;M2-AA-10-2
3256229789418;M2-AA-10-2
3256229806290;M2-AA-10-2
3300085004267;M2-AA-10-2
3368954000147;M2-AA-10-2
3368954000154;M2-AA-10-2
3368954001533;M2-AA-10-2
3368954525633;M2-AA-10-2
3368954525640;M2-AA-10-2
3368954726580;M2-AA-10-2
3535800001560;M2-AA-10-2
3701239902543;M2-AA-10-2
3701239902666;M2-AA-10-2
3701239902680;M2-AA-10-2
3701239902703;M2-AA-10-2
3760122961876;M2-AA-10-2
3760122961883;M2-AA-10-2
3760122961937;M2-AA-10-2
3760122965546;M2-AA-10-2
3760122967434;M2-AA-10-2
3760122968837;M2-AA-10-2
7610058207714;M2-AA-10-2
7610058207738;M2-AA-10-2
7610058207752;M2-AA-10-2
7610058209596;M2-AA-10-2
7610216184000;M2-AA-10-2
7610216210464;M2-AA-10-2
7610216312007;M2-AA-10-2
7610216403026;M2-AA-10-2
7610216502118;M2-AA-10-2
7610216510236;M2-AA-10-2
7610216530234;M2-AA-10-2
3017239003884;M2-AA-10-3
3017239003891;M2-AA-10-3
3017239003921;M2-AA-10-3
3017239004119;M2-AA-10-3
3168930161349;M2-AA-10-3
3168930161400;M2-AA-10-3
3168930161431;M2-AA-10-3
3168930161462;M2-AA-10-3
3256220066037;M2-AA-10-3
3256220066150;M2-AA-10-3
3256220066198;M2-AA-10-3
3256220117180;M2-AA-10-3
3256220117197;M2-AA-10-3
3256220259552;M2-AA-10-3
3256220373913;M2-AA-10-3
3256220661249;M2-AA-10-3
3256221212280;M2-AA-10-3
3256221212297;M2-AA-10-3
3256221212341;M2-AA-10-3
3256222242859;M2-AA-10-3
3256222416007;M2-AA-10-3
3256222416021;M2-AA-10-3
3256225732159;M2-AA-10-3
3256225732166;M2-AA-10-3
3256225733699;M2-AA-10-3
3256225733705;M2-AA-10-3
3256226385385;M2-AA-10-3
3256226399535;M2-AA-10-3
3256226399559;M2-AA-10-3
3256226402464;M2-AA-10-3
3256226761820;M2-AA-10-3
3256227087509;M2-AA-10-3
3256227091353;M2-AA-10-3
3256227091360;M2-AA-10-3
3256227479359;M2-AA-10-3
3256229522077;M2-AA-10-3
3256229522091;M2-AA-10-3
3261830407002;M2-AA-10-3
3261830407019;M2-AA-10-3
3261830407026;M2-AA-10-3
3327271206816;M2-AA-10-3
3327271708693;M2-AA-10-3
3327271708716;M2-AA-10-3
3333160007112;M2-AA-10-3
3333160007136;M2-AA-10-3
3336970810019;M2-AA-10-3
3336970906026;M2-AA-10-3
3336971508090;M2-AA-10-3
3336971508106;M2-AA-10-3
3336971510048;M2-AA-10-3
3336972009022;M2-AA-10-3
3336972103034;M2-AA-10-3
3336972204038;M2-AA-10-3
3336972211036;M2-AA-10-3
3336972211067;M2-AA-10-3
3336972211074;M2-AA-10-3
3336972211081;M2-AA-10-3
3336972211098;M2-AA-10-3
3660992011261;M2-AA-10-3
3660992011285;M2-AA-10-3
4018077752605;M2-AA-10-3
4018077753206;M2-AA-10-3
4018077756276;M2-AA-10-3
3168930006213;M2-AA-10-4
3168930006220;M2-AA-10-4
3256220171137;M2-AA-10-4
3256220800716;M2-AA-10-4
3256221212204;M2-AA-10-4
3256221212228;M2-AA-10-4
3256221212266;M2-AA-10-4
3256221212303;M2-AA-10-4
3256224041382;M2-AA-10-4
3256224041399;M2-AA-10-4
3256224757511;M2-AA-10-4
3256224757528;M2-AA-10-4
3256224757535;M2-AA-10-4
3256225732104;M2-AA-10-4
3256225732128;M2-AA-10-4
3256225732142;M2-AA-10-4
3256229522084;M2-AA-10-4
3327271205550;M2-AA-10-4
3327271206915;M2-AA-10-4
3327271206922;M2-AA-10-4
3327271206939;M2-AA-10-4
3327271208322;M2-AA-10-4
3327271702417;M2-AA-10-4
3327271707986;M2-AA-10-4
3327271708006;M2-AA-10-4
3327271708013;M2-AA-10-4
3327271708709;M2-AA-10-4
3327272209168;M2-AA-10-4
3327272209175;M2-AA-10-4
3336971508069;M2-AA-10-4
3336971508083;M2-AA-10-4
3660992011278;M2-AA-10-4
3256220054386;M2-AA-10-5
3256220054416;M2-AA-10-5
3256221498240;M2-AA-10-5
3256221498417;M2-AA-10-5
3256221952254;M2-AA-10-5
3256221978711;M2-AA-10-5
3256223708996;M2-AA-10-5
3256225733781;M2-AA-10-5
3256225733798;M2-AA-10-5
3327271903746;M2-AA-10-5
3327271908574;M2-AA-10-5
3327271908581;M2-AA-10-5
3336972109067;M2-AA-10-5
3336972109074;M2-AA-10-5
3336972109081;M2-AA-10-5
3336972208012;M2-AA-10-5
3336972302062;M2-AA-10-5
3336972302079;M2-AA-10-5
3336972410026;M2-AA-10-5
4017100764004;M2-AA-10-5
5053990155354;M2-AA-10-5
5053990156009;M2-AA-10-5
5053990156061;M2-AA-10-5
5053990160037;M2-AA-10-5
5053990160075;M2-AA-10-5
5053990160112;M2-AA-10-5
5053990162703;M2-AA-10-5
5053990162765;M2-AA-10-5
5053990175888;M2-AA-10-5
3168930166047;M2-AA-10-6
3168930166078;M2-AA-10-6
3168930166108;M2-AA-10-6
3168930166139;M2-AA-10-6
3168930171881;M2-AA-10-6
3168930173199;M2-AA-10-6
3168930173229;M2-AA-10-6
3168930173250;M2-AA-10-6
3168930173311;M2-AA-10-6
3168930173373;M2-AA-10-6
3168930173403;M2-AA-10-6
3168930174189;M2-AA-10-6
3168930174219;M2-AA-10-6
3168930174240;M2-AA-10-6
3245550078674;M2-AA-10-6
3245550078681;M2-AA-10-6
3256220066143;M2-AA-10-6
3256220728683;M2-AA-10-6
3256220800723;M2-AA-10-6
3256220800778;M2-AA-10-6
3256222826110;M2-AA-10-6
3256225427260;M2-AA-10-6
3256226402099;M2-AA-10-6
3336971805038;M2-AA-10-6
3336972109098;M2-AA-10-6
3017760361194;M2-AA-10-7
3056440083193;M2-AA-10-7
3245550078704;M2-AA-10-7
3245550078964;M2-AA-10-7
3245550082527;M2-AA-10-7
3256221220223;M2-AA-10-7
3256226084493;M2-AA-10-7
3256227463501;M2-AA-10-7
3256227463525;M2-AA-10-7
3256227463532;M2-AA-10-7
3256227744167;M2-AA-10-7
3256227744174;M2-AA-10-7
3256229521964;M2-AA-10-7
3256229522008;M2-AA-10-7
3256229522015;M2-AA-10-7
3256229522022;M2-AA-10-7
3336971307020;M2-AA-10-7
3336971307044;M2-AA-10-7
3336971307051;M2-AA-10-7
3336971409151;M2-AA-10-7
3336971409168;M2-AA-10-7
3336971807025;M2-AA-10-7
3336971807032;M2-AA-10-7
3336972103027;M2-AA-10-7
3336972109104;M2-AA-10-7
3336972306015;M2-AA-10-7
3609200010054;M2-AA-10-7
3609200010726;M2-AA-10-7
3609200010733;M2-AA-10-7
3609200010986;M2-AA-10-7
3609200010993;M2-AA-10-7
3609200011006;M2-AA-10-7
3609200011013;M2-AA-10-7
7622202027154;M2-AA-10-7
3061994430003;M2-AA-10-8
3061994730004;M2-AA-10-8
3168930000976;M2-AA-10-8
3168930000983;M2-AA-10-8
3168930000990;M2-AA-10-8
3168930001003;M2-AA-10-8
3168930001911;M2-AA-10-8
3168930007142;M2-AA-10-8
3168930007654;M2-AA-10-8
3256220071529;M2-AA-10-8
3256221220179;M2-AA-10-8
3256221220407;M2-AA-10-8
3256221220421;M2-AA-10-8
3256224065555;M2-AA-10-8
3256227463433;M2-AA-10-8
3256227463488;M2-AA-10-8
3256227463518;M2-AA-10-8
3336971307037;M2-AA-10-8
3336971507154;M2-AA-10-8
4018077625107;M2-AA-10-8
3168930502005;M2-AA-10-9
3256220067034;M2-AA-10-9
3256220359993;M2-AA-10-9
3256222759173;M2-AA-10-9
3256224069119;M2-AA-10-9
3256227463426;M2-AA-10-9
3256227463440;M2-AA-10-9
3256227463457;M2-AA-10-9
3256227463495;M2-AA-10-9
3256228972279;M2-AA-10-9
3327271706293;M2-AA-10-9
3327271708723;M2-AA-10-9
3327271708730;M2-AA-10-9
3327271709140;M2-AA-10-9
3336970711057;M2-AA-10-9
3336970711064;M2-AA-10-9
3336970809037;M2-AA-10-9
3336971209133;M2-AA-10-9
3336971209140;M2-AA-10-9
3336971508014;M2-AA-10-9
3336971609018;M2-AA-10-9
3336971703143;M2-AA-10-9
3336971807056;M2-AA-10-9
3336972109128;M2-AA-10-9
3336972208036;M2-AA-10-9
3490941708795;M2-AA-10-9
3660992011209;M2-AA-10-9
3660992011216;M2-AA-10-9
3660992011223;M2-AA-10-9
3660992011230;M2-AA-10-9
3660992011247;M2-AA-10-9
7622202019074;M2-AA-10-9
7622202019524;M2-AA-10-9
7622210634658;M2-AA-10-9
7622210634665;M2-AA-10-9
7622210652478;M2-AA-10-9
7622210652515;M2-AA-10-9
3119073510259;M2-AA-11-1
3119073510273;M2-AA-11-1
3119073510280;M2-AA-11-1
3119073510297;M2-AA-11-1
3119073510303;M2-AA-11-1
3119073510617;M2-AA-11-1
3119073510624;M2-AA-11-1
3119073510631;M2-AA-11-1
3119073510648;M2-AA-11-1
3119079510260;M2-AA-11-1
3551720206212;M2-AA-11-1
3551720206717;M2-AA-11-1
3551720206823;M2-AA-11-1
3551720206854;M2-AA-11-1
3760205590009;M2-AA-11-1
3760205593338;M2-AA-11-1
3760205598654;M2-AA-11-1
3770028518005;M2-AA-11-1
3770028518012;M2-AA-11-1
3770028518043;M2-AA-11-1
0000042099017;M2-AA-11-1
5060335632302;M2-AA-11-1
5060335632357;M2-AA-11-1
5060335634184;M2-AA-11-1
5060335635808;M2-AA-11-1
5060517885526;M2-AA-11-1
5060517889852;M2-AA-11-1
5060639127078;M2-AA-11-1
5060639127108;M2-AA-11-1
5060751213727;M2-AA-11-1
5060896620817;M2-AA-11-1
5060896624280;M2-AA-11-1
5060896625379;M2-AA-11-1
5060947549753;M2-AA-11-1
5061013944779;M2-AA-11-1
0000054023857;M2-AA-11-1
0000054492653;M2-AA-11-1
6430056289724;M2-AA-11-1
6430056289731;M2-AA-11-1
8445291046856;M2-AA-11-1
8445291120310;M2-AA-11-1
8445291121133;M2-AA-11-1
9002490100490;M2-AA-11-1
9002490200381;M2-AA-11-1
9002490205973;M2-AA-11-1
9002490210717;M2-AA-11-1
9002490210779;M2-AA-11-1
9002490214951;M2-AA-11-1
9002490219567;M2-AA-11-1
9002490233655;M2-AA-11-1
9002490246594;M2-AA-11-1
9002490246624;M2-AA-11-1
9002490255176;M2-AA-11-1
9002490255916;M2-AA-11-1
9002490263195;M2-AA-11-1
9002490278151;M2-AA-11-1
9002490278199;M2-AA-11-1
9002490278311;M2-AA-11-1
3168930171317;M2-AA-1-1
3215190015575;M2-AA-1-1
3256228678058;M2-AA-1-1
3338480001475;M2-AA-1-1
3338480020544;M2-AA-1-1
3459131900012;M2-AA-1-1
3488300000031;M2-AA-1-1
3512670137759;M2-AA-1-1
3760017480017;M2-AA-1-1
3760039737632;M2-AA-1-1
3760064180502;M2-AA-1-1
3760077010001;M2-AA-1-1
3760078215412;M2-AA-1-1
3760136860028;M2-AA-1-1
3760184680036;M2-AA-1-1
3760184680043;M2-AA-1-1
3760184680098;M2-AA-1-1
3760195700020;M2-AA-1-1
3760195700044;M2-AA-1-1
3148591901263;M2-AA-1-10
3175520018778;M2-AA-1-10
3211203433220;M2-AA-1-10
3211209140146;M2-AA-1-10
3256220544085;M2-AA-1-10
3256220870436;M2-AA-1-10
3256221422115;M2-AA-1-10
3259866154106;M2-AA-1-10
3262151637758;M2-AA-1-10
3348008811547;M2-AA-1-10
3348008842091;M2-AA-1-10
3348008842336;M2-AA-1-10
3412911017973;M2-AA-1-10
3423290193660;M2-AA-1-10
3423290207282;M2-AA-1-10
3429679941150;M2-AA-1-10
3459181256756;M2-AA-1-10
3500610049354;M2-AA-1-10
3534840016503;M2-AA-1-10
3700387091062;M2-AA-1-10
3760007677960;M2-AA-1-10
3760052854064;M2-AA-1-10
3770016547000;M2-AA-1-10
3159567000439;M2-AA-1-11
3211209130109;M2-AA-1-11
3211209133759;M2-AA-1-11
3256220659185;M2-AA-1-11
3256220660747;M2-AA-1-11
3256220856812;M2-AA-1-11
3256220857581;M2-AA-1-11
3258691620848;M2-AA-1-11
3258691639680;M2-AA-1-11
3300780006023;M2-AA-1-11
3303292909677;M2-AA-1-11
3394150052802;M2-AA-1-11
3412911026548;M2-AA-1-11
3412911030903;M2-AA-1-11
3438910864158;M2-AA-1-11
3553270212071;M2-AA-1-11
3700830301571;M2-AA-1-11
3700830302394;M2-AA-1-11
3760036910298;M2-AA-1-11
3760077990389;M2-AA-1-11
3760188379318;M2-AA-1-11
3057640379048;M2-AA-11-2
3057640380778;M2-AA-11-2
3057640405938;M2-AA-11-2
3057640422843;M2-AA-11-2
3057640430343;M2-AA-11-2
3057640431173;M2-AA-11-2
3057640467233;M2-AA-11-2
3057640467578;M2-AA-11-2
3057640508813;M2-AA-11-2
3057640513428;M2-AA-11-2
3057640580833;M2-AA-11-2
3057640581243;M2-AA-11-2
3057640592133;M2-AA-11-2
3057640606403;M2-AA-11-2
3254381047988;M2-AA-11-2
3254381047995;M2-AA-11-2
3254381048008;M2-AA-11-2
3254381058717;M2-AA-11-2
3256220060295;M2-AA-11-2
3256220060318;M2-AA-11-2
3256223510391;M2-AA-11-2
3256223510421;M2-AA-11-2
3256227742682;M2-AA-11-2
3256227742699;M2-AA-11-2
3256229292635;M2-AA-11-2
3256229292642;M2-AA-11-2
3256229292659;M2-AA-11-2
7613036731607;M2-AA-11-2
7613287134295;M2-AA-11-2
8445290563637;M2-AA-11-2
8445290563699;M2-AA-11-2
2000000909592;M2-AA-1-12
3192040375501;M2-AA-1-12
3211201039523;M2-AA-1-12
3211209133452;M2-AA-1-12
3211209133698;M2-AA-1-12
3256220857628;M2-AA-1-12
3263070048779;M2-AA-1-12
3277034611961;M2-AA-1-12
3303293102084;M2-AA-1-12
3344200002943;M2-AA-1-12
3348008829962;M2-AA-1-12
3348008831019;M2-AA-1-12
3348008831156;M2-AA-1-12
3364610053991;M2-AA-1-12
3453521211955;M2-AA-1-12
3455441548500;M2-AA-1-12
3475290013196;M2-AA-1-12
3500610081705;M2-AA-1-12
3520727514507;M2-AA-1-12
3523151320195;M2-AA-1-12
3571960008681;M2-AA-1-12
3612179500396;M2-AA-1-12
3663979002733;M2-AA-1-12
3700114605357;M2-AA-1-12
3700218314469;M2-AA-1-12
3700387096081;M2-AA-1-12
3701172708097;M2-AA-1-12
3760056380286;M2-AA-1-12
3770003372639;M2-AA-1-12
3068320105192;M2-AA-11-3
3068320105222;M2-AA-11-3
3068320118420;M2-AA-11-3
3068320118437;M2-AA-11-3
3068320118444;M2-AA-11-3
3068320118451;M2-AA-11-3
3068320123424;M2-AA-11-3
3068320130132;M2-AA-11-3
3068320130170;M2-AA-11-3
3068320132211;M2-AA-11-3
3068320132259;M2-AA-11-3
3068320132297;M2-AA-11-3
3256225433186;M2-AA-11-3
3256225433193;M2-AA-11-3
3256225718474;M2-AA-11-3
3256225718481;M2-AA-11-3
8445291038035;M2-AA-11-3
8445291038066;M2-AA-11-3
8445291038097;M2-AA-11-3
8445291038158;M2-AA-11-3
8445291045934;M2-AA-11-3
8445291045972;M2-AA-11-3
8445291046054;M2-AA-11-3
8445291046382;M2-AA-11-3
8445291046573;M2-AA-11-3
8445291061910;M2-AA-11-3
2000000909653;M2-AA-1-13
3211209134886;M2-AA-1-13
3251092018191;M2-AA-1-13
3256220367523;M2-AA-1-13
3256223379769;M2-AA-1-13
3263070049301;M2-AA-1-13
3272860030504;M2-AA-1-13
3378281152006;M2-AA-1-13
3397255010104;M2-AA-1-13
3412951400322;M2-AA-1-13
3438081118012;M2-AA-1-13
3438910864950;M2-AA-1-13
3438910865193;M2-AA-1-13
3438910865827;M2-AA-1-13
3438910866657;M2-AA-1-13
3450301152958;M2-AA-1-13
3453521217513;M2-AA-1-13
3453521235784;M2-AA-1-13
3453523111055;M2-AA-1-13
3700446561147;M2-AA-1-13
3760020096748;M2-AA-1-13
3760020113698;M2-AA-1-13
3760020113896;M2-AA-1-13
3760145421401;M2-AA-1-13
3760172712145;M2-AA-1-13
3760211000660;M2-AA-1-13
3760280781842;M2-AA-1-13
3760290642744;M2-AA-1-13
8002270446764;M2-AA-11-4
8002270506796;M2-AA-11-4
8002270686665;M2-AA-11-4
8002270756832;M2-AA-11-4
8002270776816;M2-AA-11-4
8002270796838;M2-AA-11-4
8002270846823;M2-AA-11-4
8002270856839;M2-AA-11-4
8002270936760;M2-AA-11-4
8002270946776;M2-AA-11-4
8445291046849;M2-AA-11-4
8445291047082;M2-AA-11-4
8445291135901;M2-AA-11-4
8445291135932;M2-AA-11-4
2000000909707;M2-AA-1-14
3263070046553;M2-AA-1-14
3263070048977;M2-AA-1-14
3263070049318;M2-AA-1-14
3263070049332;M2-AA-1-14
3296341018102;M2-AA-1-14
3339011866013;M2-AA-1-14
3364420076623;M2-AA-1-14
3430430008487;M2-AA-1-14
3453521203189;M2-AA-1-14
3661419109202;M2-AA-1-14
3663979003327;M2-AA-1-14
3663979003365;M2-AA-1-14
3701034101387;M2-AA-1-14
3760172712657;M2-AA-1-14
3760211001711;M2-AA-1-14
3068320132365;M2-AA-11-6
3068320132396;M2-AA-11-6
3176780038223;M2-AA-1-2
3215190002087;M2-AA-1-2
3245370821092;M2-AA-1-2
3256220657495;M2-AA-1-2
3256220870412;M2-AA-1-2
3466860060108;M2-AA-1-2
3471220212011;M2-AA-1-2
3510170013047;M2-AA-1-2
3541567509188;M2-AA-1-2
3760005360468;M2-AA-1-2
3760024131186;M2-AA-1-2
3760031030021;M2-AA-1-2
3760031030090;M2-AA-1-2
3760069460302;M2-AA-1-2
3760088150093;M2-AA-1-2
3760169580450;M2-AA-1-2
3760169580801;M2-AA-1-2
3760169580979;M2-AA-1-2
3760270620038;M2-AA-1-2
3014400008785;M2-AA-12-1
3138670020015;M2-AA-12-1
3138670244503;M2-AA-12-1
3138670244701;M2-AA-12-1
3138670244909;M2-AA-12-1
3138670344203;M2-AA-12-1
3138670344401;M2-AA-12-1
3138670344609;M2-AA-12-1
3163937310004;M2-AA-12-1
3256224876786;M2-AA-12-1
3256224876830;M2-AA-12-1
3256224876984;M2-AA-12-1
3256224877134;M2-AA-12-1
3263280122047;M2-AA-12-1
5010327655642;M2-AA-12-1
5060116320787;M2-AA-12-1
7630040403665;M2-AA-12-1
7630040403689;M2-AA-12-1
8410261151243;M2-AA-12-1
8410261151625;M2-AA-12-1
8410702005012;M2-AA-12-1
3215190004074;M2-AA-1-3
3256220653268;M2-AA-1-3
3256220657822;M2-AA-1-3
3256227455544;M2-AA-1-3
3256227455568;M2-AA-1-3
3256227455582;M2-AA-1-3
3257650086428;M2-AA-1-3
3257650086534;M2-AA-1-3
3258880857031;M2-AA-1-3
3436730005201;M2-AA-1-3
3436730006208;M2-AA-1-3
3436730008202;M2-AA-1-3
3436730018201;M2-AA-1-3
3464670010955;M2-AA-1-3
3471220250013;M2-AA-1-3
3480370000560;M2-AA-1-3
3493399011912;M2-AA-1-3
3507110011362;M2-AA-1-3
3507921099214;M2-AA-1-3
3700689907634;M2-AA-1-3
3760024131360;M2-AA-1-3
3760024760386;M2-AA-1-3
3760124773835;M2-AA-1-3
3760124775303;M2-AA-1-3
3760169580023;M2-AA-1-3
3760223630640;M2-AA-1-3
3760255730196;M2-AA-1-3
3041311025860;M2-AA-13-1
3041311026577;M2-AA-13-1
3047100000230;M2-AA-13-1
3047100000247;M2-AA-13-1
3147690058007;M2-AA-13-1
3163937010003;M2-AA-13-1
3163937011000;M2-AA-13-1
3163937012007;M2-AA-13-1
3163937016005;M2-AA-13-1
3256223624326;M2-AA-13-1
3256223624388;M2-AA-13-1
3256223624401;M2-AA-13-1
3256223624418;M2-AA-13-1
3379974406017;M2-AA-13-1
3394210004253;M2-AA-13-1
3394215961483;M2-AA-13-1
3660989232440;M2-AA-13-1
3660989232457;M2-AA-13-1
3760160371828;M2-AA-13-1
0080432402979;M2-AA-13-10
3047100243774;M2-AA-13-10
3147697523508;M2-AA-13-10
3147699111154;M2-AA-13-10
3426390801015;M2-AA-13-10
3426390801053;M2-AA-13-10
3700597353318;M2-AA-13-10
3760042529903;M2-AA-13-10
4976881521193;M2-AA-13-10
5000267102573;M2-AA-13-10
5000267125503;M2-AA-13-10
5000267191577;M2-AA-13-10
5000281005423;M2-AA-13-10
5000281021621;M2-AA-13-10
5000281070438;M2-AA-13-10
5000281071527;M2-AA-13-10
5000299620120;M2-AA-13-10
5000299620403;M2-AA-13-10
5010019640260;M2-AA-13-10
5010103802550;M2-AA-13-10
5010103940184;M2-AA-13-10
5010103946551;M2-AA-13-10
5010327105215;M2-AA-13-10
5010327415277;M2-AA-13-10
5010327415291;M2-AA-13-10
5010494195286;M2-AA-13-10
5010494560282;M2-AA-13-10
5010496004685;M2-AA-13-10
5010496006191;M2-AA-13-10
5010752000826;M2-AA-13-10
5013967017849;M2-AA-13-10
5014218776256;M2-AA-13-10
5018066154617;M2-AA-13-10
5021349701842;M2-AA-13-10
5021349702832;M2-AA-13-10
5021349761488;M2-AA-13-10
5055966800022;M2-AA-13-10
7640171037592;M2-AA-13-10
8904014802730;M2-AA-13-10
0080244009984;M2-AA-13-11
0080432402931;M2-AA-13-11
1210000100771;M2-AA-13-11
1210000100818;M2-AA-13-11
3099873045369;M2-AA-13-11
3099873045864;M2-AA-13-11
3147690052906;M2-AA-13-11
3147699100226;M2-AA-13-11
3256225979431;M2-AA-13-11
3660989232495;M2-AA-13-11
3701182601357;M2-AA-13-11
4710085229123;M2-AA-13-11
4901903064105;M2-AA-13-11
4901903064150;M2-AA-13-11
4901903064525;M2-AA-13-11
4969265703308;M2-AA-13-11
4969265772908;M2-AA-13-11
5000281045627;M2-AA-13-11
5000299101100;M2-AA-13-11
5000299225004;M2-AA-13-11
5000299622162;M2-AA-13-11
5010103800457;M2-AA-13-11
5010106111956;M2-AA-13-11
5010106113127;M2-AA-13-11
5010106114414;M2-AA-13-11
5010314700003;M2-AA-13-11
5011007003005;M2-AA-13-11
5011007003227;M2-AA-13-11
5011026108033;M2-AA-13-11
5018481217003;M2-AA-13-11
5055966801128;M2-AA-13-11
5099357002305;M2-AA-13-11
5099873045305;M2-AA-13-11
0085246342978;M2-AA-13-12
3147690051107;M2-AA-13-12
3147699115718;M2-AA-13-12
3147699121085;M2-AA-13-12
3163937632007;M2-AA-13-12
3163937637002;M2-AA-13-12
5000267014203;M2-AA-13-12
5010103800259;M2-AA-13-12
5010106110232;M2-AA-13-12
5010327202204;M2-AA-13-12
5010327250007;M2-AA-13-12
5010327253749;M2-AA-13-12
5010327253848;M2-AA-13-12
5010752000307;M2-AA-13-12
5010752000345;M2-AA-13-12
0075496001008;M2-AA-13-13
3012990026509;M2-AA-13-13
3012992421005;M2-AA-13-13
3012992422002;M2-AA-13-13
3012993024939;M2-AA-13-13
3107872000507;M2-AA-13-13
3107872000606;M2-AA-13-13
3107872002808;M2-AA-13-13
3107872005908;M2-AA-13-13
3107872900524;M2-AA-13-13
3114468000230;M2-AA-13-13
3147690033509;M2-AA-13-13
3147690070207;M2-AA-13-13
3147690070306;M2-AA-13-13
3147690070405;M2-AA-13-13
3147690071105;M2-AA-13-13
3147690071600;M2-AA-13-13
3147690073307;M2-AA-13-13
3147690073604;M2-AA-13-13
3147690075608;M2-AA-13-13
3147690076100;M2-AA-13-13
3147690087205;M2-AA-13-13
3147690090601;M2-AA-13-13
3147699107850;M2-AA-13-13
3147699118405;M2-AA-13-13
3256221675986;M2-AA-13-13
3256221675993;M2-AA-13-13
3256221676006;M2-AA-13-13
3256226085117;M2-AA-13-13
3660989232471;M2-AA-13-13
5099873001370;M2-AA-13-13
5099873006504;M2-AA-13-13
5099873017623;M2-AA-13-13
3013010005412;M2-AA-13-2
3032230101025;M2-AA-13-2
3032230101032;M2-AA-13-2
3047100000193;M2-AA-13-2
3047100055421;M2-AA-13-2
3047100055506;M2-AA-13-2
3147690020400;M2-AA-13-2
3147690035008;M2-AA-13-2
3147690087403;M2-AA-13-2
3147699118368;M2-AA-13-2
3147699118375;M2-AA-13-2
3180290089903;M2-AA-13-2
3233960098481;M2-AA-13-2
3250510301105;M2-AA-13-2
3250510302607;M2-AA-13-2
3250510303307;M2-AA-13-2
3250510303321;M2-AA-13-2
3256221134773;M2-AA-13-2
3256223414170;M2-AA-13-2
3256223414187;M2-AA-13-2
3256223631225;M2-AA-13-2
3256225054299;M2-AA-13-2
3256225055210;M2-AA-13-2
3280790000054;M2-AA-13-2
3281540120084;M2-AA-13-2
3368959481262;M2-AA-13-2
3368959481279;M2-AA-13-2
3394210003430;M2-AA-13-2
3394215748411;M2-AA-13-2
3394215748428;M2-AA-13-2
3394215812785;M2-AA-13-2
3550270000608;M2-AA-13-2
5010103931502;M2-AA-13-2
8002230350582;M2-AA-13-2
3011932000805;M2-AA-13-3
3011932000829;M2-AA-13-3
3011932000843;M2-AA-13-3
3011932000904;M2-AA-13-3
3011932003301;M2-AA-13-3
3013010005184;M2-AA-13-3
3047100001237;M2-AA-13-3
3047100265295;M2-AA-13-3
3057230000253;M2-AA-13-3
3147690024804;M2-AA-13-3
3147690034100;M2-AA-13-3
3147699118351;M2-AA-13-3
3147699118429;M2-AA-13-3
3147699120606;M2-AA-13-3
3256221371208;M2-AA-13-3
3256221371222;M2-AA-13-3
3256223631218;M2-AA-13-3
3256223631232;M2-AA-13-3
3256228593801;M2-AA-13-3
3394210004055;M2-AA-13-3
3394210004062;M2-AA-13-3
5010677922258;M2-AA-13-3
5601007001011;M2-AA-13-3
5601007001516;M2-AA-13-3
5601129030814;M2-AA-13-3
8000040000802;M2-AA-13-3
8000353003606;M2-AA-13-3
8000420011312;M2-AA-13-3
8002230130702;M2-AA-13-3
8002230350285;M2-AA-13-3
8004445110708;M2-AA-13-3
8004445143003;M2-AA-13-3
3014409004498;M2-AA-13-4
3020884441109;M2-AA-13-4
3023010003592;M2-AA-13-4
3032230103050;M2-AA-13-4
3032230302491;M2-AA-13-4
3035540005854;M2-AA-13-4
3035542012607;M2-AA-13-4
3055150002067;M2-AA-13-4
3106760010055;M2-AA-13-4
3107872600394;M2-AA-13-4
3114468000742;M2-AA-13-4
3147699112199;M2-AA-13-4
3162043105702;M2-AA-13-4
3162043105719;M2-AA-13-4
3180290000021;M2-AA-13-4
3180290027448;M2-AA-13-4
3180290100653;M2-AA-13-4
3180291601630;M2-AA-13-4
3256222973135;M2-AA-13-4
3256222973142;M2-AA-13-4
3256223377291;M2-AA-13-4
3256223661024;M2-AA-13-4
3256225040681;M2-AA-13-4
3290370000596;M2-AA-13-4
3500870067365;M2-AA-13-4
3614860001120;M2-AA-13-4
5011013934546;M2-AA-13-4
5011013935192;M2-AA-13-4
5011013936526;M2-AA-13-4
8001929117680;M2-AA-13-4
8410024710328;M2-AA-13-4
8710625700026;M2-AA-13-4
8716000968036;M2-AA-13-4
0088004023492;M2-AA-13-5
3041311027635;M2-AA-13-5
3047100227422;M2-AA-13-5
3147690059004;M2-AA-13-5
3147690061007;M2-AA-13-5
3147699105160;M2-AA-13-5
3256220172721;M2-AA-13-5
3256220172738;M2-AA-13-5
3256221114591;M2-AA-13-5
3256221141528;M2-AA-13-5
3256223377307;M2-AA-13-5
3256223377321;M2-AA-13-5
3256225736935;M2-AA-13-5
3256226272807;M2-AA-13-5
3328640124373;M2-AA-13-5
3368950757281;M2-AA-13-5
3660989232464;M2-AA-13-5
3760265450022;M2-AA-13-5
4007675400001;M2-AA-13-5
4067700013835;M2-AA-13-5
5000289927161;M2-AA-13-5
5000291025824;M2-AA-13-5
5010677801553;M2-AA-13-5
5010677850100;M2-AA-13-5
5390683100261;M2-AA-13-5
5900343005296;M2-AA-13-5
5900343007764;M2-AA-13-5
5900343010146;M2-AA-13-5
5901041003003;M2-AA-13-5
5902738884530;M2-AA-13-5
5902738884554;M2-AA-13-5
7312040017683;M2-AA-13-5
7312040551804;M2-AA-13-5
8410414000466;M2-AA-13-5
8410414000909;M2-AA-13-5
0897076002010;M2-AA-13-6
3012990026400;M2-AA-13-6
3012992112033;M2-AA-13-6
3012992122049;M2-AA-13-6
3012992132048;M2-AA-13-6
3012996012001;M2-AA-13-6
3014400016520;M2-AA-13-6
3014400181334;M2-AA-13-6
3107460001367;M2-AA-13-6
3107460003156;M2-AA-13-6
3107460009233;M2-AA-13-6
3147690059103;M2-AA-13-6
3147690060703;M2-AA-13-6
3172910080100;M2-AA-13-6
3256224355601;M2-AA-13-6
3256224355625;M2-AA-13-6
3256224355632;M2-AA-13-6
3256224355649;M2-AA-13-6
3256225057849;M2-AA-13-6
3256226080891;M2-AA-13-6
3263280117807;M2-AA-13-6
3305108971991;M2-AA-13-6
3328731065004;M2-AA-13-6
3460410531926;M2-AA-13-6
3660989232488;M2-AA-13-6
3770003553274;M2-AA-13-6
4901777305359;M2-AA-13-6
4989501114569;M2-AA-13-6
5010327755014;M2-AA-13-6
5010677714006;M2-AA-13-6
5412166701007;M2-AA-13-6
7640175744168;M2-AA-13-6
0000096116630;M2-AA-13-6
3012990026301;M2-AA-13-7
3012991301001;M2-AA-13-7
3012991302039;M2-AA-13-7
3012993028289;M2-AA-13-7
3012993038080;M2-AA-13-7
3012993045590;M2-AA-13-7
3012993070776;M2-AA-13-7
3107460004511;M2-AA-13-7
3107460004740;M2-AA-13-7
3107460006867;M2-AA-13-7
3107460008953;M2-AA-13-7
3147699102701;M2-AA-13-7
3172910100105;M2-AA-13-7
3172910120103;M2-AA-13-7
3255537503075;M2-AA-13-7
3255537505079;M2-AA-13-7
3255610035721;M2-AA-13-7
3256223197196;M2-AA-13-7
3256225040278;M2-AA-13-7
3256225635061;M2-AA-13-7
3256227748851;M2-AA-13-7
3267130003104;M2-AA-13-7
3267130030445;M2-AA-13-7
3267130032470;M2-AA-13-7
3267130040550;M2-AA-13-7
3281465438097;M2-AA-13-7
3287480000035;M2-AA-13-7
3290370000015;M2-AA-13-7
3290370030098;M2-AA-13-7
3326351513998;M2-AA-13-7
3328731010004;M2-AA-13-7
3328731010028;M2-AA-13-7
3328731030019;M2-AA-13-7
3328731064007;M2-AA-13-7
3377450000018;M2-AA-13-7
3377450000414;M2-AA-13-7
5010677014205;M2-AA-13-7
8501110086196;M2-AA-13-7
8501110088831;M2-AA-13-7
8501110089982;M2-AA-13-7
0082301700612;M2-AA-13-8
3012997716304;M2-AA-13-8
3147699116630;M2-AA-13-8
3147699116647;M2-AA-13-8
3147699116739;M2-AA-13-8
3159560013757;M2-AA-13-8
3163937163327;M2-AA-13-8
3172910021028;M2-AA-13-8
3172910021035;M2-AA-13-8
3180334541015;M2-AA-13-8
3180334687010;M2-AA-13-8
3267130027933;M2-AA-13-8
3283770211174;M2-AA-13-8
3283770211310;M2-AA-13-8
3283770211372;M2-AA-13-8
3290370006055;M2-AA-13-8
3290370006079;M2-AA-13-8
3305108971007;M2-AA-13-8
3381660004094;M2-AA-13-8
3760127533023;M2-AA-13-8
3770003553922;M2-AA-13-8
3770003553953;M2-AA-13-8
3770003553984;M2-AA-13-8
5000281031033;M2-AA-13-8
5000281033273;M2-AA-13-8
5000281040523;M2-AA-13-8
5000281040899;M2-AA-13-8
5000281055718;M2-AA-13-8
5000281055909;M2-AA-13-8
5010327405223;M2-AA-13-8
8501110080439;M2-AA-13-8
0080432402825;M2-AA-13-9
3014400227445;M2-AA-13-9
3147690072003;M2-AA-13-9
3180293003036;M2-AA-13-9
3219521100428;M2-AA-13-9
3256222252452;M2-AA-13-9
3256224374497;M2-AA-13-9
3256225739677;M2-AA-13-9
3271357003519;M2-AA-13-9
3281461405031;M2-AA-13-9
3281465454028;M2-AA-13-9
3368950757250;M2-AA-13-9
3379974201049;M2-AA-13-9
3507110016282;M2-AA-13-9
3559620270012;M2-AA-13-9
3614860001182;M2-AA-13-9
3701182602736;M2-AA-13-9
3770016663076;M2-AA-13-9
3770016663151;M2-AA-13-9
4809015157183;M2-AA-13-9
5000299609347;M2-AA-13-9
5000299621158;M2-AA-13-9
5010103802291;M2-AA-13-9
5010327025155;M2-AA-13-9
5010327324333;M2-AA-13-9
5010327325606;M2-AA-13-9
5010327603056;M2-AA-13-9
5010327655628;M2-AA-13-9
5010496003565;M2-AA-13-9
5013967011557;M2-AA-13-9
5024576189100;M2-AA-13-9
5060119770015;M2-AA-13-9
5060119770060;M2-AA-13-9
7401005008580;M2-AA-13-9
7466871102442;M2-AA-13-9
7594003620059;M2-AA-13-9
7751738002271;M2-AA-13-9
8009366295053;M2-AA-13-9
8028286000325;M2-AA-13-9
8851707000532;M2-AA-13-9
3120581436689;M2-AA-1-4
3120581449290;M2-AA-1-4
3215190013298;M2-AA-1-4
3256220850858;M2-AA-1-4
3256227455520;M2-AA-1-4
3256227764936;M2-AA-1-4
3258880856942;M2-AA-1-4
3343381001882;M2-AA-1-4
3351650016840;M2-AA-1-4
3395940537400;M2-AA-1-4
3395940556289;M2-AA-1-4
3454100264058;M2-AA-1-4
3559201220184;M2-AA-1-4
3700689906446;M2-AA-1-4
3760124771725;M2-AA-1-4
3760174759148;M2-AA-1-4
3760198754655;M2-AA-1-4
3760198754921;M2-AA-1-4
3080210003319;M2-AA-14-1
3080210004446;M2-AA-14-1
3080216017785;M2-AA-14-1
3080216043210;M2-AA-14-1
3080216058832;M2-AA-14-1
3080216059488;M2-AA-14-1
3080216059853;M2-AA-14-1
3080216063386;M2-AA-14-1
3119780248186;M2-AA-14-1
3119780264308;M2-AA-14-1
3119780266418;M2-AA-14-1
3119780268696;M2-AA-14-1
3119780268801;M2-AA-14-1
3119789830139;M2-AA-14-1
3162330001243;M2-AA-14-1
3162330001311;M2-AA-14-1
3162330245029;M2-AA-14-1
3244851002388;M2-AA-14-1
3244851003736;M2-AA-14-1
3244851004115;M2-AA-14-1
3256221121261;M2-AA-14-1
3256227755521;M2-AA-14-1
3261570003274;M2-AA-14-1
3261570005643;M2-AA-14-1
5000213024829;M2-AA-14-1
5000213101223;M2-AA-14-1
5014379029031;M2-AA-14-1
5410228169604;M2-AA-14-1
5412186002900;M2-AA-14-1
8712000038175;M2-AA-14-1
8714800014182;M2-AA-14-1
8714800021395;M2-AA-14-1
8714800025898;M2-AA-14-1
8714800026949;M2-AA-14-1
8714800036214;M2-AA-14-1
8714800038461;M2-AA-14-1
8714800038669;M2-AA-14-1
8714800050098;M2-AA-14-1
8716700015238;M2-AA-14-1
8716700017126;M2-AA-14-1
0000087167993;M2-AA-14-1
3119780249930;M2-AA-14-10
3119780250080;M2-AA-14-10
3119780256068;M2-AA-14-10
3119780256136;M2-AA-14-10
3119780256150;M2-AA-14-10
3119780264247;M2-AA-14-10
3119780266463;M2-AA-14-10
3119780266494;M2-AA-14-10
3119780268382;M2-AA-14-10
3119780268405;M2-AA-14-10
3119780268771;M2-AA-14-10
3119789827566;M2-AA-14-10
3119789830078;M2-AA-14-10
3119789830108;M2-AA-14-10
3119789831402;M2-AA-14-10
5410316947053;M2-AA-14-10
3080216017754;M2-AA-14-11
3080216041285;M2-AA-14-11
3080216048291;M2-AA-14-11
3080216056609;M2-AA-14-11
3080216056630;M2-AA-14-11
3080216060286;M2-AA-14-11
3080216062938;M2-AA-14-11
3080216063218;M2-AA-14-11
3080216063256;M2-AA-14-11
3080216063294;M2-AA-14-11
3080216063416;M2-AA-14-11
3119780264285;M2-AA-14-11
3119789829843;M2-AA-14-11
3244850002587;M2-AA-14-11
3261570008248;M2-AA-14-11
3261570008804;M2-AA-14-11
3368957800720;M2-AA-14-11
3760010130551;M2-AA-14-11
3760191090002;M2-AA-14-11
5410228206101;M2-AA-14-11
5410228223740;M2-AA-14-11
5410228223764;M2-AA-14-11
5410228294085;M2-AA-14-11
5410228294115;M2-AA-14-11
5410228307235;M2-AA-14-11
5410228307280;M2-AA-14-11
5410228308324;M2-AA-14-11
3080216049267;M2-AA-14-12
3080216050232;M2-AA-14-12
3080216050768;M2-AA-14-12
3080216053264;M2-AA-14-12
3080216054766;M2-AA-14-12
3080216054803;M2-AA-14-12
3080216055336;M2-AA-14-12
3080216055367;M2-AA-14-12
3080216055398;M2-AA-14-12
3080216058467;M2-AA-14-12
3080216058603;M2-AA-14-12
3080216059815;M2-AA-14-12
3080216059891;M2-AA-14-12
3080216060071;M2-AA-14-12
3080216061627;M2-AA-14-12
3080216063676;M2-AA-14-12
3119780272747;M2-AA-14-12
3256227716195;M2-AA-14-12
3256227716232;M2-AA-14-12
3256227730580;M2-AA-14-12
3256228407771;M2-AA-14-12
3256228407795;M2-AA-14-12
3256228407818;M2-AA-14-12
3256228672902;M2-AA-14-12
3256228672919;M2-AA-14-12
3256228672926;M2-AA-14-12
3256228672933;M2-AA-14-12
3261570008866;M2-AA-14-12
3013060107111;M2-AA-14-13
3013060203554;M2-AA-14-13
3080216054933;M2-AA-14-13
3080216055442;M2-AA-14-13
3080216056043;M2-AA-14-13
3080216057361;M2-AA-14-13
3119780273904;M2-AA-14-13
3119780273911;M2-AA-14-13
3119789831662;M2-AA-14-13
3182280091804;M2-AA-14-13
3182280091835;M2-AA-14-13
3186630002366;M2-AA-14-13
3192200000380;M2-AA-14-13
3244850006059;M2-AA-14-13
3256221987836;M2-AA-14-13
3256221987843;M2-AA-14-13
3256223150016;M2-AA-14-13
3256223150023;M2-AA-14-13
3256223150061;M2-AA-14-13
3256223150078;M2-AA-14-13
3256223150122;M2-AA-14-13
3256223150139;M2-AA-14-13
3256225426782;M2-AA-14-13
3256225426799;M2-AA-14-13
3256225426812;M2-AA-14-13
3256227716461;M2-AA-14-13
3256227716485;M2-AA-14-13
3256228674524;M2-AA-14-13
3256228674548;M2-AA-14-13
3256228674562;M2-AA-14-13
3256550081922;M2-AA-14-13
3256550086262;M2-AA-14-13
3256550086286;M2-AA-14-13
3256550086309;M2-AA-14-13
3256550110073;M2-AA-14-13
3260420012756;M2-AA-14-13
3260420063697;M2-AA-14-13
3260420067947;M2-AA-14-13
3260420081790;M2-AA-14-13
3260420083510;M2-AA-14-13
3260420091881;M2-AA-14-13
3260420091898;M2-AA-14-13
3260420093366;M2-AA-14-13
3260420093373;M2-AA-14-13
3260420093724;M2-AA-14-13
3260420094875;M2-AA-14-13
3260420094882;M2-AA-14-13
3260420094899;M2-AA-14-13
3261570007883;M2-AA-14-13
3271470752714;M2-AA-14-13
3271470752745;M2-AA-14-13
3271470757948;M2-AA-14-13
3271470757979;M2-AA-14-13
3271470758099;M2-AA-14-13
3271470761396;M2-AA-14-13
3271470761440;M2-AA-14-13
3271470761495;M2-AA-14-13
3271470761549;M2-AA-14-13
3271471000715;M2-AA-14-13
3271471500000;M2-AA-14-13
3272460123897;M2-AA-14-13
3660992012664;M2-AA-14-13
3760043800322;M2-AA-14-13
3760087521962;M2-AA-14-13
3760087522037;M2-AA-14-13
3760087522044;M2-AA-14-13
5410228267171;M2-AA-14-13
5410228281955;M2-AA-14-13
5410228292203;M2-AA-14-13
8712000050368;M2-AA-14-13
0088009020731;M2-AA-14-2
3080210008116;M2-AA-14-2
3080216056524;M2-AA-14-2
3080216058719;M2-AA-14-2
3080216061283;M2-AA-14-2
3080216061504;M2-AA-14-2
3080216063997;M2-AA-14-2
3119780268894;M2-AA-14-2
3119780272716;M2-AA-14-2
3119789827627;M2-AA-14-2
3119789829874;M2-AA-14-2
3119789831280;M2-AA-14-2
3119789831846;M2-AA-14-2
3256229292604;M2-AA-14-2
3261570000655;M2-AA-14-2
3261570005315;M2-AA-14-2
3261570008361;M2-AA-14-2
3271912000502;M2-AA-14-2
3271914230501;M2-AA-14-2
3271918312500;M2-AA-14-2
3272460150930;M2-AA-14-2
3272460151722;M2-AA-14-2
3272460151791;M2-AA-14-2
3291820012251;M2-AA-14-2
3291820012930;M2-AA-14-2
3324020003504;M2-AA-14-2
3368957800768;M2-AA-14-2
3498640122003;M2-AA-14-2
3760135622009;M2-AA-14-2
5056025440449;M2-AA-14-2
5056025468504;M2-AA-14-2
5410228222941;M2-AA-14-2
5410228224020;M2-AA-14-2
5410228291213;M2-AA-14-2
5410769800172;M2-AA-14-2
5410769803142;M2-AA-14-2
5411081006112;M2-AA-14-2
8712000051174;M2-AA-14-2
8712000051310;M2-AA-14-2
8712000051334;M2-AA-14-2
8712000057886;M2-AA-14-2
8725000625092;M2-AA-14-2
3080216059761;M2-AA-14-3
3119780267446;M2-AA-14-3
3119780267477;M2-AA-14-3
3119789829683;M2-AA-14-3
3256224996804;M2-AA-14-3
3256226080877;M2-AA-14-3
3261570001546;M2-AA-14-3
3261570004189;M2-AA-14-3
3261570007661;M2-AA-14-3
3261570009078;M2-AA-14-3
3272460122364;M2-AA-14-3
3272460122753;M2-AA-14-3
3272460122999;M2-AA-14-3
3272460123385;M2-AA-14-3
3272460124696;M2-AA-14-3
3272460151579;M2-AA-14-3
3368954957557;M2-AA-14-3
3368954957564;M2-AA-14-3
3368954957588;M2-AA-14-3
3368957800744;M2-AA-14-3
3484700000985;M2-AA-14-3
3484703000418;M2-AA-14-3
3484703000517;M2-AA-14-3
3498640100407;M2-AA-14-3
3080216003306;M2-AA-14-5
3080216048406;M2-AA-14-5
3080216050621;M2-AA-14-5
3080216050652;M2-AA-14-5
3080216050713;M2-AA-14-5
3080216052540;M2-AA-14-5
3080216057903;M2-AA-14-5
3080216058030;M2-AA-14-5
3080216058207;M2-AA-14-5
3080216059716;M2-AA-14-5
3080216059976;M2-AA-14-5
3080216062532;M2-AA-14-5
3119780257621;M2-AA-14-5
3119780257744;M2-AA-14-5
3119780259762;M2-AA-14-5
3119780273867;M2-AA-14-5
3271912006252;M2-AA-14-5
3271913130253;M2-AA-14-5
3324020363332;M2-AA-14-5
3119780257645;M2-AA-14-6
3119780268337;M2-AA-14-6
5410228142119;M2-AA-14-6
5410228147213;M2-AA-14-6
5410228191551;M2-AA-14-6
5410228197089;M2-AA-14-6
5410228203582;M2-AA-14-6
5410228233077;M2-AA-14-6
5410228242000;M2-AA-14-6
5410228244028;M2-AA-14-6
5410228256649;M2-AA-14-6
5410228258698;M2-AA-14-6
5410228280538;M2-AA-14-6
5410228292357;M2-AA-14-6
5410228296911;M2-AA-14-6
5410228319566;M2-AA-14-6
5410228319573;M2-AA-14-6
3080210001872;M2-AA-14-7
3080216029504;M2-AA-14-7
3080216048338;M2-AA-14-7
3080216048376;M2-AA-14-7
3080216054230;M2-AA-14-7
3080216054278;M2-AA-14-7
3080216054308;M2-AA-14-7
3080216061306;M2-AA-14-7
3173600000248;M2-AA-14-7
5014379007244;M2-AA-14-7
5014379007282;M2-AA-14-7
5410228258896;M2-AA-14-7
5410228264545;M2-AA-14-7
3119780239795;M2-AA-14-8
3119780267361;M2-AA-14-8
3119780268054;M2-AA-14-8
3119780268276;M2-AA-14-8
3119780268306;M2-AA-14-8
3119780268368;M2-AA-14-8
3119780268788;M2-AA-14-8
3119780268825;M2-AA-14-8
3119780271528;M2-AA-14-8
3080210000707;M2-AA-14-9
3080216047690;M2-AA-14-9
3080216048802;M2-AA-14-9
3080216061351;M2-AA-14-9
3119780255351;M2-AA-14-9
3256229292581;M2-AA-14-9
3256229292598;M2-AA-14-9
3256229341234;M2-AA-14-9
3660992018178;M2-AA-14-9
5410228277743;M2-AA-14-9
5410228309451;M2-AA-14-9
7501064193040;M2-AA-14-9
3217661028053;M2-AA-1-5
3234787173238;M2-AA-1-5
3256220119429;M2-AA-1-5
3256220660839;M2-AA-1-5
3256220660839;M2-AA-1-5
3256220850056;M2-AA-1-5
3256226399467;M2-AA-1-5
3271923173042;M2-AA-1-5
3416471221108;M2-AA-1-5
3760088375397;M2-AA-1-5
3760093624497;M2-AA-1-5
3760093633840;M2-AA-1-5
3760098132652;M2-AA-1-5
3760123932240;M2-AA-1-5
3760130520096;M2-AA-1-5
3760146480391;M2-AA-1-5
3760205337574;M2-AA-1-5
3760209000597;M2-AA-1-5
3760240510949;M2-AA-1-5
3760251960054;M2-AA-1-5
3760276602540;M2-AA-1-5
3760296002320;M2-AA-1-5
3760302420025;M2-AA-1-5
3760302420100;M2-AA-1-5
5000112645460;M2-AA-15-1
5449000020628;M2-AA-15-1
5449000267412;M2-AA-15-1
5449000267467;M2-AA-15-1
5449000283900;M2-AA-15-1
3124480167125;M2-AA-15-10
3124480169044;M2-AA-15-10
3124480172747;M2-AA-15-10
3124480186577;M2-AA-15-10
3124480186614;M2-AA-15-10
3124480186713;M2-AA-15-10
3124480186799;M2-AA-15-10
3124480186829;M2-AA-15-10
3124480195319;M2-AA-15-10
3124480195326;M2-AA-15-10
3124480195340;M2-AA-15-10
3124480195388;M2-AA-15-10
3124480196101;M2-AA-15-10
3124480196118;M2-AA-15-10
3124480198242;M2-AA-15-10
3256228454768;M2-AA-15-10
5449000232250;M2-AA-15-10
5449000232274;M2-AA-15-10
5449000232304;M2-AA-15-10
5449000295750;M2-AA-15-10
5449000308535;M2-AA-15-10
5449000308597;M2-AA-15-10
3168930170549;M2-AA-15-11
3168930170570;M2-AA-15-11
3168930170600;M2-AA-15-11
3168930170662;M2-AA-15-11
3168930170693;M2-AA-15-11
3168930170938;M2-AA-15-11
3168930170969;M2-AA-15-11
3168930171058;M2-AA-15-11
3168930173052;M2-AA-15-11
3168930175490;M2-AA-15-11
3168930175575;M2-AA-15-11
3168930176367;M2-AA-15-11
3168930176435;M2-AA-15-11
3168930176664;M2-AA-15-11
3502110003324;M2-AA-15-11
3502110005410;M2-AA-15-11
5449000266002;M2-AA-15-11
3256223099834;M2-AA-15-12
3256223100158;M2-AA-15-12
3256223100219;M2-AA-15-12
3256223100226;M2-AA-15-12
3256223682357;M2-AA-15-12
3256224109716;M2-AA-15-12
3256224109723;M2-AA-15-12
3256224109747;M2-AA-15-12
3256225428762;M2-AA-15-12
3256227093128;M2-AA-15-12
3256229709270;M2-AA-15-12
3256229709300;M2-AA-15-12
3256229709317;M2-AA-15-12
3484700001142;M2-AA-15-12
3484700001197;M2-AA-15-12
3660992012534;M2-AA-15-12
5000112611861;M2-AA-15-2
5000112611915;M2-AA-15-2
5000112656473;M2-AA-15-2
5449000092861;M2-AA-15-2
5449000132680;M2-AA-15-2
5449000267436;M2-AA-15-2
5449000267443;M2-AA-15-2
5449000283856;M2-AA-15-2
5449000308023;M2-AA-15-2
5449000310873;M2-AA-15-2
5449000335739;M2-AA-15-2
5000112611762;M2-AA-15-3
5000112611878;M2-AA-15-3
5000112645453;M2-AA-15-3
5449000134554;M2-AA-15-3
5449000138514;M2-AA-15-3
5449000195340;M2-AA-15-3
5449000223555;M2-AA-15-3
5449000242136;M2-AA-15-3
5449000243195;M2-AA-15-3
5449000283870;M2-AA-15-3
5449000292704;M2-AA-15-3
3124480197375;M2-AA-15-4
3168930175957;M2-AA-15-4
3168930177081;M2-AA-15-4
3256220659062;M2-AA-15-4
3256222643502;M2-AA-15-4
3256223022221;M2-AA-15-4
3256223022238;M2-AA-15-4
3256224809791;M2-AA-15-4
3256225541645;M2-AA-15-4
3256226900762;M2-AA-15-4
3256227093104;M2-AA-15-4
3256228440464;M2-AA-15-4
3484700000817;M2-AA-15-4
3484700007946;M2-AA-15-4
3484700007977;M2-AA-15-4
3484700116532;M2-AA-15-4
3484702000006;M2-AA-15-4
3502110008329;M2-AA-15-4
3502110009357;M2-AA-15-4
3660992012527;M2-AA-15-4
5410221166600;M2-AA-15-4
5449000321022;M2-AA-15-4
3048431005352;M2-AA-15-5
3124480000378;M2-AA-15-5
3124480072009;M2-AA-15-5
3179750055237;M2-AA-15-5
3249290002807;M2-AA-15-5
3256221134742;M2-AA-15-5
3256223010211;M2-AA-15-5
3256223010396;M2-AA-15-5
3256223010532;M2-AA-15-5
3256223022382;M2-AA-15-5
3256224754176;M2-AA-15-5
3368952621207;M2-AA-15-5
3484703000104;M2-AA-15-5
3484705000034;M2-AA-15-5
3502110009036;M2-AA-15-5
3551720003941;M2-AA-15-5
3551720004023;M2-AA-15-5
3551720022683;M2-AA-15-5
3551720023604;M2-AA-15-5
3551720201217;M2-AA-15-5
3551720205048;M2-AA-15-5
3551720206311;M2-AA-15-5
3551720206328;M2-AA-15-5
3660992012510;M2-AA-15-5
3770009345095;M2-AA-15-5
3770009345125;M2-AA-15-5
3770009345286;M2-AA-15-5
5449000283795;M2-AA-15-5
5449000286284;M2-AA-15-5
5449000317698;M2-AA-15-5
3124480001429;M2-AA-15-6
3124480002129;M2-AA-15-6
3124480151490;M2-AA-15-6
3124480170088;M2-AA-15-6
3124480183217;M2-AA-15-6
3124480186911;M2-AA-15-6
3124480186928;M2-AA-15-6
3124480193698;M2-AA-15-6
3124480195166;M2-AA-15-6
3124480196149;M2-AA-15-6
3124480196170;M2-AA-15-6
3124480196248;M2-AA-15-6
3124480196262;M2-AA-15-6
3124480196316;M2-AA-15-6
3124480196361;M2-AA-15-6
3124480198068;M2-AA-15-6
3124480199713;M2-AA-15-6
3256220113601;M2-AA-15-6
3256223010280;M2-AA-15-6
5060108450010;M2-AA-15-6
5060108450386;M2-AA-15-6
5060108450546;M2-AA-15-6
5410221205255;M2-AA-15-6
3124480151483;M2-AA-15-7
3124480195173;M2-AA-15-7
3124480199720;M2-AA-15-7
3124480200433;M2-AA-15-7
3168930174523;M2-AA-15-7
3168930175544;M2-AA-15-7
3168930175681;M2-AA-15-7
3168930175711;M2-AA-15-7
3249760017096;M2-AA-15-7
3256223669037;M2-AA-15-7
3256223669051;M2-AA-15-7
3256223669068;M2-AA-15-7
3256224990895;M2-AA-15-7
3502110006844;M2-AA-15-7
5000112644302;M2-AA-15-7
5410221205170;M2-AA-15-7
5410221205194;M2-AA-15-7
5449000153654;M2-AA-15-7
5449000283825;M2-AA-15-7
5449000283832;M2-AA-15-7
5449000294340;M2-AA-15-7
5449000308085;M2-AA-15-7
5449000308108;M2-AA-15-7
5449000337115;M2-AA-15-7
5449000337122;M2-AA-15-7
3124480162755;M2-AA-15-8
3124480169051;M2-AA-15-8
3124480185020;M2-AA-15-8
3124480185082;M2-AA-15-8
3124480195210;M2-AA-15-8
3124480200440;M2-AA-15-8
3124480200464;M2-AA-15-8
3124480200495;M2-AA-15-8
3249760011063;M2-AA-15-8
3256220113588;M2-AA-15-8
3256220892179;M2-AA-15-8
3256220892247;M2-AA-15-8
3256220892254;M2-AA-15-8
3256221121117;M2-AA-15-8
3256223010266;M2-AA-15-8
3256223378816;M2-AA-15-8
3256223682302;M2-AA-15-8
3256227093081;M2-AA-15-8
3256228454744;M2-AA-15-8
3660992012503;M2-AA-15-8
1210002000802;M2-AA-15-9
1210002000833;M2-AA-15-9
1210002000864;M2-AA-15-9
1210002001137;M2-AA-15-9
1210002001199;M2-AA-15-9
3124480100016;M2-AA-15-9
3124480159366;M2-AA-15-9
3124480167019;M2-AA-15-9
3124480183811;M2-AA-15-9
3124480185624;M2-AA-15-9
3124480190994;M2-AA-15-9
3124480191182;M2-AA-15-9
3124480193582;M2-AA-15-9
3124480196774;M2-AA-15-9
3124480204127;M2-AA-15-9
3124480216700;M2-AA-15-9
3124480253545;M2-AA-15-9
3256225739622;M2-AA-15-9
3256225741618;M2-AA-15-9
5449000012876;M2-AA-15-9
5449000321060;M2-AA-15-9
5449000321091;M2-AA-15-9
5449000321169;M2-AA-15-9
3142642820336;M2-AA-1-6
3142920003284;M2-AA-1-6
3179071000978;M2-AA-1-6
3179077469212;M2-AA-1-6
3198129877805;M2-AA-1-6
3217661015343;M2-AA-1-6
3234783163424;M2-AA-1-6
3248847772354;M2-AA-1-6
3256220657846;M2-AA-1-6
3256220870474;M2-AA-1-6
3256221422078;M2-AA-1-6
3256223379608;M2-AA-1-6
3256224952657;M2-AA-1-6
3256817003551;M2-AA-1-6
3262156131824;M2-AA-1-6
3273941008740;M2-AA-1-6
3288841040059;M2-AA-1-6
3296180000016;M2-AA-1-6
3298020506962;M2-AA-1-6
3331560500134;M2-AA-1-6
3331560500363;M2-AA-1-6
3391181300056;M2-AA-1-6
3463640034656;M2-AA-1-6
3514123104387;M2-AA-1-6
3517290001176;M2-AA-1-6
3529218200011;M2-AA-1-6
3536650801003;M2-AA-1-6
3579281912809;M2-AA-1-6
3700689908747;M2-AA-1-6
3700826800064;M2-AA-1-6
3760040436357;M2-AA-1-6
3760042791744;M2-AA-1-6
3760093634809;M2-AA-1-6
3760096583982;M2-AA-1-6
3760127871668;M2-AA-1-6
3760153740211;M2-AA-1-6
3760172573814;M2-AA-1-6
3760224510040;M2-AA-1-6
3760276602557;M2-AA-1-6
3770013757006;M2-AA-1-6
3123349014709;M2-AA-16-1
3021891200307;M2-AA-1-7
3186127788896;M2-AA-1-7
3186127831745;M2-AA-1-7
3186128077708;M2-AA-1-7
3186128081538;M2-AA-1-7
3186128083976;M2-AA-1-7
3186128095702;M2-AA-1-7
3248840303098;M2-AA-1-7
3248847754855;M2-AA-1-7
3256220659925;M2-AA-1-7
3256220659949;M2-AA-1-7
3256220801331;M2-AA-1-7
3331560500073;M2-AA-1-7
3331560500790;M2-AA-1-7
3331560500820;M2-AA-1-7
3352260065709;M2-AA-1-7
3356201110008;M2-AA-1-7
3385740029526;M2-AA-1-7
3500610082771;M2-AA-1-7
3500610093623;M2-AA-1-7
3514120103482;M2-AA-1-7
3514120103710;M2-AA-1-7
3514120105301;M2-AA-1-7
3514123101188;M2-AA-1-7
3514123115703;M2-AA-1-7
3700613200442;M2-AA-1-7
3700689906514;M2-AA-1-7
3700689907399;M2-AA-1-7
3760001390414;M2-AA-1-7
3760022580047;M2-AA-1-7
3760029522828;M2-AA-1-7
3760029523061;M2-AA-1-7
3760031474610;M2-AA-1-7
3760031560184;M2-AA-1-7
3770008857001;M2-AA-1-7
3092718617257;M2-AA-17-1
3092718617288;M2-AA-17-1
3092718627096;M2-AA-17-1
3092718627119;M2-AA-17-1
3092718635367;M2-AA-17-1
3124480150820;M2-AA-17-1
3124480162649;M2-AA-17-1
3192200002117;M2-AA-17-1
3256223099957;M2-AA-17-1
3256228415189;M2-AA-17-1
3256228438379;M2-AA-17-1
3256228438393;M2-AA-17-1
3256228439994;M2-AA-17-1
3256228440006;M2-AA-17-1
3256228666048;M2-AA-17-1
3256228666055;M2-AA-17-1
3383810002684;M2-AA-17-1
4000177026489;M2-AA-17-1
4000177026700;M2-AA-17-1
4000177033708;M2-AA-17-1
4000177158326;M2-AA-17-1
4000177171929;M2-AA-17-1
4000177172650;M2-AA-17-1
4000177211328;M2-AA-17-1
5449000323026;M2-AA-17-1
3092718637002;M2-AA-17-10
3092718637033;M2-AA-17-10
3092718637064;M2-AA-17-10
3092718637187;M2-AA-17-10
3092718637309;M2-AA-17-10
3092718637330;M2-AA-17-10
3092718637361;M2-AA-17-10
3092718637392;M2-AA-17-10
3092718637422;M2-AA-17-10
3092718637484;M2-AA-17-10
3092718637668;M2-AA-17-10
3092718637699;M2-AA-17-10
3092718637729;M2-AA-17-10
3092718637927;M2-AA-17-10
3092718637958;M2-AA-17-10
3092718637989;M2-AA-17-10
3092718638016;M2-AA-17-10
3092718638085;M2-AA-17-10
3092718638207;M2-AA-17-10
3092718654429;M2-AA-17-10
3092718654450;M2-AA-17-10
3092718654481;M2-AA-17-10
3092718654511;M2-AA-17-10
3217690061953;M2-AA-17-10
3256220513166;M2-AA-17-10
3256220513173;M2-AA-17-10
3256221096262;M2-AA-17-10
3256221096279;M2-AA-17-10
3256221096286;M2-AA-17-10
3256221096293;M2-AA-17-10
3256221437881;M2-AA-17-10
3256223014509;M2-AA-17-10
3256223014516;M2-AA-17-10
3256223014530;M2-AA-17-10
3256223014547;M2-AA-17-10
3256223014561;M2-AA-17-10
3256223014578;M2-AA-17-10
3256223014585;M2-AA-17-10
3256224372240;M2-AA-17-10
3256226084776;M2-AA-17-10
3256226385088;M2-AA-17-10
3256226385101;M2-AA-17-10
3256226385125;M2-AA-17-10
3256226385149;M2-AA-17-10
3256226396992;M2-AA-17-10
3256229526556;M2-AA-17-10
3109850018511;M2-AA-17-11
3109850018535;M2-AA-17-11
3109850018900;M2-AA-17-11
3109850018917;M2-AA-17-11
3109850018924;M2-AA-17-11
3109850018931;M2-AA-17-11
3191010083309;M2-AA-17-11
3256221116618;M2-AA-17-11
3256221116625;M2-AA-17-11
3256221116632;M2-AA-17-11
3256222240008;M2-AA-17-11
3256222240015;M2-AA-17-11
3256222240022;M2-AA-17-11
3256223014028;M2-AA-17-11
3256223014080;M2-AA-17-11
3256224372158;M2-AA-17-11
3256224372165;M2-AA-17-11
3256224372172;M2-AA-17-11
3256224372257;M2-AA-17-11
3256225734863;M2-AA-17-11
3256225734887;M2-AA-17-11
3256226084783;M2-AA-17-11
3256226396961;M2-AA-17-11
3256229526549;M2-AA-17-11
3272030001235;M2-AA-17-11
3272030007237;M2-AA-17-11
3272030009231;M2-AA-17-11
3272030030235;M2-AA-17-11
3272036002533;M2-AA-17-11
3272036006159;M2-AA-17-11
3272036007835;M2-AA-17-11
3272036008283;M2-AA-17-11
3272036008375;M2-AA-17-11
3272036008955;M2-AA-17-11
3272036008986;M2-AA-17-11
3660992012541;M2-AA-17-11
3660992012558;M2-AA-17-11
3660992012565;M2-AA-17-11
3124480182982;M2-AA-17-12
3124480183347;M2-AA-17-12
3124480184757;M2-AA-17-12
3124480185235;M2-AA-17-12
3124480185266;M2-AA-17-12
3124480198228;M2-AA-17-12
3225355490925;M2-AA-17-12
3256225036035;M2-AA-17-12
3256225036219;M2-AA-17-12
3256225036226;M2-AA-17-12
3256226397135;M2-AA-17-12
3265261231601;M2-AA-17-12
3265261606676;M2-AA-17-12
3265261624748;M2-AA-17-12
3265261675870;M2-AA-17-12
3265266075019;M2-AA-17-12
3265266075026;M2-AA-17-12
3265266075033;M2-AA-17-12
3265266075118;M2-AA-17-12
3265266075163;M2-AA-17-12
3265266075248;M2-AA-17-12
3265266075279;M2-AA-17-12
3265266075323;M2-AA-17-12
1210002001649;M2-AA-17-2
3124480184863;M2-AA-17-2
3225350000501;M2-AA-17-2
3254690670501;M2-AA-17-2
3254690670600;M2-AA-17-2
3254690670709;M2-AA-17-2
3256221134629;M2-AA-17-2
3256221134636;M2-AA-17-2
3256221134643;M2-AA-17-2
3256223028308;M2-AA-17-2
3256223028360;M2-AA-17-2
3256223028391;M2-AA-17-2
3256223099964;M2-AA-17-2
3256224068341;M2-AA-17-2
3256224761181;M2-AA-17-2
3256224761198;M2-AA-17-2
3256224761204;M2-AA-17-2
3256224761235;M2-AA-17-2
3256228415219;M2-AA-17-2
3256228891365;M2-AA-17-2
3502110003690;M2-AA-17-2
3502110005878;M2-AA-17-2
3660992012602;M2-AA-17-2
3660992012619;M2-AA-17-2
3660992012633;M2-AA-17-2
5449000323019;M2-AA-17-2
3256221675955;M2-AA-17-3
3256223028285;M2-AA-17-3
3256223028315;M2-AA-17-3
3256223028322;M2-AA-17-3
3256223028377;M2-AA-17-3
3256224761174;M2-AA-17-3
3256224761211;M2-AA-17-3
3256224761228;M2-AA-17-3
3256224996989;M2-AA-17-3
3256228415202;M2-AA-17-3
3274936601908;M2-AA-17-3
3660992012572;M2-AA-17-3
3254690086401;M2-AA-17-4
3254690086500;M2-AA-17-4
3254691586054;M2-AA-17-4
3254691590365;M2-AA-17-4
3254691591911;M2-AA-17-4
3254691592086;M2-AA-17-4
3256220064026;M2-AA-17-4
3256222004907;M2-AA-17-4
3256222006260;M2-AA-17-4
3256222010106;M2-AA-17-4
3256223027882;M2-AA-17-4
3256223028513;M2-AA-17-4
3256228433961;M2-AA-17-4
3256228433978;M2-AA-17-4
3256228433985;M2-AA-17-4
3256228434005;M2-AA-17-4
3256229782808;M2-AA-17-4
3660992012626;M2-AA-17-4
3256220369947;M2-AA-17-5
3256220369954;M2-AA-17-5
3256220862905;M2-AA-17-5
3256222643922;M2-AA-17-5
3256223027837;M2-AA-17-5
3256223027844;M2-AA-17-5
3256223028056;M2-AA-17-5
3256226385682;M2-AA-17-5
3256228118271;M2-AA-17-5
3256228675262;M2-AA-17-5
3256228675279;M2-AA-17-5
3256228675286;M2-AA-17-5
3256229216587;M2-AA-17-5
3256229233843;M2-AA-17-5
3256229529304;M2-AA-17-5
3256229529311;M2-AA-17-5
3274936101200;M2-AA-17-5
3660992012589;M2-AA-17-5
3700749304038;M2-AA-17-5
3770002316061;M2-AA-17-5
3770004509201;M2-AA-17-5
9002515600530;M2-AA-17-5
3256220063968;M2-AA-17-6
3256220063975;M2-AA-17-6
3256220122658;M2-AA-17-6
3256220360425;M2-AA-17-6
3256220887984;M2-AA-17-6
3256220887991;M2-AA-17-6
3256223028520;M2-AA-17-6
3256224239109;M2-AA-17-6
3256225426744;M2-AA-17-6
3256225426751;M2-AA-17-6
3256225426768;M2-AA-17-6
3256225426775;M2-AA-17-6
3256227248368;M2-AA-17-6
3256227459078;M2-AA-17-6
3256228418852;M2-AA-17-6
3256228419156;M2-AA-17-6
3256228436368;M2-AA-17-6
3256229216594;M2-AA-17-6
3256229233874;M2-AA-17-6
3502110005069;M2-AA-17-6
1210002000239;M2-AA-17-7
1210002001670;M2-AA-17-7
3256226384340;M2-AA-17-7
3256227742521;M2-AA-17-7
3256228978844;M2-AA-17-7
3502110003201;M2-AA-17-7
3502110003652;M2-AA-17-7
3502110005243;M2-AA-17-7
3502110005663;M2-AA-17-7
3502110005670;M2-AA-17-7
3502110006790;M2-AA-17-7
3502110007742;M2-AA-17-7
3502110009401;M2-AA-17-7
3502110009449;M2-AA-17-7
3502110009456;M2-AA-17-7
3502110009906;M2-AA-17-7
3770023833004;M2-AA-17-7
3770023833028;M2-AA-17-7
5410188011326;M2-AA-17-7
5410188013085;M2-AA-17-7
1200101017825;M2-AA-17-8
1200101017955;M2-AA-17-8
1201001002812;M2-AA-17-8
1201001002843;M2-AA-17-8
1210002000925;M2-AA-17-8
1210002000956;M2-AA-17-8
1210002000987;M2-AA-17-8
3256220023924;M2-AA-17-8
3256220024068;M2-AA-17-8
3256220024105;M2-AA-17-8
3256222830797;M2-AA-17-8
3256222831046;M2-AA-17-8
3256222831305;M2-AA-17-8
3256223661031;M2-AA-17-8
3256223661048;M2-AA-17-8
3256223661062;M2-AA-17-8
3256224917007;M2-AA-17-8
3256226081447;M2-AA-17-8
3256226081454;M2-AA-17-8
3256226084547;M2-AA-17-8
3256226084578;M2-AA-17-8
3256227113130;M2-AA-17-8
3256228415295;M2-AA-17-8
3256228460912;M2-AA-17-8
3260420097814;M2-AA-17-8
3260420117390;M2-AA-17-8
3287121175016;M2-AA-17-8
3287121175030;M2-AA-17-8
3287121175863;M2-AA-17-8
3502110010643;M2-AA-17-8
3256222830773;M2-AA-17-9
3256222830834;M2-AA-17-9
3256222830858;M2-AA-17-9
3256222830889;M2-AA-17-9
3256222830902;M2-AA-17-9
3256222830940;M2-AA-17-9
3256222830957;M2-AA-17-9
3256222830964;M2-AA-17-9
3256222831442;M2-AA-17-9
3256222831466;M2-AA-17-9
3256222831480;M2-AA-17-9
3256222831558;M2-AA-17-9
3256222831565;M2-AA-17-9
3256228195302;M2-AA-17-9
3256228195326;M2-AA-17-9
3256228195487;M2-AA-17-9
3271471000630;M2-AA-17-9
3760195900000;M2-AA-17-9
3760195900017;M2-AA-17-9
3760195900031;M2-AA-17-9
3760195900062;M2-AA-17-9
3760195900109;M2-AA-17-9
3760195900130;M2-AA-17-9
3760195900512;M2-AA-17-9
3760195901281;M2-AA-17-9
3760195901502;M2-AA-17-9
3760195901656;M2-AA-17-9
3760195901786;M2-AA-17-9
3760195902035;M2-AA-17-9
3760195902134;M2-AA-17-9
3760195902363;M2-AA-17-9
3760195902370;M2-AA-17-9
3760195902516;M2-AA-17-9
3760195902547;M2-AA-17-9
3760195902592;M2-AA-17-9
3760195902615;M2-AA-17-9
3760195902806;M2-AA-17-9
3760195902868;M2-AA-17-9
3760195903155;M2-AA-17-9
3231230210267;M2-AA-1-8
3231230215071;M2-AA-1-8
3231230218034;M2-AA-1-8
3231230218041;M2-AA-1-8
3248847701262;M2-AA-1-8
3252987118231;M2-AA-1-8
3252987118330;M2-AA-1-8
3256220514286;M2-AA-1-8
3256220653077;M2-AA-1-8
3256220658805;M2-AA-1-8
3256220660730;M2-AA-1-8
3259866699010;M2-AA-1-8
3271861782290;M2-AA-1-8
3468000076208;M2-AA-1-8
3468000089000;M2-AA-1-8
3500610139222;M2-AA-1-8
3514120107213;M2-AA-1-8
3514120107633;M2-AA-1-8
3514123107401;M2-AA-1-8
3514123109504;M2-AA-1-8
3700350600628;M2-AA-1-8
3700416700033;M2-AA-1-8
3760024360074;M2-AA-1-8
3760026106007;M2-AA-1-8
3760086290135;M2-AA-1-8
3760103841197;M2-AA-1-8
3057640262128;M2-AA-18-1
3254380003756;M2-AA-18-1
3256221095197;M2-AA-18-1
3274080001005;M2-AA-18-1
3274080005003;M2-AA-18-1
3068320011837;M2-AA-18-10
3100880269225;M2-AA-18-10
3100882040808;M2-AA-18-10
3256223510308;M2-AA-18-10
3256225428731;M2-AA-18-10
3068320110103;M2-AA-18-11
3068320114460;M2-AA-18-11
8002270049941;M2-AA-18-11
3108022065506;M2-AA-18-12
3664320911513;M2-AA-18-12
3664320911599;M2-AA-18-12
7613035833319;M2-AA-18-12
3068320123271;M2-AA-18-13
3179730005306;M2-AA-18-13
3179730107734;M2-AA-18-13
7613034579942;M2-AA-18-13
7613035833289;M2-AA-18-13
3254381204312;M2-AA-18-2
3254382025886;M2-AA-18-2
3256223510049;M2-AA-18-2
3448781102006;M2-AA-18-2
3448781302000;M2-AA-18-2
3256220513739;M2-AA-18-3
3256223510032;M2-AA-18-3
3256223510087;M2-AA-18-3
3256223510124;M2-AA-18-3
3256225428700;M2-AA-18-3
3256225715626;M2-AA-18-3
3057640257858;M2-AA-18-4
3057640269653;M2-AA-18-4
3257971091316;M2-AA-18-4
3068320011707;M2-AA-18-5
3068320120263;M2-AA-18-5
3068320124544;M2-AA-18-5
3068320125367;M2-AA-18-5
3048431061952;M2-AA-18-6
3179730256234;M2-AA-18-6
3179732333926;M2-AA-18-6
3468570221657;M2-AA-18-6
7613032773687;M2-AA-18-6
7613036249928;M2-AA-18-6
7613036249935;M2-AA-18-6
7613038837178;M2-AA-18-6
3179730101824;M2-AA-18-7
3179730115838;M2-AA-18-7
3256224760399;M2-AA-18-7
3256224764519;M2-AA-18-7
7613035866393;M2-AA-18-7
3179732370761;M2-AA-18-8
7613035974692;M2-AA-18-8
8024884217806;M2-AA-18-8
8024884501400;M2-AA-18-8
8024884601308;M2-AA-18-8
3254381008439;M2-AA-18-9
3256224762713;M2-AA-18-9
3256225741564;M2-AA-18-9
3468570116700;M2-AA-18-9
3760021251191;M2-AA-18-9
3175520015906;M2-AA-1-9
3242160100641;M2-AA-1-9
3256220180627;M2-AA-1-9
3256220367714;M2-AA-1-9
3256220652636;M2-AA-1-9
3270040307743;M2-AA-1-9
3270040364739;M2-AA-1-9
3468000077120;M2-AA-1-9
3502290220184;M2-AA-1-9
3514120105400;M2-AA-1-9
3516480519880;M2-AA-1-9
3577070102097;M2-AA-1-9
3577075228525;M2-AA-1-9
3661710009515;M2-AA-1-9
3760036660001;M2-AA-1-9
3760077987457;M2-AA-1-9
3760084870513;M2-AA-1-9
3760127872412;M2-AA-1-9
3760127872672;M2-AA-1-9
3760138730152;M2-AA-1-9
3760185610742;M2-AA-1-9
3760201501320;M2-AA-1-9
3760271731535;M2-AA-1-9
3770006752124;M2-AA-1-9
0602561061799;M2-AA-19-1
0602561098061;M2-AA-19-1
0602561101365;M2-AA-19-1
0602561126115;M2-AA-19-1
0602561146724;M2-AA-19-1
0602561180872;M2-AA-19-1
0602561265319;M2-AA-19-1
0602561309969;M2-AA-19-1
0602561334183;M2-AA-19-1
0602561361134;M2-AA-19-1
0602561404725;M2-AA-19-1
0602561484765;M2-AA-19-1
0602561584618;M2-AA-19-1
0602561837066;M2-AA-19-1
0602561897909;M2-AA-19-1
0652217669084;M2-AA-19-1
0652217876895;M2-AA-19-1
3425230000359;M2-AA-19-1
3760057680019;M2-AA-19-1
3760057680200;M2-AA-19-1
3760057680330;M2-AA-19-1
3760057680613;M2-AA-19-1
3760071080024;M2-AA-19-1
3760090140006;M2-AA-19-1
3760090140129;M2-AA-19-1
3760106330018;M2-AA-19-1
3760106330506;M2-AA-19-1
3760138352422;M2-AA-19-1
3760138360007;M2-AA-19-1
3760208050203;M2-AA-19-1
3770006496165;M2-AA-19-1
3770010637356;M2-AA-19-1
3770010637363;M2-AA-19-1
3770010637783;M2-AA-19-1
3770010637790;M2-AA-19-1
3770010637813;M2-AA-19-1
3770013752063;M2-AA-19-1
3770031833140;M2-AA-19-1
3770031833157;M2-AA-19-1
3770031833164;M2-AA-19-1
3770031833171;M2-AA-19-1
3770031833256;M2-AA-19-1
3770031833263;M2-AA-19-1
3770031833270;M2-AA-19-1
3770031833300;M2-AA-19-1
3770031833317;M2-AA-19-1
3770031833324;M2-AA-19-1
5412138495019;M2-AA-19-1
3119789830979;M2-AA-19-2
3119789831068;M2-AA-19-2
3261570000044;M2-AA-19-2
3261570000136;M2-AA-19-2
3261570003458;M2-AA-19-2
3261570003649;M2-AA-19-2
3261570004196;M2-AA-19-2
3261570005605;M2-AA-19-2
3261570006329;M2-AA-19-2
3261570007036;M2-AA-19-2
3261570007401;M2-AA-19-2
3261570008842;M2-AA-19-2
3271912000755;M2-AA-19-2
3271913130758;M2-AA-19-2
3271914230754;M2-AA-19-2
3272460124269;M2-AA-19-2
3272460124689;M2-AA-19-2
3272460124702;M2-AA-19-2
3272460124719;M2-AA-19-2
3272460151128;M2-AA-19-2
3324020003337;M2-AA-19-2
3324020008332;M2-AA-19-2
3324020008752;M2-AA-19-2
3324020015330;M2-AA-19-2
3324020303758;M2-AA-19-2
3347970000249;M2-AA-19-2
3347970011382;M2-AA-19-2
3498640101008;M2-AA-19-2
3498643001626;M2-AA-19-2
3498643002050;M2-AA-19-2
3760029980222;M2-AA-19-2
3760029980321;M2-AA-19-2
3760057680781;M2-AA-19-2
3760071080062;M2-AA-19-2
3770000661071;M2-AA-19-2
3770000661231;M2-AA-19-2
3770000661477;M2-AA-19-2
3770000661507;M2-AA-19-2
3770023295161;M2-AA-19-2
5410908000012;M2-AA-19-2
5410908000036;M2-AA-19-2
5411223005225;M2-AA-19-2
5411223005263;M2-AA-19-2
5411223005508;M2-AA-19-2
5411223030081;M2-AA-19-2
5411663002716;M2-AA-19-2
5411663783752;M2-AA-19-2
5412983180023;M2-AA-19-2
3119789830948;M2-AA-19-3
3119789831037;M2-AA-19-3
3261570008279;M2-AA-19-3
3261570008507;M2-AA-19-3
3272460123118;M2-AA-19-3
3272460123125;M2-AA-19-3
3272460124993;M2-AA-19-3
3272460125013;M2-AA-19-3
3272460125266;M2-AA-19-3
3272460151500;M2-AA-19-3
3291820012152;M2-AA-19-3
3291820012534;M2-AA-19-3
3291820014118;M2-AA-19-3
3347970000270;M2-AA-19-3
3368954002028;M2-AA-19-3
3368954957571;M2-AA-19-3
3498640103002;M2-AA-19-3
3572860001437;M2-AA-19-3
3760023241039;M2-AA-19-3
3760023241091;M2-AA-19-3
3760023241107;M2-AA-19-3
3760055360845;M2-AA-19-3
3760223941753;M2-AA-19-3
3760259620042;M2-AA-19-3
5391528370061;M2-AA-19-3
5410228195825;M2-AA-19-3
5410228242055;M2-AA-19-3
5410769100081;M2-AA-19-3
5410769100098;M2-AA-19-3
5410769300085;M2-AA-19-3
5410769800097;M2-AA-19-3
5410769803258;M2-AA-19-3
5410908000029;M2-AA-19-3
5410971730489;M2-AA-19-3
5411081000523;M2-AA-19-3
5411081003654;M2-AA-19-3
5411081009854;M2-AA-19-3
5411551130392;M2-AA-19-3
5411551300917;M2-AA-19-3
5411656051479;M2-AA-19-3
5411663060020;M2-AA-19-3
5411663783721;M2-AA-19-3
5411681014005;M2-AA-19-3
5411681035000;M2-AA-19-3
5411681038001;M2-AA-19-3
5411681401164;M2-AA-19-3
5412138617510;M2-AA-19-3
5412858000081;M2-AA-19-3
5425025120017;M2-AA-19-3
5425025122035;M2-AA-19-3
3119789831099;M2-AA-19-4
3244851005334;M2-AA-19-4
3278720000960;M2-AA-19-4
3291820009213;M2-AA-19-4
3291820013012;M2-AA-19-4
3291820013036;M2-AA-19-4
3291820013807;M2-AA-19-4
3484700000923;M2-AA-19-4
4002103248484;M2-AA-19-4
4003883594808;M2-AA-19-4
4066600611981;M2-AA-19-4
5000213008232;M2-AA-19-4
5028403170682;M2-AA-19-4
5028403170903;M2-AA-19-4
5052542000074;M2-AA-19-4
5056025440494;M2-AA-19-4
5056025475885;M2-AA-19-4
5391500600650;M2-AA-19-4
0000054050051;M2-AA-19-4
5407008430344;M2-AA-19-4
5407008430436;M2-AA-19-4
0000054079021;M2-AA-19-4
5410228222958;M2-AA-19-4
5410228282587;M2-AA-19-4
5410228285182;M2-AA-19-4
5410228291190;M2-AA-19-4
5410228291206;M2-AA-19-4
5410228291336;M2-AA-19-4
5410228319085;M2-AA-19-4
5410263931679;M2-AA-19-4
5410693100553;M2-AA-19-4
5411081000509;M2-AA-19-4
5411081000967;M2-AA-19-4
5411081003661;M2-AA-19-4
5411081009892;M2-AA-19-4
5411491003893;M2-AA-19-4
5411551080222;M2-AA-19-4
5411551171036;M2-AA-19-4
5411551210513;M2-AA-19-4
5411681402635;M2-AA-19-4
5411681405186;M2-AA-19-4
5412186000043;M2-AA-19-4
5412186000098;M2-AA-19-4
5412186002436;M2-AA-19-4
5412343201337;M2-AA-19-4
5412858000104;M2-AA-19-4
6901035601030;M2-AA-19-4
7310070004208;M2-AA-19-4
7310070004222;M2-AA-19-4
7310070004871;M2-AA-19-4
8008440246004;M2-AA-19-4
8711406000496;M2-AA-19-4
8711406022207;M2-AA-19-4
8711406121580;M2-AA-19-4
8711406135723;M2-AA-19-4
9311493002220;M2-AA-19-4
3175520018655;M2-AA-2-1
3175529632302;M2-AA-2-1
3175529632333;M2-AA-2-1
3198129882519;M2-AA-2-1
3211200174812;M2-AA-2-1
3211203420039;M2-AA-2-1
3211203420121;M2-AA-2-1
3256220239493;M2-AA-2-1
3256220270731;M2-AA-2-1
3256222988252;M2-AA-2-1
3256226752989;M2-AA-2-1
3274440055914;M2-AA-2-1
3274440055921;M2-AA-2-1
3368956838908;M2-AA-2-1
3368956838922;M2-AA-2-1
3522760000016;M2-AA-2-1
3575930000903;M2-AA-2-1
3760118601120;M2-AA-2-1
3021891403166;M2-AA-2-2
3175520018716;M2-AA-2-2
3193661254350;M2-AA-2-2
3215190007846;M2-AA-2-2
3249381002914;M2-AA-2-2
3256226081034;M2-AA-2-2
3256228404657;M2-AA-2-2
3256228655370;M2-AA-2-2
3259861651259;M2-AA-2-2
3263286301323;M2-AA-2-2
3263286328993;M2-AA-2-2
3263286345518;M2-AA-2-2
3274440055907;M2-AA-2-2
3288843032922;M2-AA-2-2
3352260065402;M2-AA-2-2
3368957985861;M2-AA-2-2
3429679943635;M2-AA-2-2
3500610150371;M2-AA-2-2
3514120102508;M2-AA-2-2
3514120106384;M2-AA-2-2
3514120106391;M2-AA-2-2
3514122148498;M2-AA-2-2
3514123109641;M2-AA-2-2
3514123113754;M2-AA-2-2
3700290115503;M2-AA-2-2
3760091224972;M2-AA-2-2
8422288003214;M2-AA-2-2
3186128052484;M2-AA-2-3
3211209133483;M2-AA-2-3
3211209133575;M2-AA-2-3
3211209135067;M2-AA-2-3
3231230219055;M2-AA-2-3
3244081500708;M2-AA-2-3
3251092216184;M2-AA-2-3
3256220026307;M2-AA-2-3
3296184017423;M2-AA-2-3
3298662979186;M2-AA-2-3
3300780016671;M2-AA-2-3
3300780017005;M2-AA-2-3
3300780080870;M2-AA-2-3
3337690204560;M2-AA-2-3
3345631490309;M2-AA-2-3
3348008830791;M2-AA-2-3
3348008831699;M2-AA-2-3
3348008840233;M2-AA-2-3
3359950323514;M2-AA-2-3
3368952505309;M2-AA-2-3
3368952505323;M2-AA-2-3
3500610124396;M2-AA-2-3
3521211842076;M2-AA-2-3
3521211842304;M2-AA-2-3
3760004440598;M2-AA-2-3
3760033593876;M2-AA-2-3
3760105790400;M2-AA-2-3
3760129530099;M2-AA-2-3
3760192630030;M2-AA-2-3
3760218912409;M2-AA-2-3
3172256050089;M2-AA-2-4
3172256050096;M2-AA-2-4
3172256050119;M2-AA-2-4
3172256050225;M2-AA-2-4
3175520019461;M2-AA-2-4
3175520019492;M2-AA-2-4
3175520019522;M2-AA-2-4
3175529653420;M2-AA-2-4
3179077542458;M2-AA-2-4
3179077542472;M2-AA-2-4
3211209135098;M2-AA-2-4
3244081500609;M2-AA-2-4
3251091501755;M2-AA-2-4
3251091914265;M2-AA-2-4
3256220367356;M2-AA-2-4
3256220367547;M2-AA-2-4
3256220367622;M2-AA-2-4
3256220367660;M2-AA-2-4
3256220367776;M2-AA-2-4
3256220653428;M2-AA-2-4
3256220658690;M2-AA-2-4
3256220660709;M2-AA-2-4
3256220660853;M2-AA-2-4
3256220857604;M2-AA-2-4
3256220870450;M2-AA-2-4
3256225222421;M2-AA-2-4
3262151637376;M2-AA-2-4
3267980067165;M2-AA-2-4
3271923171048;M2-AA-2-4
3514123111767;M2-AA-2-4
0085000020319;M2-AA-2-5
3175520410046;M2-AA-2-5
3179410153891;M2-AA-2-5
3180284973812;M2-AA-2-5
3180284973874;M2-AA-2-5
3263286325886;M2-AA-2-5
3263286347130;M2-AA-2-5
3274440059950;M2-AA-2-5
3700689909003;M2-AA-2-5
3760118600765;M2-AA-2-5
3760195711941;M2-AA-2-5
3831002406463;M2-AA-2-5
5281004051204;M2-AA-2-5
5601007001332;M2-AA-2-5
5601012011500;M2-AA-2-5
5601012045505;M2-AA-2-5
6001108066886;M2-AA-2-5
6009638240332;M2-AA-2-5
7758218000727;M2-AA-2-5
7798141871902;M2-AA-2-5
7804300010638;M2-AA-2-5
7804320087016;M2-AA-2-5
7804320256900;M2-AA-2-5
7808734200184;M2-AA-2-5
7808734200238;M2-AA-2-5
7896756804718;M2-AA-2-5
8001592006366;M2-AA-2-5
8002793000504;M2-AA-2-5
8002793022148;M2-AA-2-5
8008900006230;M2-AA-2-5
8052783850558;M2-AA-2-5
8054314342488;M2-AA-2-5
8055136280002;M2-AA-2-5
8410113001443;M2-AA-2-5
8437008356082;M2-AA-2-5
8437009332306;M2-AA-2-5
9322214007806;M2-AA-2-5
3112722034410;M2-AA-3-1
3175529622433;M2-AA-3-1
3175529626813;M2-AA-3-1
3211200141999;M2-AA-3-1
3211209176626;M2-AA-3-1
3249381040985;M2-AA-3-1
3256220239943;M2-AA-3-1
3256221056167;M2-AA-3-1
3256221671292;M2-AA-3-1
3256225044139;M2-AA-3-1
3256228665423;M2-AA-3-1
3368957802908;M2-AA-3-1
3368957855898;M2-AA-3-1
3491411100156;M2-AA-3-1
3572710906318;M2-AA-3-1
3175520019393;M2-AA-3-2
3211203433343;M2-AA-3-2
3256220239868;M2-AA-3-2
3256221055368;M2-AA-3-2
3256221239089;M2-AA-3-2
3256221239492;M2-AA-3-2
3256222652634;M2-AA-3-2
3256223289150;M2-AA-3-2
3256225038022;M2-AA-3-2
3256225283125;M2-AA-3-2
3256225283149;M2-AA-3-2
3256226080976;M2-AA-3-2
3256227093968;M2-AA-3-2
3352260048702;M2-AA-3-2
3429679942553;M2-AA-3-2
3438910862451;M2-AA-3-2
3760120180200;M2-AA-3-2
3179077062802;M2-AA-3-3
3211201063894;M2-AA-3-3
3211209271529;M2-AA-3-3
3256220239950;M2-AA-3-3
3256220239974;M2-AA-3-3
3256221114539;M2-AA-3-3
3256221239058;M2-AA-3-3
3256221239348;M2-AA-3-3
3256221981735;M2-AA-3-3
3256221981759;M2-AA-3-3
3256222978093;M2-AA-3-3
3256225282180;M2-AA-3-3
3256225429202;M2-AA-3-3
3256225436996;M2-AA-3-3
3256225721702;M2-AA-3-3
3256226386108;M2-AA-3-3
3362727000563;M2-AA-3-3
3362727010326;M2-AA-3-3
3700956506850;M2-AA-3-3
3175520009349;M2-AA-3-4
3175520017276;M2-AA-3-4
3211201063849;M2-AA-3-4
3256220239820;M2-AA-3-4
3256220270694;M2-AA-3-4
3256220275422;M2-AA-3-4
3256220870627;M2-AA-3-4
3368951595851;M2-AA-3-4
3368957855881;M2-AA-3-4
3500610027468;M2-AA-3-4
3500610031366;M2-AA-3-4
3514120210128;M2-AA-3-4
3175520009387;M2-AA-3-5
3175529632548;M2-AA-3-5
3211200018079;M2-AA-3-5
3211209271000;M2-AA-3-5
3249381040886;M2-AA-3-5
3249381040916;M2-AA-3-5
3256228655547;M2-AA-3-5
3274440056348;M2-AA-3-5
3368953209428;M2-AA-3-5
3491411100149;M2-AA-3-5
3514123112344;M2-AA-3-5
3572710902310;M2-AA-3-5
3021891000266;M2-AA-4-1
3045710026695;M2-AA-4-1
3045710030920;M2-AA-4-1
3045710030944;M2-AA-4-1
3112725025712;M2-AA-4-1
3112725045017;M2-AA-4-1
3148592010513;M2-AA-4-1
3175528450211;M2-AA-4-1
3175528450242;M2-AA-4-1
3175529631732;M2-AA-4-1
3175529631756;M2-AA-4-1
3175529649577;M2-AA-4-1
3175529653024;M2-AA-4-1
3211200034765;M2-AA-4-1
3211209159544;M2-AA-4-1
3256226090494;M2-AA-4-1
3256226790578;M2-AA-4-1
3256226790684;M2-AA-4-1
3256226790691;M2-AA-4-1
3256226790745;M2-AA-4-1
3256227091544;M2-AA-4-1
3256227457401;M2-AA-4-1
3256227463563;M2-AA-4-1
3256228440495;M2-AA-4-1
3381781002177;M2-AA-4-1
3175520009301;M2-AA-4-2
3175529624765;M2-AA-4-2
3175529633170;M2-AA-4-2
3175529653031;M2-AA-4-2
3211200032334;M2-AA-4-2
3211200142088;M2-AA-4-2
3211201063948;M2-AA-4-2
3249381040954;M2-AA-4-2
3256222246093;M2-AA-4-2
3256222246109;M2-AA-4-2
3256223661529;M2-AA-4-2
3491411100163;M2-AA-4-2
3500610146831;M2-AA-4-2
3514120210104;M2-AA-4-2
3514123112351;M2-AA-4-2
3760114001160;M2-AA-4-2
3175529640451;M2-AA-4-3
3211200117796;M2-AA-4-3
3211209123903;M2-AA-4-3
3244081705806;M2-AA-4-3
3256220239936;M2-AA-4-3
3256222990477;M2-AA-4-3
3256223707340;M2-AA-4-3
3256224871583;M2-AA-4-3
3256225283132;M2-AA-4-3
3256228118318;M2-AA-4-3
3256228665430;M2-AA-4-3
3274440056355;M2-AA-4-3
3368957872819;M2-AA-4-3
3500610032820;M2-AA-4-3
3507110005019;M2-AA-4-3
3517290300019;M2-AA-4-3
3760127873754;M2-AA-4-3
3179071000343;M2-AA-4-4
3244081500807;M2-AA-4-4
3245370858043;M2-AA-4-4
3256220239929;M2-AA-4-4
3256220239981;M2-AA-4-4
3256221672251;M2-AA-4-4
3256221981742;M2-AA-4-4
3256223379530;M2-AA-4-4
3256225429196;M2-AA-4-4
3256225432349;M2-AA-4-4
3256225436989;M2-AA-4-4
3256225738441;M2-AA-4-4
3256226081027;M2-AA-4-4
3256227086328;M2-AA-4-4
3256227446863;M2-AA-4-4
3760093633703;M2-AA-4-4
3114468001084;M2-AA-5-1
3114468001114;M2-AA-5-1
3114468001145;M2-AA-5-1
3114468001206;M2-AA-5-1
3114468001428;M2-AA-5-1
3211200213122;M2-AA-5-1
3211209207917;M2-AA-5-1
3211209220503;M2-AA-5-1
3211209254461;M2-AA-5-1
3211209269434;M2-AA-5-1
3211209269533;M2-AA-5-1
3256223661994;M2-AA-5-1
3256223662007;M2-AA-5-1
3256223662014;M2-AA-5-1
3256224806967;M2-AA-5-1
3256224806974;M2-AA-5-1
3256225425747;M2-AA-5-1
3256226998912;M2-AA-5-1
3256227461828;M2-AA-5-1
3256227461842;M2-AA-5-1
3256227461866;M2-AA-5-1
3142703400002;M2-AA-5-2
3175529636799;M2-AA-5-2
3175529653093;M2-AA-5-2
3186127810948;M2-AA-5-2
3186128137808;M2-AA-5-2
3211200100545;M2-AA-5-2
3244081500005;M2-AA-5-2
3244087600105;M2-AA-5-2
3256223412589;M2-AA-5-2
3256817007580;M2-AA-5-2
3334861003465;M2-AA-5-2
3348008839336;M2-AA-5-2
3348008839350;M2-AA-5-2
3389240000153;M2-AA-5-2
3438910878353;M2-AA-5-2
3438990000477;M2-AA-5-2
3500610135927;M2-AA-5-2
3760033596259;M2-AA-5-2
3760091224231;M2-AA-5-2
3760124775648;M2-AA-5-2
3760124775662;M2-AA-5-2
3760124775679;M2-AA-5-2
3021891300199;M2-AA-5-3
3120581441737;M2-AA-5-3
3176780025926;M2-AA-5-3
3231230230388;M2-AA-5-3
3256220239899;M2-AA-5-3
3256222988276;M2-AA-5-3
3256229178618;M2-AA-5-3
3256817011877;M2-AA-5-3
3259861651235;M2-AA-5-3
3274440055891;M2-AA-5-3
3288843234784;M2-AA-5-3
3334861002598;M2-AA-5-3
3338480003110;M2-AA-5-3
3348008831811;M2-AA-5-3
3352260112304;M2-AA-5-3
3452790000451;M2-AA-5-3
3500610089350;M2-AA-5-3
3500610135910;M2-AA-5-3
3514120100290;M2-AA-5-3
3514123109658;M2-AA-5-3
3514123127607;M2-AA-5-3
3760076610097;M2-AA-5-3
3760172574316;M2-AA-5-3
3760204750763;M2-AA-5-3
3760280007478;M2-AA-5-3
3760295162421;M2-AA-5-3
3021891400103;M2-AA-5-4
3172258001430;M2-AA-5-4
3172258002437;M2-AA-5-4
3175520018686;M2-AA-5-4
3175520020597;M2-AA-5-4
3175529633224;M2-AA-5-4
3175529665645;M2-AA-5-4
3177170062026;M2-AA-5-4
3198129882540;M2-AA-5-4
3211200174751;M2-AA-5-4
3211203420091;M2-AA-5-4
3256228122032;M2-AA-5-4
3256228655332;M2-AA-5-4
3263280102179;M2-AA-5-4
3263286301385;M2-AA-5-4
3296180005394;M2-AA-5-4
3368957790960;M2-AA-5-4
3514120107008;M2-AA-5-4
3514123112320;M2-AA-5-4
3760032567366;M2-AA-5-4
3061950200008;M2-AA-6-1
3142640618553;M2-AA-6-1
3142640618607;M2-AA-6-1
3142640619055;M2-AA-6-1
3142707707008;M2-AA-6-1
3175520018921;M2-AA-6-1
3211200252268;M2-AA-6-1
3211209987642;M2-AA-6-1
3244085100003;M2-AA-6-1
3256220584401;M2-AA-6-1
3256222261102;M2-AA-6-1
3256225429172;M2-AA-6-1
3269210254062;M2-AA-6-1
3285650712320;M2-AA-6-1
3334861003823;M2-AA-6-1
3334861003908;M2-AA-6-1
3345631440205;M2-AA-6-1
3381781003266;M2-AA-6-1
3381781003341;M2-AA-6-1
3389240014150;M2-AA-6-1
3389240019155;M2-AA-6-1
3500610135934;M2-AA-6-1
3547102222000;M2-AA-6-1
3604894755458;M2-AA-6-1
3604894763880;M2-AA-6-1
3760022532152;M2-AA-6-1
3760051303501;M2-AA-6-1
3760105790417;M2-AA-6-1
3760125942094;M2-AA-6-1
3760146022980;M2-AA-6-1
3760158943020;M2-AA-6-1
3061954000000;M2-AA-6-2
3142806827768;M2-AA-6-2
3179071001005;M2-AA-6-2
3198129271764;M2-AA-6-2
3211203432766;M2-AA-6-2
3217661016050;M2-AA-6-2
3244081705202;M2-AA-6-2
3256220499545;M2-AA-6-2
3256221980158;M2-AA-6-2
3256223379509;M2-AA-6-2
3256224903703;M2-AA-6-2
3256224952671;M2-AA-6-2
3256229517417;M2-AA-6-2
3268950006993;M2-AA-6-2
3296180004229;M2-AA-6-2
3330620009952;M2-AA-6-2
3333580009000;M2-AA-6-2
3333580020272;M2-AA-6-2
3334861002352;M2-AA-6-2
3377180002528;M2-AA-6-2
3391184100059;M2-AA-6-2
3481661004755;M2-AA-6-2
3700013192323;M2-AA-6-2
3760170020013;M2-AA-6-2
3760172572138;M2-AA-6-2
3760350840165;M2-AA-6-2
3148591901324;M2-AA-6-3
3186127761868;M2-AA-6-3
3186128077678;M2-AA-6-3
3256220264198;M2-AA-6-3
3256220269827;M2-AA-6-3
3256226081010;M2-AA-6-3
3256227446887;M2-AA-6-3
3352260064702;M2-AA-6-3
3379431690072;M2-AA-6-3
3397380004962;M2-AA-6-3
3468000045761;M2-AA-6-3
3514120107107;M2-AA-6-3
3581171103679;M2-AA-6-3
3760108243996;M2-AA-6-3
3760136860035;M2-AA-6-3
3760157173206;M2-AA-6-3
3770007689375;M2-AA-6-3
3149070028785;M2-AA-6-4
3172250014223;M2-AA-6-4
3176780037639;M2-AA-6-4
3211201055318;M2-AA-6-4
3211209149897;M2-AA-6-4
3231230213671;M2-AA-6-4
3231230215088;M2-AA-6-4
3256220652827;M2-AA-6-4
3256221422160;M2-AA-6-4
3256225738427;M2-AA-6-4
3256227446924;M2-AA-6-4
3258690021370;M2-AA-6-4
3258691331508;M2-AA-6-4
3262153633758;M2-AA-6-4
3539414120020;M2-AA-6-4
3760024760133;M2-AA-6-4
3760032566000;M2-AA-6-4
3760090400353;M2-AA-6-4
3760195700037;M2-AA-6-4
3760212121197;M2-AA-6-4
3760223631081;M2-AA-6-4
3770016835060;M2-AA-6-4
3149070029256;M2-AA-6-5
3198129936083;M2-AA-6-5
3211203445759;M2-AA-6-5
3221580071373;M2-AA-6-5
3256220367608;M2-AA-6-5
3256225037964;M2-AA-6-5
3265970000178;M2-AA-6-5
3289850032226;M2-AA-6-5
3344430752243;M2-AA-6-5
3346320541012;M2-AA-6-5
3504148000016;M2-AA-6-5
3507110013137;M2-AA-6-5
3507110014653;M2-AA-6-5
3760024760010;M2-AA-6-5
3760296710669;M2-AA-6-5
3040072696784;M2-AA-7-1
3040072696791;M2-AA-7-1
3151850003790;M2-AA-7-1
3179075023942;M2-AA-7-1
3186128098666;M2-AA-7-1
3217661024833;M2-AA-7-1
3219850057240;M2-AA-7-1
3256220508018;M2-AA-7-1
3256220516488;M2-AA-7-1
3256220659208;M2-AA-7-1
3279989961061;M2-AA-7-1
3298662888624;M2-AA-7-1
3330541302163;M2-AA-7-1
3330548001786;M2-AA-7-1
3330548001793;M2-AA-7-1
3359950361660;M2-AA-7-1
3362871511014;M2-AA-7-1
3365385000401;M2-AA-7-1
3379810128066;M2-AA-7-1
3391184120057;M2-AA-7-1
3393900000117;M2-AA-7-1
3436800218012;M2-AA-7-1
3454140015375;M2-AA-7-1
3455591908100;M2-AA-7-1
3463640063212;M2-AA-7-1
3506707047111;M2-AA-7-1
3506707075213;M2-AA-7-1
3514123121841;M2-AA-7-1
3543420000238;M2-AA-7-1
3570590109362;M2-AA-7-1
3660600036808;M2-AA-7-1
3760009243033;M2-AA-7-1
3760036860036;M2-AA-7-1
3760068640118;M2-AA-7-1
3760085481411;M2-AA-7-1
3760205570490;M2-AA-7-1
3760240514299;M2-AA-7-1
3760320420205;M2-AA-7-1
3142920715415;M2-AA-7-2
3181341579916;M2-AA-7-2
3186127761219;M2-AA-7-2
3186127836252;M2-AA-7-2
3217661015855;M2-AA-7-2
3219850054669;M2-AA-7-2
3231230219802;M2-AA-7-2
3234783373427;M2-AA-7-2
3248847701170;M2-AA-7-2
3256225637539;M2-AA-7-2
3259868654529;M2-AA-7-2
3270250380673;M2-AA-7-2
3270873038227;M2-AA-7-2
3271861772215;M2-AA-7-2
3292060015033;M2-AA-7-2
3296180000047;M2-AA-7-2
3298020852373;M2-AA-7-2
3300261732588;M2-AA-7-2
3300944751066;M2-AA-7-2
3332418009564;M2-AA-7-2
3333580008980;M2-AA-7-2
3372220000106;M2-AA-7-2
3379431181457;M2-AA-7-2
3419700000147;M2-AA-7-2
3426280000016;M2-AA-7-2
3436804711014;M2-AA-7-2
3458081004009;M2-AA-7-2
3460940802510;M2-AA-7-2
3463640021137;M2-AA-7-2
3475770000241;M2-AA-7-2
3506481010004;M2-AA-7-2
3514123104394;M2-AA-7-2
3514123117899;M2-AA-7-2
3521211121201;M2-AA-7-2
3549310919116;M2-AA-7-2
3577075151939;M2-AA-7-2
3700689908617;M2-AA-7-2
3760010292648;M2-AA-7-2
3760052286407;M2-AA-7-2
3760056969733;M2-AA-7-2
3760084163417;M2-AA-7-2
3760174753702;M2-AA-7-2
3760185611480;M2-AA-7-2
3760230812527;M2-AA-7-2
3770003240013;M2-AA-7-2
3142642820350;M2-AA-7-3
3172250003357;M2-AA-7-3
3186128077739;M2-AA-7-3
3186128115325;M2-AA-7-3
3211209134442;M2-AA-7-3
3215190011478;M2-AA-7-3
3256224290148;M2-AA-7-3
3257650085933;M2-AA-7-3
3258690040432;M2-AA-7-3
3258691331539;M2-AA-7-3
3259863650427;M2-AA-7-3
3296363017107;M2-AA-7-3
3348008813114;M2-AA-7-3
3348008818515;M2-AA-7-3
3381780102137;M2-AA-7-3
3438910865933;M2-AA-7-3
3438910866572;M2-AA-7-3
3439770100103;M2-AA-7-3
3455960003566;M2-AA-7-3
3480520010241;M2-AA-7-3
3500610109768;M2-AA-7-3
3760033590035;M2-AA-7-3
3760036918256;M2-AA-7-3
3760055227766;M2-AA-7-3
3760325401209;M2-AA-7-3
3770020271007;M2-AA-7-3
2000000918501;M2-AA-7-4
3172250002473;M2-AA-7-4
3215190002452;M2-AA-7-4
3245370723051;M2-AA-7-4
3256220172912;M2-AA-7-4
3257731233000;M2-AA-7-4
3289850063404;M2-AA-7-4
3289850064067;M2-AA-7-4
3289850065743;M2-AA-7-4
3302441175079;M2-AA-7-4
3302444175076;M2-AA-7-4
3306830003066;M2-AA-7-4
3348008813701;M2-AA-7-4
3349130008225;M2-AA-7-4
3349130810224;M2-AA-7-4
3362720511073;M2-AA-7-4
3378482102879;M2-AA-7-4
3393900000049;M2-AA-7-4
3483850000333;M2-AA-7-4
3507921099115;M2-AA-7-4
3512670128757;M2-AA-7-4
3514020000034;M2-AA-7-4
3570550000432;M2-AA-7-4
3664374000843;M2-AA-7-4
3664374001840;M2-AA-7-4
3701267912040;M2-AA-7-4
3760030005914;M2-AA-7-4
3760032566024;M2-AA-7-4
3760032566406;M2-AA-7-4
3760032566666;M2-AA-7-4
3760032568486;M2-AA-7-4
3760039730091;M2-AA-7-4
3760076461101;M2-AA-7-4
3760078214644;M2-AA-7-4
3760097400301;M2-AA-7-4
3760131580716;M2-AA-7-4
3760131580839;M2-AA-7-4
3760131582130;M2-AA-7-4
3760136860042;M2-AA-7-4
3760169580771;M2-AA-7-4
3760196740117;M2-AA-7-4
3760218910078;M2-AA-7-4
3760290645356;M2-AA-7-4
3760290646766;M2-AA-7-4
3760295161752;M2-AA-7-4
3760295161776;M2-AA-7-4
3770002438114;M2-AA-7-4
3770016095013;M2-AA-7-4
3770034442073;M2-AA-7-4
3172250008055;M2-AA-7-5
3198129917792;M2-AA-7-5
3198129917853;M2-AA-7-5
3215190003077;M2-AA-7-5
3221580071526;M2-AA-7-5
3256220367738;M2-AA-7-5
3256220367752;M2-AA-7-5
3256224359494;M2-AA-7-5
3338480012945;M2-AA-7-5
3338480031151;M2-AA-7-5
3338480074189;M2-AA-7-5
3471379900029;M2-AA-7-5
3471379900036;M2-AA-7-5
3507110013748;M2-AA-7-5
3545800023011;M2-AA-7-5
3545800023042;M2-AA-7-5
3584011671208;M2-AA-7-5
3760024760140;M2-AA-7-5
3760039731685;M2-AA-7-5
3760039731739;M2-AA-7-5
3760076610004;M2-AA-7-5
3760076610110;M2-AA-7-5
3760184680142;M2-AA-7-5
3760187003009;M2-AA-7-5
3760187400006;M2-AA-7-5
3760209380019;M2-AA-7-5
3760209380194;M2-AA-7-5
3760218912089;M2-AA-7-5
3760223631029;M2-AA-7-5
3760233945963;M2-AA-7-5
3760267841132;M2-AA-7-5
3770001399201;M2-AA-7-5
3770009114516;M2-AA-7-5
3770012462017;M2-AA-7-5
3112729018239;M2-AA-8-1
3148592010650;M2-AA-8-1
3148592010674;M2-AA-8-1
3175529656711;M2-AA-8-1
3175529665584;M2-AA-8-1
3231230202583;M2-AA-8-1
3249381025593;M2-AA-8-1
3256226790752;M2-AA-8-1
3256228653857;M2-AA-8-1
3263286301316;M2-AA-8-1
3270040222435;M2-AA-8-1
3289850064814;M2-AA-8-1
3500610146862;M2-AA-8-1
3500610146879;M2-AA-8-1
3500610146886;M2-AA-8-1
3514120105387;M2-AA-8-1
3760085610743;M2-AA-8-1
3760085610750;M2-AA-8-1
3760106370076;M2-AA-8-1
3760118602165;M2-AA-8-1
3760251403742;M2-AA-8-1
4041584007319;M2-AA-8-1
8422288006130;M2-AA-8-1
3148592003195;M2-AA-8-2
3172258006022;M2-AA-8-2
3175520018594;M2-AA-8-2
3175520018624;M2-AA-8-2
3176780025919;M2-AA-8-2
3198129882571;M2-AA-8-2
3211203420060;M2-AA-8-2
3211209212553;M2-AA-8-2
3215190007785;M2-AA-8-2
3256220239790;M2-AA-8-2
3256224702719;M2-AA-8-2
3256226376758;M2-AA-8-2
3256817011846;M2-AA-8-2
3259861651228;M2-AA-8-2
3263286350161;M2-AA-8-2
3274440063964;M2-AA-8-2
3280850001199;M2-AA-8-2
3289850062834;M2-AA-8-2
3333580020265;M2-AA-8-2
3352260067604;M2-AA-8-2
3368956047874;M2-AA-8-2
3368956838946;M2-AA-8-2
3368957802885;M2-AA-8-2
3514120106360;M2-AA-8-2
3514123101294;M2-AA-8-2
3514123112337;M2-AA-8-2
3569401016579;M2-AA-8-2
3661935732014;M2-AA-8-2
3701117113481;M2-AA-8-2
3760066364122;M2-AA-8-2
3760085610552;M2-AA-8-2
3760118601144;M2-AA-8-2
3760143731540;M2-AA-8-2
3760204750701;M2-AA-8-2
3149070029607;M2-AA-8-3
3175529665379;M2-AA-8-3
3186127826307;M2-AA-8-3
3192371111823;M2-AA-8-3
3198129271603;M2-AA-8-3
3211201021429;M2-AA-8-3
3211209188759;M2-AA-8-3
3248841800060;M2-AA-8-3
3251091008131;M2-AA-8-3
3256220367646;M2-AA-8-3
3256220653091;M2-AA-8-3
3256226402631;M2-AA-8-3
3256226790776;M2-AA-8-3
3259860651243;M2-AA-8-3
3270250548844;M2-AA-8-3
3289850062452;M2-AA-8-3
3300943714079;M2-AA-8-3
3338480065699;M2-AA-8-3
3348008839428;M2-AA-8-3
3412251010870;M2-AA-8-3
3464670000086;M2-AA-8-3
3464670014755;M2-AA-8-3
3475768200196;M2-AA-8-3
3475770000258;M2-AA-8-3
3496771620757;M2-AA-8-3
3500610150395;M2-AA-8-3
3504146000018;M2-AA-8-3
3507110013908;M2-AA-8-3
3664374001475;M2-AA-8-3
3700484806156;M2-AA-8-3
3760017931229;M2-AA-8-3
3760143141172;M2-AA-8-3
3760143733728;M2-AA-8-3
3760172570042;M2-AA-8-3
3156090521585;M2-AA-8-4
3156090522209;M2-AA-8-4
3156090523121;M2-AA-8-4
3192371121907;M2-AA-8-4
3211201039677;M2-AA-8-4
3221249150449;M2-AA-8-4
3221249350344;M2-AA-8-4
3251091407071;M2-AA-8-4
3251091414123;M2-AA-8-4
3256220653343;M2-AA-8-4
3256220653367;M2-AA-8-4
3256220653381;M2-AA-8-4
3256220653404;M2-AA-8-4
3256220653442;M2-AA-8-4
3267980037137;M2-AA-8-4
3267980067134;M2-AA-8-4
3274550511867;M2-AA-8-4
3274550562265;M2-AA-8-4
3283632418567;M2-AA-8-4
3321321512315;M2-AA-8-4
3348008820976;M2-AA-8-4
3475484752115;M2-AA-8-4
3545460000100;M2-AA-8-4
3545460000308;M2-AA-8-4
3545461000338;M2-AA-8-4
3760000156127;M2-AA-8-4
3760000156431;M2-AA-8-4
3760000156646;M2-AA-8-4
3760098751211;M2-AA-8-4
3760098751310;M2-AA-8-4
3760185610766;M2-AA-8-4
3760269042469;M2-AA-8-4
3770025202020;M2-AA-8-4
3770025202129;M2-AA-8-4
3018333007167;M2-AA-9-1
3018334100010;M2-AA-9-1
3018334200000;M2-AA-9-1
3076000864406;M2-AA-9-1
3113910412010;M2-AA-9-1
3113930499107;M2-AA-9-1
3113934001627;M2-AA-9-1
3113934004130;M2-AA-9-1
3185370785249;M2-AA-9-1
3253950000492;M2-AA-9-1
3253950000522;M2-AA-9-1
3253950000546;M2-AA-9-1
3256220017695;M2-AA-9-1
3256220017701;M2-AA-9-1
3256221136173;M2-AA-9-1
3256221971101;M2-AA-9-1
3282946007306;M2-AA-9-1
3282946016759;M2-AA-9-1
3282946016773;M2-AA-9-1
3282946019552;M2-AA-9-1
3282946104630;M2-AA-9-1
3287210000953;M2-AA-9-1
3287210004203;M2-AA-9-1
3292050130388;M2-AA-9-1
3292050133426;M2-AA-9-1
3352379006365;M2-AA-9-1
3368950406691;M2-AA-9-1
3416180014305;M2-AA-9-1
3416180017504;M2-AA-9-1
3416180142367;M2-AA-9-1
3416181017169;M2-AA-9-1
3416185017943;M2-AA-9-1
3434180000029;M2-AA-9-1
3434180000135;M2-AA-9-1
3441030001006;M2-AA-9-1
3463000010115;M2-AA-9-1
3463001000009;M2-AA-9-1
3463001001037;M2-AA-9-1
3594940000048;M2-AA-9-1
3760017730921;M2-AA-9-1
3760017733212;M2-AA-9-1
3760017733724;M2-AA-9-1
3760017733991;M2-AA-9-1
3760128524457;M2-AA-9-1
3760197910298;M2-AA-9-1
3043700104330;M2-AA-9-2
3049614154164;M2-AA-9-2
3113910312013;M2-AA-9-2
3113910314017;M2-AA-9-2
3113910322012;M2-AA-9-2
3113934004147;M2-AA-9-2
3113934004178;M2-AA-9-2
3253958000166;M2-AA-9-2
3256221134698;M2-AA-9-2
3256221135770;M2-AA-9-2
3256221143027;M2-AA-9-2
3256223411209;M2-AA-9-2
3256224757269;M2-AA-9-2
3282946015837;M2-AA-9-2
3282946100090;M2-AA-9-2
3287210000113;M2-AA-9-2
3287210006108;M2-AA-9-2
3352379006426;M2-AA-9-2
3416180018419;M2-AA-9-2
3700252001240;M2-AA-9-2
3760017731157;M2-AA-9-2
3760017733885;M2-AA-9-2
3760089510124;M2-AA-9-2
3760152110022;M2-AA-9-2
3770015480018;M2-AA-9-2
3055150001831;M2-AA-9-3
3055150001855;M2-AA-9-3
3055150001862;M2-AA-9-3
3104690001716;M2-AA-9-3
3104690017823;M2-AA-9-3
3104760003855;M2-AA-9-3
3104760003862;M2-AA-9-3
3104760003886;M2-AA-9-3
3180290028384;M2-AA-9-3
3180290028407;M2-AA-9-3
3180290028544;M2-AA-9-3
3180290028582;M2-AA-9-3
3180290028605;M2-AA-9-3
3180290028612;M2-AA-9-3
3180290033326;M2-AA-9-3
3180290093757;M2-AA-9-3
3180333968011;M2-AA-9-3
3256222989624;M2-AA-9-3
3256222989631;M2-AA-9-3
3256222989648;M2-AA-9-3
3256223373033;M2-AA-9-3
3256223740200;M2-AA-9-3
3256226080983;M2-AA-9-3
3256226080990;M2-AA-9-3
3256226081003;M2-AA-9-3
3353480000174;M2-AA-9-3
3381661000286;M2-AA-9-3
8000368202605;M2-AA-9-3
8000368918742;M2-AA-9-3
8000428026653;M2-AA-9-3
8000428027902;M2-AA-9-3
8006805399013;M2-AA-9-3
8010719001610;M2-AA-9-3
8010719012937;M2-AA-9-3
8052783850473;M2-AA-9-3
8052783850725;M2-AA-9-3
8410036001094;M2-AA-9-3
8410036009014;M2-AA-9-3
8410036009090;M2-AA-9-3
3052884380164;M2-AA-9-4
3052885450163;M2-AA-9-4
3113590000187;M2-AA-9-4
3113590000781;M2-AA-9-4
3151330303914;M2-AA-9-4
3151330308117;M2-AA-9-4
3151330313616;M2-AA-9-4
3151330401818;M2-AA-9-4
3215190002728;M2-AA-9-4
3215190002742;M2-AA-9-4
3215190002766;M2-AA-9-4
3215190002780;M2-AA-9-4
3215190009277;M2-AA-9-4
3221580049815;M2-AA-9-4
3256220171250;M2-AA-9-4
3256220171267;M2-AA-9-4
3256221136609;M2-AA-9-4
3256221136616;M2-AA-9-4
3322047000070;M2-AA-9-4
3322047000087;M2-AA-9-4
3322047011151;M2-AA-9-4
3353480000020;M2-AA-9-4
3483850000111;M2-AA-9-4
3483850000227;M2-AA-9-4
3760078210158;M2-AA-9-4
3760078210233;M2-AA-9-4
3760078211582;M2-AA-9-4
3760078212916;M2-AA-9-4
3760078212961;M2-AA-9-4
3052885400175;M2-AA-9-5
3052886800165;M2-AA-9-5
3113590000392;M2-AA-9-5
3113590005700;M2-AA-9-5
3113590007001;M2-AA-9-5
3151330301910;M2-AA-9-5
3151330306014;M2-AA-9-5
3151330310219;M2-AA-9-5
3151330331313;M2-AA-9-5
3151330332211;M2-AA-9-5
3151330335533;M2-AA-9-5
3156090033033;M2-AA-9-5
3183520704522;M2-AA-9-5
3183523700019;M2-AA-9-5
3221240001955;M2-AA-9-5
3221240002952;M2-AA-9-5
3221240100559;M2-AA-9-5
3221240435613;M2-AA-9-5
3221580033623;M2-AA-9-5
3221580054970;M2-AA-9-5
3221580058510;M2-AA-9-5
3221580067253;M2-AA-9-5
3256221981773;M2-AA-9-5
3256221981780;M2-AA-9-5
3256221981797;M2-AA-9-5
3256221981810;M2-AA-9-5
3267980007130;M2-AA-9-5
3299641004011;M2-AA-9-5
3308230000201;M2-AA-9-5
3308230000614;M2-AA-9-5
3371808000552;M2-AA-9-5
3507110018507;M2-AA-9-5
3770016547628;M2-AA-9-5
3058080000059;M2-AA-9-6
3058080000066;M2-AA-9-6
3058080068219;M2-AA-9-6
3058080068226;M2-AA-9-6
3058080079345;M2-AA-9-6
3058080079727;M2-AA-9-6
3058080079741;M2-AA-9-6
3256221304848;M2-AA-9-6
3256221981803;M2-AA-9-6
3256225428458;M2-AA-9-6
3256227110559;M2-AA-9-6
3296180007527;M2-AA-9-6
3296180007534;M2-AA-9-6
3299641100010;M2-AA-9-6
3299641113935;M2-AA-9-6
3416140120022;M2-AA-9-6
3416140120220;M2-AA-9-6
3416140121869;M2-AA-9-6
3416145020006;M2-AA-9-6
3433347036130;M2-AA-9-6
3438931007251;M2-AA-9-6
3438931010411;M2-AA-9-6
3438931010428;M2-AA-9-6
3438933001844;M2-AA-9-6
3438933001851;M2-AA-9-6
3438935001958;M2-AA-9-6
3500610084676;M2-AA-9-6
3500610093708;M2-AA-9-6
3500610096174;M2-AA-9-6
3047101955492;M2-AA-9-7
3113590006820;M2-AA-9-7
3113590006851;M2-AA-9-7
3113590006912;M2-AA-9-7
3138670640015;M2-AA-9-7
3138670640022;M2-AA-9-7
3138670640039;M2-AA-9-7
3148592002983;M2-AA-9-7
3244080900004;M2-AA-9-7
3244081000000;M2-AA-9-7
3244081100007;M2-AA-9-7
3256220443623;M2-AA-9-7
3256220444392;M2-AA-9-7
3438931000429;M2-AA-9-7
3438931000436;M2-AA-9-7
3438931000597;M2-AA-9-7
3438931004656;M2-AA-9-7
3438931010312;M2-AA-9-7
3438931015249;M2-AA-9-7
3438935005284;M2-AA-9-7
3485340390108;M2-AA-9-7
3065890128354;M2-BB-1-1
3256220661683;M2-BB-1-1
3256225036370;M2-BB-1-1
3256225129133;M2-BB-1-1
3256225436187;M2-BB-1-1
3256228411280;M2-BB-1-1
3256228434012;M2-BB-1-1
3256228448323;M2-BB-1-1
3256228449498;M2-BB-1-1
3256228466563;M2-BB-1-1
3428170007372;M2-BB-1-1
3428170007396;M2-BB-1-1
3660992012350;M2-BB-1-1
3660992012381;M2-BB-1-1
3660992012398;M2-BB-1-1
3660992012404;M2-BB-1-1
3660992023028;M2-BB-1-1
4008239235206;M2-BB-1-1
4008429046483;M2-BB-1-1
4008429046551;M2-BB-1-1
4008429081668;M2-BB-1-1
4008429081699;M2-BB-1-1
4008429140693;M2-BB-1-1
4008429140754;M2-BB-1-1
4008429151132;M2-BB-1-1
4008429151224;M2-BB-1-1
4008429170737;M2-BB-1-1
5998749117750;M2-BB-1-1
5998749117774;M2-BB-1-1
5998749117798;M2-BB-1-1
5998749118238;M2-BB-1-1
5998749143025;M2-BB-1-1
5998749146118;M2-BB-1-1
5998749146132;M2-BB-1-1
5998749146170;M2-BB-1-1
5998749146187;M2-BB-1-1
5998749146231;M2-BB-1-1
7610376164249;M2-BB-1-1
7613033737091;M2-BB-1-1
7613035939882;M2-BB-1-1
7613035939899;M2-BB-1-1
7613036724258;M2-BB-1-1
7613036724272;M2-BB-1-1
7613037978018;M2-BB-1-1
7613287171559;M2-BB-1-1
7613287171573;M2-BB-1-1
8445291527355;M2-BB-1-1
3065890125711;M2-BB-1-10
3065890134829;M2-BB-1-10
3065890135093;M2-BB-1-10
3065890135116;M2-BB-1-10
3065890135147;M2-BB-1-10
3065890135161;M2-BB-1-10
3065890135208;M2-BB-1-10
3065890135222;M2-BB-1-10
3065890135246;M2-BB-1-10
3256221661187;M2-BB-1-10
3256221661279;M2-BB-1-10
3256222711423;M2-BB-1-10
3256222711430;M2-BB-1-10
3256228116000;M2-BB-1-10
3256228410221;M2-BB-1-10
3256228410245;M2-BB-1-10
3256229804432;M2-BB-1-10
3428460056295;M2-BB-1-10
3428460056301;M2-BB-1-10
3428460056318;M2-BB-1-10
3428460082553;M2-BB-1-10
3660992012435;M2-BB-1-10
3660992012442;M2-BB-1-10
3660992012459;M2-BB-1-10
3660992016419;M2-BB-1-10
3660992016518;M2-BB-1-10
3760080530817;M2-BB-1-10
3760080530824;M2-BB-1-10
3760080530930;M2-BB-1-10
5056273609292;M2-BB-1-10
5056273609315;M2-BB-1-10
5056273609339;M2-BB-1-10
5056273609346;M2-BB-1-10
5056273609391;M2-BB-1-10
5056273609414;M2-BB-1-10
5056273609421;M2-BB-1-10
5056273609438;M2-BB-1-10
5056273609483;M2-BB-1-10
8410136019883;M2-BB-1-10
8410136019920;M2-BB-1-10
8410650633848;M2-BB-1-10
8410650633855;M2-BB-1-10
8445290298478;M2-BB-1-10
8445290753670;M2-BB-1-10
8445290753847;M2-BB-1-10
3065890125377;M2-BB-1-11
3065890125391;M2-BB-1-11
3065890138391;M2-BB-1-11
3065890152830;M2-BB-1-11
3065890152878;M2-BB-1-11
3065890153189;M2-BB-1-11
3065890153202;M2-BB-1-11
3065890154469;M2-BB-1-11
3256220173612;M2-BB-1-11
3256221661057;M2-BB-1-11
3256222803272;M2-BB-1-11
3256228410276;M2-BB-1-11
3256229804449;M2-BB-1-11
3256229804456;M2-BB-1-11
3281010000113;M2-BB-1-11
3281010003954;M2-BB-1-11
3281018648010;M2-BB-1-11
3281018656602;M2-BB-1-11
3281018668001;M2-BB-1-11
3281018677706;M2-BB-1-11
3281018833010;M2-BB-1-11
3428460051214;M2-BB-1-11
3428460051504;M2-BB-1-11
3428460082577;M2-BB-1-11
3660992012282;M2-BB-1-11
3660992016389;M2-BB-1-11
4004218128781;M2-BB-1-11
4004218726345;M2-BB-1-11
4004218726482;M2-BB-1-11
4004218732551;M2-BB-1-11
4004218735620;M2-BB-1-11
4004218736771;M2-BB-1-11
4004218739901;M2-BB-1-11
4004218741751;M2-BB-1-11
4004218746169;M2-BB-1-11
4004218746176;M2-BB-1-11
4004218762091;M2-BB-1-11
3256221404869;M2-BB-1-12
3256221404876;M2-BB-1-12
3256221404883;M2-BB-1-12
3256221404920;M2-BB-1-12
3256221404937;M2-BB-1-12
3256221404951;M2-BB-1-12
3256221404968;M2-BB-1-12
3256221404975;M2-BB-1-12
3256229017931;M2-BB-1-12
3281010007310;M2-BB-1-12
3281011001829;M2-BB-1-12
3281011001904;M2-BB-1-12
3281011002000;M2-BB-1-12
3281011002024;M2-BB-1-12
3281011002048;M2-BB-1-12
3281011002079;M2-BB-1-12
3281011002086;M2-BB-1-12
3281011002123;M2-BB-1-12
3281011002161;M2-BB-1-12
3281011002178;M2-BB-1-12
3281011002185;M2-BB-1-12
3281011002321;M2-BB-1-12
3281018480016;M2-BB-1-12
3281018480023;M2-BB-1-12
3281018480030;M2-BB-1-12
3281018480047;M2-BB-1-12
3281018480054;M2-BB-1-12
3281018480078;M2-BB-1-12
3281018480108;M2-BB-1-12
3281018480139;M2-BB-1-12
3281018480153;M2-BB-1-12
3281018485011;M2-BB-1-12
3281018485028;M2-BB-1-12
3281018702033;M2-BB-1-12
3660992012268;M2-BB-1-12
3660992012299;M2-BB-1-12
3660992012305;M2-BB-1-12
3660992012329;M2-BB-1-12
3660992012336;M2-BB-1-12
3660992012343;M2-BB-1-12
3271766330053;M2-BB-1-13
3271766380065;M2-BB-1-13
3271766781855;M2-BB-1-13
3271767330137;M2-BB-1-13
3271767330380;M2-BB-1-13
3271767380217;M2-BB-1-13
3271767480252;M2-BB-1-13
3271767480269;M2-BB-1-13
3271767720181;M2-BB-1-13
3271767720198;M2-BB-1-13
3271767760231;M2-BB-1-13
3271767760514;M2-BB-1-13
3271767820072;M2-BB-1-13
3271767820089;M2-BB-1-13
3271767880526;M2-BB-1-13
3271768691848;M2-BB-1-13
3281010001158;M2-BB-1-13
3281011001423;M2-BB-1-13
3281011001454;M2-BB-1-13
3660992012480;M2-BB-1-13
3660992012497;M2-BB-1-13
3065890001060;M2-BB-1-2
3065890001107;M2-BB-1-2
3065890073616;M2-BB-1-2
3065890088337;M2-BB-1-2
3065890095236;M2-BB-1-2
3065890102699;M2-BB-1-2
3065890153585;M2-BB-1-2
3065890153608;M2-BB-1-2
3065890153615;M2-BB-1-2
3065890153707;M2-BB-1-2
3065890153738;M2-BB-1-2
3256220173827;M2-BB-1-2
3256220173834;M2-BB-1-2
3256222990439;M2-BB-1-2
3256224990383;M2-BB-1-2
3256228116048;M2-BB-1-2
3256229804388;M2-BB-1-2
3256229804395;M2-BB-1-2
3256229804401;M2-BB-1-2
3660992012374;M2-BB-1-2
3660992020935;M2-BB-1-2
4008429152207;M2-BB-1-2
4008429156007;M2-BB-1-2
4008429156236;M2-BB-1-2
4008429171307;M2-BB-1-2
4008429171369;M2-BB-1-2
4770608262051;M2-BB-1-2
4770608262068;M2-BB-1-2
4770608262075;M2-BB-1-2
5900951251092;M2-BB-1-2
5900951299797;M2-BB-1-2
3256222795058;M2-BB-1-3
3256222803296;M2-BB-1-3
3256222824864;M2-BB-1-3
3256228115997;M2-BB-1-3
3256228116031;M2-BB-1-3
3256228408266;M2-BB-1-3
3256228408297;M2-BB-1-3
3256228408303;M2-BB-1-3
3256228408310;M2-BB-1-3
3256228408334;M2-BB-1-3
3256228480200;M2-BB-1-3
3256228480293;M2-BB-1-3
3256228480309;M2-BB-1-3
3256228481962;M2-BB-1-3
3256228482136;M2-BB-1-3
3428460002421;M2-BB-1-3
3428460082522;M2-BB-1-3
7613036632126;M2-BB-1-3
7613036730358;M2-BB-1-3
7613037528770;M2-BB-1-3
7613037528879;M2-BB-1-3
7613287328366;M2-BB-1-3
7613287328380;M2-BB-1-3
7613287333124;M2-BB-1-3
7613287333407;M2-BB-1-3
7613287334497;M2-BB-1-3
7613287334985;M2-BB-1-3
7613287335005;M2-BB-1-3
7613287335012;M2-BB-1-3
7613287335036;M2-BB-1-3
3010470170117;M2-BB-1-4
3065890100121;M2-BB-1-4
3065890108523;M2-BB-1-4
3065890121942;M2-BB-1-4
3065890122666;M2-BB-1-4
3222270493901;M2-BB-1-4
3222270550673;M2-BB-1-4
3256222712314;M2-BB-1-4
3256222712376;M2-BB-1-4
3256228115966;M2-BB-1-4
3256228115973;M2-BB-1-4
3256229804418;M2-BB-1-4
3256229804425;M2-BB-1-4
3256229804685;M2-BB-1-4
4008429123320;M2-BB-1-4
4008429123368;M2-BB-1-4
4008429134791;M2-BB-1-4
4008429134883;M2-BB-1-4
4770608244163;M2-BB-1-4
4770608246969;M2-BB-1-4
4770608247027;M2-BB-1-4
4770608253233;M2-BB-1-4
4770608254353;M2-BB-1-4
4770608255886;M2-BB-1-4
4770608256166;M2-BB-1-4
4770608259938;M2-BB-1-4
4770608264758;M2-BB-1-4
4770608267056;M2-BB-1-4
4770608267315;M2-BB-1-4
7613032955748;M2-BB-1-4
7613032959425;M2-BB-1-4
7613034452481;M2-BB-1-4
7613035464261;M2-BB-1-4
7613036705165;M2-BB-1-4
7613038053677;M2-BB-1-4
7613038054636;M2-BB-1-4
7613287071262;M2-BB-1-4
7613287080646;M2-BB-1-4
8445290505330;M2-BB-1-4
8445290985811;M2-BB-1-4
8445291446991;M2-BB-1-4
8445291447981;M2-BB-1-4
8853301003506;M2-BB-1-4
8853301003629;M2-BB-1-4
5000161032433;M2-BB-1-5
5000161032457;M2-BB-1-5
7613030432807;M2-BB-1-5
7613030946021;M2-BB-1-5
7613031466009;M2-BB-1-5
7613033574788;M2-BB-1-5
7613033683923;M2-BB-1-5
7613034452214;M2-BB-1-5
7613034453907;M2-BB-1-5
7613034464927;M2-BB-1-5
7613034465252;M2-BB-1-5
7613034940377;M2-BB-1-5
7613034997661;M2-BB-1-5
7613035525641;M2-BB-1-5
7613036142922;M2-BB-1-5
7613287149312;M2-BB-1-5
7613287790866;M2-BB-1-5
8410136010248;M2-BB-1-5
8410136010262;M2-BB-1-5
8410136010286;M2-BB-1-5
8410650233598;M2-BB-1-5
8410650233611;M2-BB-1-5
8410650545561;M2-BB-1-5
8410650547572;M2-BB-1-5
8410650547589;M2-BB-1-5
8410650547596;M2-BB-1-5
8410650547626;M2-BB-1-5
8410650547633;M2-BB-1-5
8410650590615;M2-BB-1-5
8410650590646;M2-BB-1-5
8410650610702;M2-BB-1-5
8445291501560;M2-BB-1-5
8445291501614;M2-BB-1-5
3256220574969;M2-BB-1-6
3256220575133;M2-BB-1-6
3256220575171;M2-BB-1-6
3256220575195;M2-BB-1-6
3256220575232;M2-BB-1-6
3256220575256;M2-BB-1-6
3256220575263;M2-BB-1-6
3256225435180;M2-BB-1-6
3256225435197;M2-BB-1-6
3256227763304;M2-BB-1-6
3256227763311;M2-BB-1-6
3256228407832;M2-BB-1-6
3256228407849;M2-BB-1-6
3256228407856;M2-BB-1-6
3256228407863;M2-BB-1-6
3256228675798;M2-BB-1-6
3256228675804;M2-BB-1-6
3256228675811;M2-BB-1-6
3256228675835;M2-BB-1-6
3256228675842;M2-BB-1-6
3256228675859;M2-BB-1-6
3281018190410;M2-BB-1-6
3281018190427;M2-BB-1-6
3281018190465;M2-BB-1-6
3281018388152;M2-BB-1-6
3281019002606;M2-BB-1-6
3281019012735;M2-BB-1-6
3281019012964;M2-BB-1-6
3281019014555;M2-BB-1-6
3281019014579;M2-BB-1-6
3281019014586;M2-BB-1-6
3281019014609;M2-BB-1-6
3281019014647;M2-BB-1-6
3281019015576;M2-BB-1-6
3281019016900;M2-BB-1-6
3281019016917;M2-BB-1-6
3281019016955;M2-BB-1-6
3428170000236;M2-BB-1-6
3428170002049;M2-BB-1-6
3428170003459;M2-BB-1-6
3428170004340;M2-BB-1-6
3428170004630;M2-BB-1-6
3428170004821;M2-BB-1-6
3428170005156;M2-BB-1-6
3428170005194;M2-BB-1-6
3428170005668;M2-BB-1-6
3428170006085;M2-BB-1-6
3428170006092;M2-BB-1-6
3428170006160;M2-BB-1-6
3428170006191;M2-BB-1-6
3428170006429;M2-BB-1-6
3428170006443;M2-BB-1-6
3428170006542;M2-BB-1-6
3660992016433;M2-BB-1-6
3760080534884;M2-BB-1-6
3256220573696;M2-BB-1-7
3256220573702;M2-BB-1-7
3256220573863;M2-BB-1-7
3256220573887;M2-BB-1-7
3256220573900;M2-BB-1-7
3256220574013;M2-BB-1-7
3256220574211;M2-BB-1-7
3256220574266;M2-BB-1-7
3256220574471;M2-BB-1-7
3256220574907;M2-BB-1-7
3256220574921;M2-BB-1-7
3256221404784;M2-BB-1-7
3256221404791;M2-BB-1-7
3256228675828;M2-BB-1-7
3281018190168;M2-BB-1-7
3281018190472;M2-BB-1-7
3281018191011;M2-BB-1-7
3281018191080;M2-BB-1-7
3281019013565;M2-BB-1-7
3281019014272;M2-BB-1-7
3281019014357;M2-BB-1-7
3281019014470;M2-BB-1-7
3281019016146;M2-BB-1-7
3281019016214;M2-BB-1-7
3281019016238;M2-BB-1-7
3281019016252;M2-BB-1-7
3281019016337;M2-BB-1-7
3281019016351;M2-BB-1-7
3281019016382;M2-BB-1-7
3281019016481;M2-BB-1-7
3281019016511;M2-BB-1-7
3281019016559;M2-BB-1-7
3281019016603;M2-BB-1-7
3428170000014;M2-BB-1-7
3428170004852;M2-BB-1-7
3428170004951;M2-BB-1-7
4000498002605;M2-BB-1-7
4000498002612;M2-BB-1-7
4000498003190;M2-BB-1-7
4000498011096;M2-BB-1-7
5010394001502;M2-BB-1-7
5010394001526;M2-BB-1-7
5010394002103;M2-BB-1-7
5010394002127;M2-BB-1-7
5010394002141;M2-BB-1-7
5010394984584;M2-BB-1-7
7613035379053;M2-BB-1-7
7613035379114;M2-BB-1-7
7613035379770;M2-BB-1-7
7613036342889;M2-BB-1-7
7613287758361;M2-BB-1-7
7613287758460;M2-BB-1-7
8445291146334;M2-BB-1-7
3281018004847;M2-BB-1-8
5010394001410;M2-BB-1-8
5010394001915;M2-BB-1-8
5998749108093;M2-BB-1-8
5998749108277;M2-BB-1-8
5998749110027;M2-BB-1-8
5998749147085;M2-BB-1-8
5998749147245;M2-BB-1-8
3256220661645;M2-BB-1-9
3256220661652;M2-BB-1-9
3256225435272;M2-BB-1-9
3256225435296;M2-BB-1-9
3256225436149;M2-BB-1-9
3256228426253;M2-BB-1-9
3256228434029;M2-BB-1-9
3256228434036;M2-BB-1-9
3256228434043;M2-BB-1-9
3256228449450;M2-BB-1-9
3256228449474;M2-BB-1-9
3256228467157;M2-BB-1-9
3256228550729;M2-BB-1-9
3256228550736;M2-BB-1-9
4000487227361;M2-BB-1-9
4008239230096;M2-BB-1-9
4008239231109;M2-BB-1-9
4008429105159;M2-BB-1-9
4008429105173;M2-BB-1-9
4008429169120;M2-BB-1-9
5010394003599;M2-BB-1-9
5010394003612;M2-BB-1-9
5010394004329;M2-BB-1-9
5010394133852;M2-BB-1-9
5010394996587;M2-BB-1-9
5010394997461;M2-BB-1-9
5410213009854;M2-BB-1-9
5998749128152;M2-BB-1-9
5998749128176;M2-BB-1-9
5998749134382;M2-BB-1-9
5998749139387;M2-BB-1-9
5998749139837;M2-BB-1-9
5998749140390;M2-BB-1-9
5998749140512;M2-BB-1-9
7613032372200;M2-BB-1-9
7613035893153;M2-BB-1-9
8410650587905;M2-BB-1-9
8410650587912;M2-BB-1-9
8410650587929;M2-BB-1-9
8410650587936;M2-BB-1-9
8410650587943;M2-BB-1-9
8410650587950;M2-BB-1-9
8410650609423;M2-BB-1-9
8410650609430;M2-BB-1-9
8410650609447;M2-BB-1-9
8445290782793;M2-BB-1-9
3256220575003;M2-BB-2-1
3770004562022;M2-BB-2-1
3222270001205;M2-BB-2-10
3222270146173;M2-BB-2-10
3700260417637;M2-BB-2-10
3700260417651;M2-BB-2-10
4008429161940;M2-BB-2-10
4008429161964;M2-BB-2-10
4008429161988;M2-BB-2-10
4008429162084;M2-BB-2-10
4008429162091;M2-BB-2-10
4008429162121;M2-BB-2-10
7613032452339;M2-BB-2-10
7613036120425;M2-BB-2-10
8410650627861;M2-BB-2-10
3256228268693;M2-BB-2-11
3256228421654;M2-BB-2-11
3256228421661;M2-BB-2-11
3256228421678;M2-BB-2-11
3256228421692;M2-BB-2-11
3256228421708;M2-BB-2-11
3256228421739;M2-BB-2-11
3256228449672;M2-BB-2-11
3256229909809;M2-BB-2-11
4008429163616;M2-BB-2-11
7336014497509;M2-BB-2-12
8445290950079;M2-BB-2-12
8445290975713;M2-BB-2-12
8445290975829;M2-BB-2-12
8445290976208;M2-BB-2-12
8445290976505;M2-BB-2-12
8445290976604;M2-BB-2-12
8445290977038;M2-BB-2-12
8445290977212;M2-BB-2-12
3660992012466;M2-BB-2-13
3660992012473;M2-BB-2-13
7613287003829;M2-BB-2-13
7613287007025;M2-BB-2-13
7613287012340;M2-BB-2-13
7613287012371;M2-BB-2-13
8445290437679;M2-BB-2-13
3256226383121;M2-BB-2-2
3256228410931;M2-BB-2-2
3256228410948;M2-BB-2-2
3700081425408;M2-BB-2-2
4008429022128;M2-BB-2-2
4008429081279;M2-BB-2-2
4008429104299;M2-BB-2-2
4008429594915;M2-BB-2-2
4008429694608;M2-BB-2-2
3256222645575;M2-BB-2-3
3256222805245;M2-BB-2-3
3256228410955;M2-BB-2-3
3660992016396;M2-BB-2-3
3660992023035;M2-BB-2-3
3760060014689;M2-BB-2-3
3760060015433;M2-BB-2-3
3760060015952;M2-BB-2-3
3760060015990;M2-BB-2-3
3760060016737;M2-BB-2-3
3760060016874;M2-BB-2-3
3256228421746;M2-BB-2-4
3256228421753;M2-BB-2-4
3256228421760;M2-BB-2-4
3256228421777;M2-BB-2-4
3256228421784;M2-BB-2-4
3256228421791;M2-BB-2-4
3256228421807;M2-BB-2-4
3256228422040;M2-BB-2-4
3700260208846;M2-BB-2-4
3700260208853;M2-BB-2-4
3700260216148;M2-BB-2-4
3700260217176;M2-BB-2-4
3700260217183;M2-BB-2-4
3700260245117;M2-BB-2-4
3700260417767;M2-BB-2-4
3700260417774;M2-BB-2-4
3700260418245;M2-BB-2-4
3700260418252;M2-BB-2-4
8410650009841;M2-BB-2-4
8410650160214;M2-BB-2-4
8410650201191;M2-BB-2-4
8410650201207;M2-BB-2-4
8410650220246;M2-BB-2-4
8410650220260;M2-BB-2-4
8410650227498;M2-BB-2-4
8410650233925;M2-BB-2-4
8410650238852;M2-BB-2-4
3222270180764;M2-BB-2-5
3222270494083;M2-BB-2-5
3222270550765;M2-BB-2-5
3222270834353;M2-BB-2-5
4008429159664;M2-BB-2-5
5000161019656;M2-BB-2-5
5000161029839;M2-BB-2-5
5900951307706;M2-BB-2-5
5900951308154;M2-BB-2-5
7613031571390;M2-BB-2-5
7613032759155;M2-BB-2-5
7613033136351;M2-BB-2-5
7613033514449;M2-BB-2-5
7613033663246;M2-BB-2-5
7613034129376;M2-BB-2-5
7613034560858;M2-BB-2-5
7613034955418;M2-BB-2-5
7613035845084;M2-BB-2-5
7613036716321;M2-BB-2-5
7613038195148;M2-BB-2-5
7613039596074;M2-BB-2-5
7613287162151;M2-BB-2-5
8445290938091;M2-BB-2-5
8445290938220;M2-BB-2-5
3256228421579;M2-BB-2-6
3256228421609;M2-BB-2-6
3256228421647;M2-BB-2-6
3700260417705;M2-BB-2-6
3700260417712;M2-BB-2-6
3700260417729;M2-BB-2-6
3700260417743;M2-BB-2-6
3700260417750;M2-BB-2-6
5000161019632;M2-BB-2-6
5000161019649;M2-BB-2-6
5000161021703;M2-BB-2-6
5000161021710;M2-BB-2-6
5900951320491;M2-BB-2-6
5900951355943;M2-BB-2-6
5998749129111;M2-BB-2-6
5998749129135;M2-BB-2-6
5998749144152;M2-BB-2-6
7613031306480;M2-BB-2-6
7613033294860;M2-BB-2-6
7613034444455;M2-BB-2-6
8445290082558;M2-BB-2-6
8445290082572;M2-BB-2-6
8445290459640;M2-BB-2-6
8445290472809;M2-BB-2-6
3256228421555;M2-BB-2-7
3256228421562;M2-BB-2-7
3256228421586;M2-BB-2-7
3256228421593;M2-BB-2-7
3256228421616;M2-BB-2-7
3256228421623;M2-BB-2-7
3256228421630;M2-BB-2-7
3256228449658;M2-BB-2-7
3660992012411;M2-BB-2-7
3660992023042;M2-BB-2-7
8445290950123;M2-BB-2-7
8445290950154;M2-BB-2-7
8445290965592;M2-BB-2-7
8445290976406;M2-BB-2-7
8445290976475;M2-BB-2-7
8445290976734;M2-BB-2-7
8445290976857;M2-BB-2-7
8445290977069;M2-BB-2-7
8445291617018;M2-BB-2-7
8445291762824;M2-BB-2-7
3256228421500;M2-BB-2-8
3256228421517;M2-BB-2-8
3256228421524;M2-BB-2-8
3256228421531;M2-BB-2-8
3256228421548;M2-BB-2-8
3700260417187;M2-BB-2-8
3700260417200;M2-BB-2-8
3700260417217;M2-BB-2-8
3700260417231;M2-BB-2-8
3700260417248;M2-BB-2-8
3700260417262;M2-BB-2-8
3700260418221;M2-BB-2-8
3700260418238;M2-BB-2-8
3760080533474;M2-BB-2-8
3760080533511;M2-BB-2-8
3760080533535;M2-BB-2-8
3760080533559;M2-BB-2-8
8410650157313;M2-BB-2-8
8410650201061;M2-BB-2-8
8410650201078;M2-BB-2-8
8410650201313;M2-BB-2-8
8410650220277;M2-BB-2-8
8410650220291;M2-BB-2-8
8410650231624;M2-BB-2-8
8410650270326;M2-BB-2-8
3256228421715;M2-BB-2-9
3256228421722;M2-BB-2-9
3700260210191;M2-BB-2-9
3700260210290;M2-BB-2-9
3700260215257;M2-BB-2-9
3700260215264;M2-BB-2-9
3700260215288;M2-BB-2-9
3700260217206;M2-BB-2-9
3700260417170;M2-BB-2-9
3700260417194;M2-BB-2-9
3700260417224;M2-BB-2-9
3700260417255;M2-BB-2-9
3700260418382;M2-BB-2-9
4008429161889;M2-BB-2-9
7613034146656;M2-BB-2-9
7613034146700;M2-BB-2-9
3045200520610;M2-BB-4-1
3045200520627;M2-BB-4-1
3045200600138;M2-BB-4-1
3045200640134;M2-BB-4-1
3045206152679;M2-BB-4-1
3045206155120;M2-BB-4-1
3045206157049;M2-BB-4-1
3045206157155;M2-BB-4-1
3045206157698;M2-BB-4-1
3045206157728;M2-BB-4-1
3045206158077;M2-BB-4-1
3045206158138;M2-BB-4-1
3059940006761;M2-BB-4-1
3059940006976;M2-BB-4-1
3059940049225;M2-BB-4-1
3059940049324;M2-BB-4-1
3059940049447;M2-BB-4-1
3059942030993;M2-BB-4-1
3152210008042;M2-BB-4-1
3152210008301;M2-BB-4-1
3152210229249;M2-BB-4-1
3178041350747;M2-BB-4-1
3178041356350;M2-BB-4-1
3178041356367;M2-BB-4-1
3178041356374;M2-BB-4-1
3178041356381;M2-BB-4-1
3178041356404;M2-BB-4-1
3178041356442;M2-BB-4-1
3178041356459;M2-BB-4-1
3178041356596;M2-BB-4-1
3178041356602;M2-BB-4-1
3178041366281;M2-BB-4-1
3178041366403;M2-BB-4-1
3182611236508;M2-BB-4-1
3256223369654;M2-BB-4-1
3256223369661;M2-BB-4-1
3256224360797;M2-BB-4-1
3256226396770;M2-BB-4-1
3256227110917;M2-BB-4-1
3256227744761;M2-BB-4-1
3256227744778;M2-BB-4-1
3383482295759;M2-BB-4-1
3383482295780;M2-BB-4-1
3383482301085;M2-BB-4-1
3665468100135;M2-BB-4-1
3665468700755;M2-BB-4-1
4008455422718;M2-BB-4-1
4008455446417;M2-BB-4-1
5410036501016;M2-BB-4-1
8700216320535;M2-BB-4-10
8700216320559;M2-BB-4-10
8700216320580;M2-BB-4-10
8700216320603;M2-BB-4-10
8700216320658;M2-BB-4-10
8700216320726;M2-BB-4-10
8700216320887;M2-BB-4-10
8700216321020;M2-BB-4-10
8700216660198;M2-BB-4-10
8712100069475;M2-BB-4-10
8720181285585;M2-BB-4-10
8720181285622;M2-BB-4-10
8720181285639;M2-BB-4-10
8720181285646;M2-BB-4-10
8720181285776;M2-BB-4-10
8720181285783;M2-BB-4-10
8720181352348;M2-BB-4-10
8720181664595;M2-BB-4-10
3178041360609;M2-BB-4-11
3178041360647;M2-BB-4-11
3178041360654;M2-BB-4-11
3178041360746;M2-BB-4-11
3178041360753;M2-BB-4-11
3256228119667;M2-BB-4-11
3256228119681;M2-BB-4-11
3256228119704;M2-BB-4-11
3256228119728;M2-BB-4-11
8700216123884;M2-BB-4-11
8700216123969;M2-BB-4-11
8720181288937;M2-BB-4-11
8720181288944;M2-BB-4-11
8720181288951;M2-BB-4-11
8720181288968;M2-BB-4-11
8720181288982;M2-BB-4-11
3178041357975;M2-BB-4-12
3178041358217;M2-BB-4-12
3178041363488;M2-BB-4-12
3178041363495;M2-BB-4-12
3178041363570;M2-BB-4-12
3178041364140;M2-BB-4-12
3178041364164;M2-BB-4-12
3178041364188;M2-BB-4-12
3178041364478;M2-BB-4-12
3178041369749;M2-BB-4-12
3256227748691;M2-BB-4-12
3256227748707;M2-BB-4-12
3256227748714;M2-BB-4-12
3256227748738;M2-BB-4-12
3256227748752;M2-BB-4-12
3256227762697;M2-BB-4-12
3256227762703;M2-BB-4-12
3256228104601;M2-BB-4-12
3256228104618;M2-BB-4-12
3660992012695;M2-BB-4-12
3178041356039;M2-BB-4-13
3178041363389;M2-BB-4-13
3178041363426;M2-BB-4-13
3178041363730;M2-BB-4-13
3256224060611;M2-BB-4-13
3256224763444;M2-BB-4-13
3256228418784;M2-BB-4-13
3256229263086;M2-BB-4-13
3256229263093;M2-BB-4-13
3256229263109;M2-BB-4-13
3256229263116;M2-BB-4-13
3665468601427;M2-BB-4-13
4015400871293;M2-BB-4-13
4015400871392;M2-BB-4-13
4015600885069;M2-BB-4-13
8001090978950;M2-BB-4-13
8001841604039;M2-BB-4-13
8712561336277;M2-BB-4-13
8712561344494;M2-BB-4-13
8712561353472;M2-BB-4-13
8712566711895;M2-BB-4-13
8712566712250;M2-BB-4-13
3010350002880;M2-BB-4-2
3045200119005;M2-BB-4-2
3045200232001;M2-BB-4-2
3045200236009;M2-BB-4-2
3045200237006;M2-BB-4-2
3045200680000;M2-BB-4-2
3045200682004;M2-BB-4-2
3045200760009;M2-BB-4-2
3045206331005;M2-BB-4-2
3045206360609;M2-BB-4-2
3045206361002;M2-BB-4-2
3045206362207;M2-BB-4-2
3045206382007;M2-BB-4-2
3045206382700;M2-BB-4-2
3045206440110;M2-BB-4-2
3059942033086;M2-BB-4-2
3152210228358;M2-BB-4-2
3152210229188;M2-BB-4-2
3152210229195;M2-BB-4-2
3178041329330;M2-BB-4-2
3178041341462;M2-BB-4-2
3178041341646;M2-BB-4-2
3178041349925;M2-BB-4-2
3182611233101;M2-BB-4-2
3182611233118;M2-BB-4-2
3182611235105;M2-BB-4-2
3256220063487;M2-BB-4-2
3256220509855;M2-BB-4-2
3256222652511;M2-BB-4-2
3256225162048;M2-BB-4-2
3256225736904;M2-BB-4-2
3256226531607;M2-BB-4-2
3256226531638;M2-BB-4-2
3256227553561;M2-BB-4-2
3256227752605;M2-BB-4-2
3256227752612;M2-BB-4-2
3256227762154;M2-BB-4-2
3256228438423;M2-BB-4-2
3256228438430;M2-BB-4-2
3256228657046;M2-BB-4-2
3383482303584;M2-BB-4-2
3665468700878;M2-BB-4-2
3665468700885;M2-BB-4-2
4008455371511;M2-BB-4-2
4008455446714;M2-BB-4-2
5410036501047;M2-BB-4-2
8001480021402;M2-BB-4-2
8006540875131;M2-BB-4-2
8006540897379;M2-BB-4-2
8006540897478;M2-BB-4-2
8411660210609;M2-BB-4-2
3256225432431;M2-BB-4-3
3256225432448;M2-BB-4-3
3256225432455;M2-BB-4-3
3256225432462;M2-BB-4-3
3256225432479;M2-BB-4-3
3256225432486;M2-BB-4-3
3256225432530;M2-BB-4-3
3256225432547;M2-BB-4-3
3256225432554;M2-BB-4-3
3256225432561;M2-BB-4-3
3256227082238;M2-BB-4-3
3256227082252;M2-BB-4-3
3256227871962;M2-BB-4-3
3256227871979;M2-BB-4-3
3256227871986;M2-BB-4-3
3256227872006;M2-BB-4-3
8006540090473;M2-BB-4-3
8006540887882;M2-BB-4-3
8006540887967;M2-BB-4-3
8006540888414;M2-BB-4-3
8006540896693;M2-BB-4-3
8006540896709;M2-BB-4-3
8006540896778;M2-BB-4-3
8006540896815;M2-BB-4-3
8700216294232;M2-BB-4-3
8700216294362;M2-BB-4-3
8700216294423;M2-BB-4-3
8700216294461;M2-BB-4-3
8700216294478;M2-BB-4-3
8700216316514;M2-BB-4-3
8700216316866;M2-BB-4-3
8700216317283;M2-BB-4-3
8700216625814;M2-BB-4-3
3256226176587;M2-BB-4-4
3256229533721;M2-BB-4-4
3450601028632;M2-BB-4-4
3450601028656;M2-BB-4-4
4009175944092;M2-BB-4-4
8714789091105;M2-BB-4-4
8718951535053;M2-BB-4-4
8718951551725;M2-BB-4-4
8718951551787;M2-BB-4-4
8718951551817;M2-BB-4-4
8718951551848;M2-BB-4-4
8718951552838;M2-BB-4-4
8718951552876;M2-BB-4-4
8718951553026;M2-BB-4-4
8718951554764;M2-BB-4-4
8718951555143;M2-BB-4-4
8718951555679;M2-BB-4-4
8718951556447;M2-BB-4-4
8718951561090;M2-BB-4-4
8718951561137;M2-BB-4-4
8718951561175;M2-BB-4-4
8718951579934;M2-BB-4-4
8718951580114;M2-BB-4-4
8718951581920;M2-BB-4-4
8718951635432;M2-BB-4-4
8718951635463;M2-BB-4-4
8718951643222;M2-BB-4-4
8720181253195;M2-BB-4-4
8720181253201;M2-BB-4-4
8720181253225;M2-BB-4-4
8720181253232;M2-BB-4-4
3178041342698;M2-BB-4-5
3178041342735;M2-BB-4-5
3178041352130;M2-BB-4-5
3178041355971;M2-BB-4-5
3178041355988;M2-BB-4-5
3178041363709;M2-BB-4-5
3178041364126;M2-BB-4-5
3178041364133;M2-BB-4-5
8001090785794;M2-BB-4-5
8006540967409;M2-BB-4-5
8006540967492;M2-BB-4-5
8006540967522;M2-BB-4-5
8700216113700;M2-BB-4-5
8700216114202;M2-BB-4-5
8700216120050;M2-BB-4-5
8700216120081;M2-BB-4-5
8700216120517;M2-BB-4-5
8700216120609;M2-BB-4-5
8700216267359;M2-BB-4-5
8700216267403;M2-BB-4-5
8700216267458;M2-BB-4-5
8700216267489;M2-BB-4-5
8700216267564;M2-BB-4-5
8700216267588;M2-BB-4-5
8700216267663;M2-BB-4-5
8700216313223;M2-BB-4-5
8700216313247;M2-BB-4-5
8700216318624;M2-BB-4-5
8700216318839;M2-BB-4-5
8700216698191;M2-BB-4-5
8720181248238;M2-BB-4-5
8720181248245;M2-BB-4-5
8720181248252;M2-BB-4-5
8720181248276;M2-BB-4-5
8720181248283;M2-BB-4-5
3178041360234;M2-BB-4-6
3178041360708;M2-BB-4-6
3178041360715;M2-BB-4-6
3178041360852;M2-BB-4-6
3178041360869;M2-BB-4-6
3178041360876;M2-BB-4-6
3256224761273;M2-BB-4-6
3256228104632;M2-BB-4-6
3256228104649;M2-BB-4-6
3256228119674;M2-BB-4-6
3256228119698;M2-BB-4-6
3256228119711;M2-BB-4-6
3256228119735;M2-BB-4-6
3450601046735;M2-BB-4-6
8006540967287;M2-BB-4-6
8700216318761;M2-BB-4-6
8720181344626;M2-BB-4-6
8720181344633;M2-BB-4-6
8720181344640;M2-BB-4-6
8720181344657;M2-BB-4-6
8720181344671;M2-BB-4-6
8720181510267;M2-BB-4-6
8720181510281;M2-BB-4-6
8720181510298;M2-BB-4-6
3178041358774;M2-BB-4-7
3178041358873;M2-BB-4-7
3178041358897;M2-BB-4-7
3178041358910;M2-BB-4-7
3178041358934;M2-BB-4-7
3178041361156;M2-BB-4-7
3178041363747;M2-BB-4-7
3178041363778;M2-BB-4-7
3178041364355;M2-BB-4-7
3256227748769;M2-BB-4-7
3256227748776;M2-BB-4-7
3256228104588;M2-BB-4-7
3256228403018;M2-BB-4-7
3346029992504;M2-BB-4-7
3450601026072;M2-BB-4-7
3770017282351;M2-BB-4-7
4008455576411;M2-BB-4-7
3178041363785;M2-BB-4-8
3178041364409;M2-BB-4-8
3256228440693;M2-BB-4-8
3383482306783;M2-BB-4-8
3383482307667;M2-BB-4-8
3383482307674;M2-BB-4-8
3450601045899;M2-BB-4-8
3450601046254;M2-BB-4-8
3450601046391;M2-BB-4-8
3450601046414;M2-BB-4-8
3450601046452;M2-BB-4-8
3450601046513;M2-BB-4-8
4008455576510;M2-BB-4-8
4009175962935;M2-BB-4-8
4009175962942;M2-BB-4-8
4009175962959;M2-BB-4-8
3045206381222;M2-BB-4-9
3045206381321;M2-BB-4-9
3178041358866;M2-BB-4-9
3178041361729;M2-BB-4-9
3178041361743;M2-BB-4-9
3178041361750;M2-BB-4-9
3178041361774;M2-BB-4-9
3178041361828;M2-BB-4-9
3178041361842;M2-BB-4-9
3178041361859;M2-BB-4-9
3178041361866;M2-BB-4-9
3178041361873;M2-BB-4-9
3178041361897;M2-BB-4-9
5410091771683;M2-BB-4-9
8700216110617;M2-BB-4-9
8700216110655;M2-BB-4-9
8700216110730;M2-BB-4-9
8700216110785;M2-BB-4-9
8700216110808;M2-BB-4-9
8700216110907;M2-BB-4-9
8700216110938;M2-BB-4-9
8700216110983;M2-BB-4-9
8700216269544;M2-BB-4-9
3133200095396;M2-BB-5-1
3256227817441;M2-BB-5-1
3256227817458;M2-BB-5-1
3660992012824;M2-BB-5-1
4008455308111;M2-BB-5-1
5601028026901;M2-BB-5-1
5601028029551;M2-BB-5-1
5601028029698;M2-BB-5-1
7322540757750;M2-BB-5-1
7322540757781;M2-BB-5-1
7322540819342;M2-BB-5-1
3232767390309;M2-BB-5-10
3232767390507;M2-BB-5-10
3256220511551;M2-BB-5-10
3256220511568;M2-BB-5-10
3256224757214;M2-BB-5-10
3256224757238;M2-BB-5-10
3256224757245;M2-BB-5-10
3256225444656;M2-BB-5-10
3256225444670;M2-BB-5-10
3256225444755;M2-BB-5-10
3256225444779;M2-BB-5-10
3256228431776;M2-BB-5-10
3256228582089;M2-BB-5-10
3256228808547;M2-BB-5-10
3256228808561;M2-BB-5-10
3256228808578;M2-BB-5-10
3256228808585;M2-BB-5-10
3256228808608;M2-BB-5-10
3256228808615;M2-BB-5-10
3256228808622;M2-BB-5-10
3256228809414;M2-BB-5-10
3291911160106;M2-BB-5-10
3291911240105;M2-BB-5-10
3660992017058;M2-BB-5-10
3660992017072;M2-BB-5-10
4008871217523;M2-BB-5-10
4008871217547;M2-BB-5-10
4008871217554;M2-BB-5-10
4008871217608;M2-BB-5-10
4008871217622;M2-BB-5-10
4008871217691;M2-BB-5-10
3232763030100;M2-BB-5-11
3232767300308;M2-BB-5-11
3232767300506;M2-BB-5-11
3232767390057;M2-BB-5-11
3232767510509;M2-BB-5-11
3232768200409;M2-BB-5-11
3256220272780;M2-BB-5-11
3256221114713;M2-BB-5-11
3256224761242;M2-BB-5-11
3256225038107;M2-BB-5-11
3256225038121;M2-BB-5-11
3256225038152;M2-BB-5-11
3256225038176;M2-BB-5-11
3256225447114;M2-BB-5-11
3256225472123;M2-BB-5-11
3256225736058;M2-BB-5-11
3256228431677;M2-BB-5-11
3256228582072;M2-BB-5-11
3256228808592;M2-BB-5-11
3256229709362;M2-BB-5-11
3291911040156;M2-BB-5-11
3291912015252;M2-BB-5-11
3291917000383;M2-BB-5-11
3291918010206;M2-BB-5-11
3660992017089;M2-BB-5-11
3660992017096;M2-BB-5-11
3660992017102;M2-BB-5-11
4008871201669;M2-BB-5-11
4008871201881;M2-BB-5-11
4008871210760;M2-BB-5-11
4008871217561;M2-BB-5-11
4008871217592;M2-BB-5-11
4008871217639;M2-BB-5-11
4008871217646;M2-BB-5-11
4008871217684;M2-BB-5-11
4008871217707;M2-BB-5-11
4008871217790;M2-BB-5-11
3232763600105;M2-BB-5-12
3232764050107;M2-BB-5-12
3232764050206;M2-BB-5-12
3232768100075;M2-BB-5-12
3256220272773;M2-BB-5-12
3256220509862;M2-BB-5-12
3256221124118;M2-BB-5-12
3256221124132;M2-BB-5-12
3256221124156;M2-BB-5-12
3256224757313;M2-BB-5-12
3256225446117;M2-BB-5-12
3256225446124;M2-BB-5-12
3256225446131;M2-BB-5-12
3256225446148;M2-BB-5-12
3256225446155;M2-BB-5-12
3256225446254;M2-BB-5-12
3256225446261;M2-BB-5-12
3256225471102;M2-BB-5-12
3256225471157;M2-BB-5-12
3256225471201;M2-BB-5-12
3256225729142;M2-BB-5-12
3256225729159;M2-BB-5-12
3256229542426;M2-BB-5-12
3291916140608;M2-BB-5-12
3346029992467;M2-BB-5-12
4008871200655;M2-BB-5-12
4008871206718;M2-BB-5-12
4008871216847;M2-BB-5-12
4008871216922;M2-BB-5-12
4008871216939;M2-BB-5-12
4008871217073;M2-BB-5-12
4008871217080;M2-BB-5-12
3059942031761;M2-BB-5-13
3059942033468;M2-BB-5-13
3256224761266;M2-BB-5-13
3256227082269;M2-BB-5-13
3256227082276;M2-BB-5-13
3256227108105;M2-BB-5-13
3256228130310;M2-BB-5-13
3256228439741;M2-BB-5-13
3256228439758;M2-BB-5-13
3256228440679;M2-BB-5-13
3256228440686;M2-BB-5-13
3256228440709;M2-BB-5-13
3256228440716;M2-BB-5-13
3383482301078;M2-BB-5-13
3383482304482;M2-BB-5-13
3450601031717;M2-BB-5-13
3450601031915;M2-BB-5-13
3700992606309;M2-BB-5-13
8006540967485;M2-BB-5-13
3133200094702;M2-BB-5-2
3256220513142;M2-BB-5-2
3256226756048;M2-BB-5-2
3256228656568;M2-BB-5-2
3256228830807;M2-BB-5-2
3256220856980;M2-BB-5-3
3256225812424;M2-BB-5-3
3256226756055;M2-BB-5-3
3662138001204;M2-BB-5-3
3662138001365;M2-BB-5-3
7322541061016;M2-BB-5-3
3256220063067;M2-BB-5-4
3256221949599;M2-BB-5-4
3256221949681;M2-BB-5-4
3256227443220;M2-BB-5-4
3662138001013;M2-BB-5-4
7322540833188;M2-BB-5-4
3133200078054;M2-BB-5-5
3133200095112;M2-BB-5-5
3256221949582;M2-BB-5-5
3256222735795;M2-BB-5-5
5029053573557;M2-BB-5-5
5601028030588;M2-BB-5-5
7322540928525;M2-BB-5-5
8004260295963;M2-BB-5-5
8004260299862;M2-BB-5-5
3133200054072;M2-BB-5-6
3133200056748;M2-BB-5-6
3133200095037;M2-BB-5-6
3256222647005;M2-BB-5-6
3256224765165;M2-BB-5-6
3256227111297;M2-BB-5-6
3256227554865;M2-BB-5-6
3256227748639;M2-BB-5-6
7322540948318;M2-BB-5-6
3256222735801;M2-BB-5-7
3256224068167;M2-BB-5-7
3256224068181;M2-BB-5-7
3256224375425;M2-BB-5-7
3256226383589;M2-BB-5-7
3660992012718;M2-BB-5-7
3662138002317;M2-BB-5-7
3662138022292;M2-BB-5-7
3133200093866;M2-BB-5-8
3256224068150;M2-BB-5-8
3256224068198;M2-BB-5-8
3256224639183;M2-BB-5-8
3256228656421;M2-BB-5-8
3662138022100;M2-BB-5-8
8004260265386;M2-BB-5-8
8004260299855;M2-BB-5-8
3133200044400;M2-BB-5-9
3133200091947;M2-BB-5-9
3133200093729;M2-BB-5-9
3133200093811;M2-BB-5-9
5601028030281;M2-BB-5-9
7322541321455;M2-BB-5-9
8004260299923;M2-BB-5-9
3256224066354;M2-BB-6-1
3256224066378;M2-BB-6-1
3256224215561;M2-BB-6-1
3256224363552;M2-BB-6-1
3256225170012;M2-BB-6-1
3256225170104;M2-BB-6-1
3256225170111;M2-BB-6-1
3256225170227;M2-BB-6-1
3256225170296;M2-BB-6-1
3256225428281;M2-BB-6-1
3256225428298;M2-BB-6-1
3256225428304;M2-BB-6-1
3256226398255;M2-BB-6-1
3256226398323;M2-BB-6-1
3256226757793;M2-BB-6-1
3256226757809;M2-BB-6-1
3256226757816;M2-BB-6-1
3256226757823;M2-BB-6-1
3256227760129;M2-BB-6-1
3256227760136;M2-BB-6-1
3256228114938;M2-BB-6-1
3256228114945;M2-BB-6-1
3256228114952;M2-BB-6-1
3256228114969;M2-BB-6-1
3256228114976;M2-BB-6-1
3256228422132;M2-BB-6-1
3256228422149;M2-BB-6-1
3256228422156;M2-BB-6-1
3660992016129;M2-BB-6-1
8001090245045;M2-BB-6-1
8001090245076;M2-BB-6-1
8001090245199;M2-BB-6-1
8001841111681;M2-BB-6-1
8001841111742;M2-BB-6-1
8006540565261;M2-BB-6-1
8006540565414;M2-BB-6-1
8700216265188;M2-BB-6-1
8700216387583;M2-BB-6-1
3011261030962;M2-BB-6-10
3134373600028;M2-BB-6-10
3256220871006;M2-BB-6-10
3256221384130;M2-BB-6-10
3256222990323;M2-BB-6-10
3256222990330;M2-BB-6-10
3256225191345;M2-BB-6-10
3256225717569;M2-BB-6-10
3256225717576;M2-BB-6-10
3384121965002;M2-BB-6-10
3384123092737;M2-BB-6-10
3384123096001;M2-BB-6-10
3384123096735;M2-BB-6-10
3384123107011;M2-BB-6-10
3384126001040;M2-BB-6-10
3384126003006;M2-BB-6-10
3384126003013;M2-BB-6-10
3384126003877;M2-BB-6-10
3384128800719;M2-BB-6-10
4046719037926;M2-BB-6-10
4046719285938;M2-BB-6-10
4046719286393;M2-BB-6-10
4046719707386;M2-BB-6-10
4054596690943;M2-BB-6-10
8001700001207;M2-BB-6-10
3011261010049;M2-BB-6-11
3011261010308;M2-BB-6-11
3011261011183;M2-BB-6-11
3245429923982;M2-BB-6-11
3256220171212;M2-BB-6-11
3256220870993;M2-BB-6-11
3256222990347;M2-BB-6-11
3256225191222;M2-BB-6-11
3256225191253;M2-BB-6-11
3256225191260;M2-BB-6-11
3256225738250;M2-BB-6-11
3384120318007;M2-BB-6-11
3384123055220;M2-BB-6-11
3660992017126;M2-BB-6-11
3660992017133;M2-BB-6-11
4046719707393;M2-BB-6-11
4054596292987;M2-BB-6-11
4054596822245;M2-BB-6-11
6970245751453;M2-BB-6-11
6970245751460;M2-BB-6-11
8001841669649;M2-BB-6-11
8001841669700;M2-BB-6-11
3011261025104;M2-BB-6-12
3011261040107;M2-BB-6-12
3245421870178;M2-BB-6-12
3245422687867;M2-BB-6-12
3245429121029;M2-BB-6-12
3245429121067;M2-BB-6-12
3245429972775;M2-BB-6-12
3256221384123;M2-BB-6-12
3256224375388;M2-BB-6-12
3256224375401;M2-BB-6-12
3256225430765;M2-BB-6-12
3256225730025;M2-BB-6-12
3256225730049;M2-BB-6-12
3256225730056;M2-BB-6-12
3256225730063;M2-BB-6-12
3256225730094;M2-BB-6-12
3256225730117;M2-BB-6-12
3256225730124;M2-BB-6-12
3256225730155;M2-BB-6-12
3256227744495;M2-BB-6-12
3256227744501;M2-BB-6-12
3256227744518;M2-BB-6-12
3256227744907;M2-BB-6-12
3256227744914;M2-BB-6-12
3256227744921;M2-BB-6-12
3384121115414;M2-BB-6-12
3384129390677;M2-BB-6-12
3660992017171;M2-BB-6-12
3660992017201;M2-BB-6-12
3660992017218;M2-BB-6-12
5011831501500;M2-BB-6-12
8681780110237;M2-BB-6-12
3045200730002;M2-BB-6-2
3045206394000;M2-BB-6-2
3045206394802;M2-BB-6-2
3059943021112;M2-BB-6-2
3059943021129;M2-BB-6-2
3059943021273;M2-BB-6-2
3059943021686;M2-BB-6-2
3059943021693;M2-BB-6-2
3059943021709;M2-BB-6-2
3059943023161;M2-BB-6-2
3059943024434;M2-BB-6-2
3059943024540;M2-BB-6-2
3059943024557;M2-BB-6-2
3059943025196;M2-BB-6-2
3059943025257;M2-BB-6-2
3059943026070;M2-BB-6-2
3059946079332;M2-BB-6-2
3059946079363;M2-BB-6-2
3215776060005;M2-BB-6-2
3256226757830;M2-BB-6-2
3256227449079;M2-BB-6-2
3362290002018;M2-BB-6-2
3362290002131;M2-BB-6-2
3362290005620;M2-BB-6-2
3362290015209;M2-BB-6-2
3362290022801;M2-BB-6-2
3660992017249;M2-BB-6-2
3665468300153;M2-BB-6-2
3665468302027;M2-BB-6-2
3665468302386;M2-BB-6-2
3700992605371;M2-BB-6-2
3700992605395;M2-BB-6-2
3760216980349;M2-BB-6-2
4009175950208;M2-BB-6-2
4009175950390;M2-BB-6-2
5000204038835;M2-BB-6-2
5000204075205;M2-BB-6-2
5000204106558;M2-BB-6-2
5000204116922;M2-BB-6-2
5000204287219;M2-BB-6-2
5000204287271;M2-BB-6-2
5000204287301;M2-BB-6-2
5000204287332;M2-BB-6-2
5000204287363;M2-BB-6-2
5000204287639;M2-BB-6-2
5000204287820;M2-BB-6-2
5000204287851;M2-BB-6-2
5000204287974;M2-BB-6-2
5000204288124;M2-BB-6-2
5000204288186;M2-BB-6-2
5000204288308;M2-BB-6-2
5000204288575;M2-BB-6-2
5000204296358;M2-BB-6-2
5000204296389;M2-BB-6-2
5000204306828;M2-BB-6-2
5000204306880;M2-BB-6-2
8006540565322;M2-BB-6-2
8006540661178;M2-BB-6-2
8006540661222;M2-BB-6-2
8006540661321;M2-BB-6-2
8006540661376;M2-BB-6-2
8006540707616;M2-BB-6-2
8006540707661;M2-BB-6-2
8006540707715;M2-BB-6-2
8006540707760;M2-BB-6-2
8006540707814;M2-BB-6-2
8006540712085;M2-BB-6-2
8006540712177;M2-BB-6-2
8006540712238;M2-BB-6-2
8006540712269;M2-BB-6-2
8720065000938;M2-BB-6-2
3045206391306;M2-BB-6-3
3059943022003;M2-BB-6-3
3059943022027;M2-BB-6-3
3215771004608;M2-BB-6-3
3256221035322;M2-BB-6-3
3256224359999;M2-BB-6-3
3256224766087;M2-BB-6-3
3256225152216;M2-BB-6-3
3256227446962;M2-BB-6-3
3346020035033;M2-BB-6-3
3346020036436;M2-BB-6-3
3346027788376;M2-BB-6-3
3346027788383;M2-BB-6-3
3346027792878;M2-BB-6-3
3346027792885;M2-BB-6-3
3346027794704;M2-BB-6-3
3346027796470;M2-BB-6-3
3362290004913;M2-BB-6-3
3362290027271;M2-BB-6-3
3362290070307;M2-BB-6-3
3660992016082;M2-BB-6-3
4009175179067;M2-BB-6-3
5000204019957;M2-BB-6-3
5000204080452;M2-BB-6-3
5000204106640;M2-BB-6-3
5000204106763;M2-BB-6-3
5000204227222;M2-BB-6-3
5000204227253;M2-BB-6-3
5000204228724;M2-BB-6-3
5000204242492;M2-BB-6-3
5000204325843;M2-BB-6-3
5000204593020;M2-BB-6-3
5000204593051;M2-BB-6-3
5410036304792;M2-BB-6-3
3059940006211;M2-BB-6-4
3059941005008;M2-BB-6-4
3059941006425;M2-BB-6-4
3059941008764;M2-BB-6-4
3059941009785;M2-BB-6-4
3152210301471;M2-BB-6-4
3178041303538;M2-BB-6-4
3178041303545;M2-BB-6-4
3178041314695;M2-BB-6-4
3178041346740;M2-BB-6-4
3178041346757;M2-BB-6-4
3178041346931;M2-BB-6-4
3178041351508;M2-BB-6-4
3256220658911;M2-BB-6-4
3256224374749;M2-BB-6-4
3256225152100;M2-BB-6-4
3256225152155;M2-BB-6-4
3256225152209;M2-BB-6-4
3256228103826;M2-BB-6-4
3256228103833;M2-BB-6-4
3256228103864;M2-BB-6-4
3256228103871;M2-BB-6-4
3346027004506;M2-BB-6-4
3346027013164;M2-BB-6-4
3346027784811;M2-BB-6-4
3450601046896;M2-BB-6-4
3665468500782;M2-BB-6-4
3665468500799;M2-BB-6-4
5000204962925;M2-BB-6-4
5000204962956;M2-BB-6-4
5900627026429;M2-BB-6-4
8710522953020;M2-BB-6-4
8710522953051;M2-BB-6-4
8717644231180;M2-BB-6-4
8717644231913;M2-BB-6-4
3015810775199;M2-BB-6-5
3045206391603;M2-BB-6-5
3059940006310;M2-BB-6-5
3059940006365;M2-BB-6-5
3059940006808;M2-BB-6-5
3059940006839;M2-BB-6-5
3059940006945;M2-BB-6-5
3059940007287;M2-BB-6-5
3144220301046;M2-BB-6-5
3144220301305;M2-BB-6-5
3183280004061;M2-BB-6-5
3215776103207;M2-BB-6-5
3256220063319;M2-BB-6-5
3256221869309;M2-BB-6-5
3256224371335;M2-BB-6-5
3256225054329;M2-BB-6-5
3256225074822;M2-BB-6-5
3256225150007;M2-BB-6-5
3256225150021;M2-BB-6-5
3256225152377;M2-BB-6-5
3256228103840;M2-BB-6-5
3256228103857;M2-BB-6-5
3346027002502;M2-BB-6-5
3346027003059;M2-BB-6-5
3346027788420;M2-BB-6-5
3346027790959;M2-BB-6-5
3346027790973;M2-BB-6-5
3346027793820;M2-BB-6-5
3346027795725;M2-BB-6-5
3660992017157;M2-BB-6-5
3665468000169;M2-BB-6-5
3665468000329;M2-BB-6-5
3665468000435;M2-BB-6-5
4009175907189;M2-BB-6-5
8710552277684;M2-BB-6-5
8710552277691;M2-BB-6-5
8714789020310;M2-BB-6-5
3011610026677;M2-BB-6-6
3059940007256;M2-BB-6-6
3059946163611;M2-BB-6-6
3183280004863;M2-BB-6-6
3256221661781;M2-BB-6-6
3256224763680;M2-BB-6-6
3256225073351;M2-BB-6-6
3256225074655;M2-BB-6-6
3256225435067;M2-BB-6-6
3256227461293;M2-BB-6-6
3256227744792;M2-BB-6-6
3256227744808;M2-BB-6-6
3256227752599;M2-BB-6-6
3256228124289;M2-BB-6-6
3256228124296;M2-BB-6-6
3256228124302;M2-BB-6-6
3256228667502;M2-BB-6-6
3362290005002;M2-BB-6-6
4002448012238;M2-BB-6-6
4009175934796;M2-BB-6-6
8710847908255;M2-BB-6-6
8710847908262;M2-BB-6-6
8712561770897;M2-BB-6-6
8712561771429;M2-BB-6-6
8714100247860;M2-BB-6-6
8717163080092;M2-BB-6-6
8720065016069;M2-BB-6-6
8720181228933;M2-BB-6-6
3059946160160;M2-BB-6-7
3256220644327;M2-BB-6-7
3256220644402;M2-BB-6-7
3256224763703;M2-BB-6-7
3256227110900;M2-BB-6-7
3256227465871;M2-BB-6-7
3256227741890;M2-BB-6-7
3256227744785;M2-BB-6-7
3256227748943;M2-BB-6-7
3665468400877;M2-BB-6-7
3665468400884;M2-BB-6-7
3665468403243;M2-BB-6-7
3760216981780;M2-BB-6-7
4009175922618;M2-BB-6-7
8001090844613;M2-BB-6-7
8001090844774;M2-BB-6-7
8001090844897;M2-BB-6-7
8001090847645;M2-BB-6-7
8001090847751;M2-BB-6-7
8700216759281;M2-BB-6-7
8710447335178;M2-BB-6-7
8710847903878;M2-BB-6-7
8710847907371;M2-BB-6-7
8710847978654;M2-BB-6-7
8710847978678;M2-BB-6-7
8712561770927;M2-BB-6-7
8720181290701;M2-BB-6-7
8720181290725;M2-BB-6-7
3178041341677;M2-BB-6-8
3178041351959;M2-BB-6-8
3178041356114;M2-BB-6-8
3256220291897;M2-BB-6-8
3256227446948;M2-BB-6-8
3256227446955;M2-BB-6-8
3256227758485;M2-BB-6-8
3256227758492;M2-BB-6-8
3256227758508;M2-BB-6-8
3256227807374;M2-BB-6-8
3256227807381;M2-BB-6-8
3256227807398;M2-BB-6-8
3383482295810;M2-BB-6-8
3383482303997;M2-BB-6-8
3450601023897;M2-BB-6-8
3450601028434;M2-BB-6-8
3450601031632;M2-BB-6-8
3450601037030;M2-BB-6-8
3450605071122;M2-BB-6-8
3517360018196;M2-BB-6-8
3517360018202;M2-BB-6-8
3660992016075;M2-BB-6-8
3700992608075;M2-BB-6-8
3760216981148;M2-BB-6-8
3760216981155;M2-BB-6-8
3760216981162;M2-BB-6-8
4009175114068;M2-BB-6-8
4009175187130;M2-BB-6-8
4009175923462;M2-BB-6-8
4009175937933;M2-BB-6-8
4009175943675;M2-BB-6-8
4009175944894;M2-BB-6-8
8001090844637;M2-BB-6-8
8718951537248;M2-BB-6-8
8718951537392;M2-BB-6-8
8718951538108;M2-BB-6-8
3256227736278;M2-BB-6-9
3256227744815;M2-BB-6-9
3256227744822;M2-BB-6-9
3256227744839;M2-BB-6-9
3256227744846;M2-BB-6-9
3256227892349;M2-BB-6-9
3256227892356;M2-BB-6-9
3256227892363;M2-BB-6-9
3256227892394;M2-BB-6-9
3256227892417;M2-BB-6-9
3256227892431;M2-BB-6-9
3256227892448;M2-BB-6-9
3660992016051;M2-BB-6-9
3660992016068;M2-BB-6-9
8718951380264;M2-BB-6-9
8718951478800;M2-BB-6-9
8718951478848;M2-BB-6-9
8718951478886;M2-BB-6-9
8718951601574;M2-BB-6-9
3256226754389;M2-BB-7-1
3256226754396;M2-BB-7-1
3256226754402;M2-BB-7-1
3256226754457;M2-BB-7-1
3256226754464;M2-BB-7-1
3256226754471;M2-BB-7-1
3256226754495;M2-BB-7-1
3256226754549;M2-BB-7-1
3256226754556;M2-BB-7-1
3256226754563;M2-BB-7-1
3256226754570;M2-BB-7-1
3256226754594;M2-BB-7-1
3256226754600;M2-BB-7-1
3256226754624;M2-BB-7-1
3256226754723;M2-BB-7-1
3256226754754;M2-BB-7-1
3256226754792;M2-BB-7-1
3256226754907;M2-BB-7-1
3256226754914;M2-BB-7-1
3256226754921;M2-BB-7-1
3256226754976;M2-BB-7-1
3256227748233;M2-BB-7-1
3256227748240;M2-BB-7-1
3256227748264;M2-BB-7-1
3256227748271;M2-BB-7-1
3256227748301;M2-BB-7-1
3256227748318;M2-BB-7-1
3256228323521;M2-BB-7-1
3256228404473;M2-BB-7-1
3256228404480;M2-BB-7-1
3256229033221;M2-BB-7-1
3256229033252;M2-BB-7-1
3256229033290;M2-BB-7-1
3256229155534;M2-BB-7-1
3272310072207;M2-BB-7-1
3272310072214;M2-BB-7-1
3272310072290;M2-BB-7-1
3272310072696;M2-BB-7-1
3543534967991;M2-BB-7-1
3543534968585;M2-BB-7-1
4006501551269;M2-BB-7-1
4006501567109;M2-BB-7-1
4006501568106;M2-BB-7-1
4023103072213;M2-BB-7-1
4023103203730;M2-BB-7-1
4023103203747;M2-BB-7-1
4023103214293;M2-BB-7-1
8001940005720;M2-BB-7-1
3182611409070;M2-BB-7-10
3183940211365;M2-BB-7-10
3183940211457;M2-BB-7-10
3256228431714;M2-BB-7-10
3256228432087;M2-BB-7-10
3256228432094;M2-BB-7-10
3256228432100;M2-BB-7-10
3256228432124;M2-BB-7-10
3256228436313;M2-BB-7-10
3256228678072;M2-BB-7-10
3517360003796;M2-BB-7-10
3517360011234;M2-BB-7-10
3517360011241;M2-BB-7-10
3517360011258;M2-BB-7-10
3760001765946;M2-BB-7-10
3770011539000;M2-BB-7-10
3770011539017;M2-BB-7-10
3770011539024;M2-BB-7-10
3770011539048;M2-BB-7-10
8718951023970;M2-BB-7-10
3045206313254;M2-BB-7-11
3045206313506;M2-BB-7-11
3179630012282;M2-BB-7-11
3256222246062;M2-BB-7-11
3256225074785;M2-BB-7-11
3256225074815;M2-BB-7-11
3346029788657;M2-BB-7-11
3346029788671;M2-BB-7-11
3346029992184;M2-BB-7-11
3383482292734;M2-BB-7-11
3383482293779;M2-BB-7-11
3383482294462;M2-BB-7-11
3383482294813;M2-BB-7-11
3383482295803;M2-BB-7-11
3383482296145;M2-BB-7-11
3383482296930;M2-BB-7-11
3383482296947;M2-BB-7-11
3383482297050;M2-BB-7-11
3383482297067;M2-BB-7-11
3383482299030;M2-BB-7-11
3383482300019;M2-BB-7-11
3383482300149;M2-BB-7-11
3383482300408;M2-BB-7-11
3383482301931;M2-BB-7-11
3383482302136;M2-BB-7-11
3383482302143;M2-BB-7-11
3383482302419;M2-BB-7-11
3383482302983;M2-BB-7-11
3383482303553;M2-BB-7-11
3660992012701;M2-BB-7-11
3665468600277;M2-BB-7-11
3665468600932;M2-BB-7-11
8006540537350;M2-BB-7-11
8720181281891;M2-BB-7-11
8720181281907;M2-BB-7-11
8720181281914;M2-BB-7-11
3045200715009;M2-BB-7-12
3086123505872;M2-BB-7-12
3086123654082;M2-BB-7-12
3086123654099;M2-BB-7-12
3086126642833;M2-BB-7-12
3086126789590;M2-BB-7-12
3256222902074;M2-BB-7-12
3256222902098;M2-BB-7-12
3256222902333;M2-BB-7-12
3256222902340;M2-BB-7-12
3256222902357;M2-BB-7-12
3256222902500;M2-BB-7-12
3256222902548;M2-BB-7-12
3256222902555;M2-BB-7-12
3256222902562;M2-BB-7-12
3256222902593;M2-BB-7-12
3256225021918;M2-BB-7-12
3256225360000;M2-BB-7-12
3256225360055;M2-BB-7-12
3256225360062;M2-BB-7-12
3256225360109;M2-BB-7-12
3256225436385;M2-BB-7-12
3256225722501;M2-BB-7-12
3256229216426;M2-BB-7-12
3256229216440;M2-BB-7-12
3256229216457;M2-BB-7-12
3256229544536;M2-BB-7-12
3256229544550;M2-BB-7-12
3298960896659;M2-BB-7-12
3298960910966;M2-BB-7-12
3298960911000;M2-BB-7-12
3298960912052;M2-BB-7-12
3298960913424;M2-BB-7-12
3298960913929;M2-BB-7-12
3298960921580;M2-BB-7-12
3383482304109;M2-BB-7-12
3490570100304;M2-BB-7-12
3490570100373;M2-BB-7-12
3490570100724;M2-BB-7-12
3490570100779;M2-BB-7-12
3490570200332;M2-BB-7-12
3660992016099;M2-BB-7-12
3660992019052;M2-BB-7-12
3700992600376;M2-BB-7-12
3700992600390;M2-BB-7-12
3700992600499;M2-BB-7-12
3700992600512;M2-BB-7-12
3700992600536;M2-BB-7-12
3700992600543;M2-BB-7-12
3700992600680;M2-BB-7-12
3700992601069;M2-BB-7-12
3700992601304;M2-BB-7-12
3700992608945;M2-BB-7-12
3760360760026;M2-BB-7-12
3760360760101;M2-BB-7-12
3760360760118;M2-BB-7-12
3760360760125;M2-BB-7-12
3760360760538;M2-BB-7-12
3760360760774;M2-BB-7-12
3760360760781;M2-BB-7-12
3760360760804;M2-BB-7-12
3760360760811;M2-BB-7-12
3760360760828;M2-BB-7-12
3760360760835;M2-BB-7-12
5065000499037;M2-BB-7-12
5065000499051;M2-BB-7-12
0834554002483;M2-BB-7-13
3092830247233;M2-BB-7-13
3092830247318;M2-BB-7-13
3152210224527;M2-BB-7-13
3152210224558;M2-BB-7-13
3152210226224;M2-BB-7-13
3152210226255;M2-BB-7-13
3152210226262;M2-BB-7-13
3152210226330;M2-BB-7-13
3152210227825;M2-BB-7-13
3152210228082;M2-BB-7-13
3178041324649;M2-BB-7-13
3178041344982;M2-BB-7-13
3178041345163;M2-BB-7-13
3179630006311;M2-BB-7-13
3181730186770;M2-BB-7-13
3181730215883;M2-BB-7-13
3256225351053;M2-BB-7-13
3298960800656;M2-BB-7-13
3298960840072;M2-BB-7-13
3298960853638;M2-BB-7-13
3298960897090;M2-BB-7-13
3760360762006;M2-BB-7-13
5000204082135;M2-BB-7-13
5000204088489;M2-BB-7-13
5000204108675;M2-BB-7-13
5000204165616;M2-BB-7-13
5000204203158;M2-BB-7-13
5000204205916;M2-BB-7-13
5000204205992;M2-BB-7-13
5000204206029;M2-BB-7-13
5000204241402;M2-BB-7-13
5000204253269;M2-BB-7-13
5000204284850;M2-BB-7-13
5000204302561;M2-BB-7-13
5000204302745;M2-BB-7-13
5000204302776;M2-BB-7-13
5000204305029;M2-BB-7-13
5000204305050;M2-BB-7-13
5000204305111;M2-BB-7-13
5000204305173;M2-BB-7-13
5000204305326;M2-BB-7-13
5000204305357;M2-BB-7-13
5000204305500;M2-BB-7-13
5000204305593;M2-BB-7-13
5000204335118;M2-BB-7-13
5000204335149;M2-BB-7-13
5000204335231;M2-BB-7-13
5000204335415;M2-BB-7-13
5000204342703;M2-BB-7-13
5000204342734;M2-BB-7-13
5000204342796;M2-BB-7-13
5000204342826;M2-BB-7-13
5000204342857;M2-BB-7-13
5000204342888;M2-BB-7-13
5000204342918;M2-BB-7-13
5000204342970;M2-BB-7-13
5000204343007;M2-BB-7-13
5000204343038;M2-BB-7-13
5000204343120;M2-BB-7-13
5000204374803;M2-BB-7-13
5000204868241;M2-BB-7-13
5000204880205;M2-BB-7-13
3256224069584;M2-BB-7-2
3256226754297;M2-BB-7-2
3256226754518;M2-BB-7-2
3256226754631;M2-BB-7-2
3256226754648;M2-BB-7-2
3256226754655;M2-BB-7-2
3256226754679;M2-BB-7-2
3256226754686;M2-BB-7-2
3256226754693;M2-BB-7-2
3256226754877;M2-BB-7-2
3256226754884;M2-BB-7-2
3256226754990;M2-BB-7-2
3256226755003;M2-BB-7-2
3256227748226;M2-BB-7-2
3256227748295;M2-BB-7-2
3256229033269;M2-BB-7-2
3272310110466;M2-BB-7-2
3543534965126;M2-BB-7-2
4006501521019;M2-BB-7-2
4006501550804;M2-BB-7-2
4023103072206;M2-BB-7-2
4023103144019;M2-BB-7-2
4023103145733;M2-BB-7-2
4023103195189;M2-BB-7-2
4023103201224;M2-BB-7-2
4023103201262;M2-BB-7-2
3011230093196;M2-BB-7-3
3256226754228;M2-BB-7-3
3256226754259;M2-BB-7-3
3256226754266;M2-BB-7-3
3256226754280;M2-BB-7-3
3256226754303;M2-BB-7-3
3256226754310;M2-BB-7-3
3256226754334;M2-BB-7-3
3256226754341;M2-BB-7-3
3256226754372;M2-BB-7-3
3256226754440;M2-BB-7-3
3256226754617;M2-BB-7-3
3256226754709;M2-BB-7-3
3256226754730;M2-BB-7-3
3256226754747;M2-BB-7-3
3256226754846;M2-BB-7-3
3256226754853;M2-BB-7-3
3256227748202;M2-BB-7-3
3256227748219;M2-BB-7-3
3256228038807;M2-BB-7-3
3256228116123;M2-BB-7-3
3256228116130;M2-BB-7-3
3256228116147;M2-BB-7-3
3256228116154;M2-BB-7-3
3256228116161;M2-BB-7-3
3256228122070;M2-BB-7-3
3256228122087;M2-BB-7-3
3256228125682;M2-BB-7-3
3256228125699;M2-BB-7-3
3256228323514;M2-BB-7-3
3256229033238;M2-BB-7-3
3256229033283;M2-BB-7-3
3256229033382;M2-BB-7-3
3272310072061;M2-BB-7-3
3272310072184;M2-BB-7-3
3272310072382;M2-BB-7-3
3107240102208;M2-BB-7-4
3107240102307;M2-BB-7-4
3107240104141;M2-BB-7-4
3107241530000;M2-BB-7-4
3178041357319;M2-BB-7-4
3256220514699;M2-BB-7-4
3256220514712;M2-BB-7-4
3256225074532;M2-BB-7-4
3256225165001;M2-BB-7-4
3256225165032;M2-BB-7-4
3256225166008;M2-BB-7-4
3256229230743;M2-BB-7-4
3256229585713;M2-BB-7-4
8714789105802;M2-BB-7-4
8714789542331;M2-BB-7-4
8714789685908;M2-BB-7-4
8714789941295;M2-BB-7-4
8718951393059;M2-BB-7-4
8718951542846;M2-BB-7-4
8718951542907;M2-BB-7-4
8718951636859;M2-BB-7-4
3045206312226;M2-BB-7-5
3045206312288;M2-BB-7-5
3256227111587;M2-BB-7-5
3256227111594;M2-BB-7-5
3256227749018;M2-BB-7-5
3256227749032;M2-BB-7-5
3256227749049;M2-BB-7-5
3256227749056;M2-BB-7-5
3346029993006;M2-BB-7-5
3450601026171;M2-BB-7-5
3450601031939;M2-BB-7-5
3450601032578;M2-BB-7-5
3660992016112;M2-BB-7-5
3665468600642;M2-BB-7-5
3665468600659;M2-BB-7-5
3665468600666;M2-BB-7-5
3665468601502;M2-BB-7-5
4009175193414;M2-BB-7-5
8700216043496;M2-BB-7-5
8718951475144;M2-BB-7-5
8718951475328;M2-BB-7-5
8718951475519;M2-BB-7-5
8718951708389;M2-BB-7-5
3059942280473;M2-BB-7-6
3256225129010;M2-BB-7-6
3256225143306;M2-BB-7-6
3256225729074;M2-BB-7-6
3256226376772;M2-BB-7-6
3256227766299;M2-BB-7-6
3256227766329;M2-BB-7-6
3256229271654;M2-BB-7-6
3346025720507;M2-BB-7-6
3346025771004;M2-BB-7-6
3383482292895;M2-BB-7-6
3700992600154;M2-BB-7-6
3700992600291;M2-BB-7-6
3700992608242;M2-BB-7-6
3760360761221;M2-BB-7-6
5410076541553;M2-BB-7-6
8001090236258;M2-BB-7-6
8001090380210;M2-BB-7-6
8001090380401;M2-BB-7-6
8001090943026;M2-BB-7-6
8001841949086;M2-BB-7-6
8006540001257;M2-BB-7-6
8006540234297;M2-BB-7-6
8006540791820;M2-BB-7-6
8700216676793;M2-BB-7-6
3045200700005;M2-BB-7-7
3045206312066;M2-BB-7-7
3045206392969;M2-BB-7-7
3045206392976;M2-BB-7-7
3045206393706;M2-BB-7-7
3059940006877;M2-BB-7-7
3256220358613;M2-BB-7-7
3256220358620;M2-BB-7-7
3256225071388;M2-BB-7-7
3256225071401;M2-BB-7-7
3256225143009;M2-BB-7-7
3256226082079;M2-BB-7-7
3346025770007;M2-BB-7-7
3346029987234;M2-BB-7-7
3346029988972;M2-BB-7-7
3517360017946;M2-BB-7-7
3660992016105;M2-BB-7-7
3665468200644;M2-BB-7-7
3700992600260;M2-BB-7-7
8714789935386;M2-BB-7-7
8714789936857;M2-BB-7-7
3045206312080;M2-BB-7-8
3045206392983;M2-BB-7-8
3059940006051;M2-BB-7-8
3059942101204;M2-BB-7-8
3059942101242;M2-BB-7-8
3059942101396;M2-BB-7-8
3059942283733;M2-BB-7-8
3107930040100;M2-BB-7-8
3256221567557;M2-BB-7-8
3256224757870;M2-BB-7-8
3256225143016;M2-BB-7-8
3256226082055;M2-BB-7-8
3256226103163;M2-BB-7-8
3256227111570;M2-BB-7-8
3256227452604;M2-BB-7-8
3256227748974;M2-BB-7-8
3346020030823;M2-BB-7-8
3346029989405;M2-BB-7-8
3346029989412;M2-BB-7-8
3346029989429;M2-BB-7-8
3346029989443;M2-BB-7-8
3346029989467;M2-BB-7-8
3450601010972;M2-BB-7-8
3450601013614;M2-BB-7-8
3450601013638;M2-BB-7-8
3450601032035;M2-BB-7-8
3665468200217;M2-BB-7-8
3665468300610;M2-BB-7-8
3700684700018;M2-BB-7-8
3700684700025;M2-BB-7-8
3700684700056;M2-BB-7-8
4008455434315;M2-BB-7-8
4008455541617;M2-BB-7-8
8710447376164;M2-BB-7-8
8710522601631;M2-BB-7-8
8710908821233;M2-BB-7-8
3059942281661;M2-BB-7-9
3077312285118;M2-BB-7-9
3077313919067;M2-BB-7-9
3077313982061;M2-BB-7-9
3104182584055;M2-BB-7-9
3182611239004;M2-BB-7-9
3182611239011;M2-BB-7-9
3183940210801;M2-BB-7-9
3183940210832;M2-BB-7-9
3183940210955;M2-BB-7-9
3183940211181;M2-BB-7-9
3183940211242;M2-BB-7-9
3256226758851;M2-BB-7-9
3256228431691;M2-BB-7-9
3256228431707;M2-BB-7-9
3256228431721;M2-BB-7-9
3256228431738;M2-BB-7-9
3256228434050;M2-BB-7-9
3256228678089;M2-BB-7-9
3517360011487;M2-BB-7-9
3517360013689;M2-BB-7-9
3517360017922;M2-BB-7-9
3700684700063;M2-BB-7-9
3700684700070;M2-BB-7-9
3760216982961;M2-BB-7-9
4008455043111;M2-BB-7-9
4008455434711;M2-BB-7-9
4008455462615;M2-BB-7-9
4008455475110;M2-BB-7-9
8710447376249;M2-BB-7-9
8710447496152;M2-BB-7-9
8718114322629;M2-BB-7-9
0887961977127;M2-CC-10-1
3181860749531;M2-CC-10-1
3262190412866;M2-CC-10-1
3262190412880;M2-CC-10-1
3262190412941;M2-CC-10-1
3558380005841;M2-CC-10-1
3558380017202;M2-CC-10-1
3700514301064;M2-CC-10-1
3760046780799;M2-CC-10-1
3760046780850;M2-CC-10-1
4005556208180;M2-CC-10-1
4005556214433;M2-CC-10-1
4005556218844;M2-CC-10-1
4005556222230;M2-CC-10-1
4005556223183;M2-CC-10-1
5010993609864;M2-CC-10-1
8711808003026;M2-CC-10-1
8711808305922;M2-CC-10-1
8711808306721;M2-CC-10-1
8711808310308;M2-CC-10-1
8711808705821;M2-CC-10-1
0746775307134;M2-CC-10-3
0746775363840;M2-CC-10-3
3262190100190;M2-CC-10-3
3262190412705;M2-CC-10-3
3262190412712;M2-CC-10-3
3262190412781;M2-CC-10-3
3262190413207;M2-CC-10-3
3558380011880;M2-CC-10-3
3558380026891;M2-CC-10-3
3760046780454;M2-CC-10-3
3760096465288;M2-CC-10-3
5010993345427;M2-CC-10-3
5010993713523;M2-CC-10-3
5010994964542;M2-CC-10-3
5011363525630;M2-CC-10-3
6946441303611;M2-CC-10-3
6946441305226;M2-CC-10-3
8056379116790;M2-CC-10-3
8711808307711;M2-CC-10-3
8711808700406;M2-CC-10-3
8711808705289;M2-CC-10-3
3114520082310;M2-CC-10-4
3181860750292;M2-CC-10-4
3262190590076;M2-CC-10-4
3262190590359;M2-CC-10-4
3700126909429;M2-CC-10-4
4005556263844;M2-CC-10-4
5010993510993;M2-CC-10-4
5010993527236;M2-CC-10-4
5010993660247;M2-CC-10-4
5010993880515;M2-CC-10-4
5010993916603;M2-CC-10-4
5010993951338;M2-CC-10-4
5010994858735;M2-CC-10-4
5036905040655;M2-CC-10-4
8005125623877;M2-CC-10-4
8412668153462;M2-CC-10-4
8711808606814;M2-CC-10-4
0746775260699;M2-CC-10-5
0778988383957;M2-CC-10-5
0778988412954;M2-CC-10-5
0887961897319;M2-CC-10-5
3181860750544;M2-CC-10-5
3262190010932;M2-CC-10-5
3262190413214;M2-CC-10-5
3262190590762;M2-CC-10-5
3437018033558;M2-CC-10-5
3558380044192;M2-CC-10-5
3558380073215;M2-CC-10-5
5010993379781;M2-CC-10-5
5010993514144;M2-CC-10-5
5010994124014;M2-CC-10-5
8711808607262;M2-CC-10-5
0778988409930;M2-CC-10-6
0778988419571;M2-CC-10-6
0794764018363;M2-CC-10-6
0820650554247;M2-CC-10-6
0887961104721;M2-CC-10-6
3114520013512;M2-CC-10-6
3114520080279;M2-CC-10-6
3114520080293;M2-CC-10-6
3114520080484;M2-CC-10-6
3114524104605;M2-CC-10-6
3165240011289;M2-CC-10-6
3262190590243;M2-CC-10-6
3437012020806;M2-CC-10-6
3558380052128;M2-CC-10-6
3558380069973;M2-CC-10-6
3558380099345;M2-CC-10-6
3558380099680;M2-CC-10-6
3760191915367;M2-CC-10-6
3770005550004;M2-CC-10-6
3770005550165;M2-CC-10-6
4001504512132;M2-CC-10-6
4001504512163;M2-CC-10-6
4001504881672;M2-CC-10-6
4001504885205;M2-CC-10-6
4005556266852;M2-CC-10-6
4897049304536;M2-CC-10-6
4897049304567;M2-CC-10-6
5425016921289;M2-CC-10-6
8410446315446;M2-CC-10-6
8410446315453;M2-CC-10-6
8412668187160;M2-CC-10-6
8711808308909;M2-CC-10-6
8717278850344;M2-CC-10-6
0887961751062;M2-CC-10-7
3102020015600;M2-CC-10-7
3102020030900;M2-CC-10-7
3262190004016;M2-CC-10-7
3262190553415;M2-CC-10-7
3437012200949;M2-CC-10-7
3437013160006;M2-CC-10-7
3558380038399;M2-CC-10-7
3558380084037;M2-CC-10-7
3561864220302;M2-CC-10-7
3760089890820;M2-CC-10-7
4260470080018;M2-CC-10-7
4260525487687;M2-CC-10-7
4260525487694;M2-CC-10-7
4897049301726;M2-CC-10-7
5411068842856;M2-CC-10-7
0627843039891;M2-CC-1-1
3047404129033;M2-CC-1-1
3047404129040;M2-CC-1-1
3256225016891;M2-CC-1-1
3256225016907;M2-CC-1-1
3256228468048;M2-CC-1-1
3256228468154;M2-CC-1-1
3256228468178;M2-CC-1-1
3256228468284;M2-CC-1-1
3256228468291;M2-CC-1-1
3256228468420;M2-CC-1-1
3256228468451;M2-CC-1-1
3256228468468;M2-CC-1-1
3256228478375;M2-CC-1-1
3256228478405;M2-CC-1-1
3256228478436;M2-CC-1-1
3540709007469;M2-CC-1-1
3540709009357;M2-CC-1-1
3760167700003;M2-CC-1-1
3760167707958;M2-CC-1-1
4007386282071;M2-CC-1-1
4007386282224;M2-CC-1-1
4007386282453;M2-CC-1-1
4007386287007;M2-CC-1-1
4007386339560;M2-CC-1-1
4007386339577;M2-CC-1-1
3086960036638;M2-CC-1-10
3234530009470;M2-CC-1-10
3234530012104;M2-CC-1-10
3253922165051;M2-CC-1-10
3253924740256;M2-CC-1-10
3253924750286;M2-CC-1-10
3253924750293;M2-CC-1-10
3256229262904;M2-CC-1-10
3256229262911;M2-CC-1-10
3256229262928;M2-CC-1-10
3256229262935;M2-CC-1-10
3256229262966;M2-CC-1-10
3256229262973;M2-CC-1-10
3256229262980;M2-CC-1-10
3256229273795;M2-CC-1-10
3256229273801;M2-CC-1-10
3304993563038;M2-CC-1-10
3256221113976;M2-CC-1-11
3256221114010;M2-CC-1-11
3256221114140;M2-CC-1-11
3256221114188;M2-CC-1-11
3256221114232;M2-CC-1-11
3256225720897;M2-CC-1-11
3256225720903;M2-CC-1-11
3256225720927;M2-CC-1-11
3256225720934;M2-CC-1-11
3256227087097;M2-CC-1-11
3256227087103;M2-CC-1-11
3256228945846;M2-CC-1-11
3016200541196;M2-CC-11-2
3032164103089;M2-CC-11-2
3032164202249;M2-CC-11-2
3032166203022;M2-CC-11-2
3032167203021;M2-CC-11-2
3032167205223;M2-CC-11-2
3032167205315;M2-CC-11-2
3032167701220;M2-CC-11-2
3032167702104;M2-CC-11-2
3280250004974;M2-CC-11-2
3280250016939;M2-CC-11-2
3280250078494;M2-CC-11-2
3417768617758;M2-CC-11-2
3450650044836;M2-CC-11-2
3700476006939;M2-CC-11-2
3032163108009;M2-CC-11-3
3032163108245;M2-CC-11-3
3032163110422;M2-CC-11-3
3032163201526;M2-CC-11-3
3032163202431;M2-CC-11-3
3280250016977;M2-CC-11-3
3280250017882;M2-CC-11-3
3280252512132;M2-CC-11-3
3417761658758;M2-CC-11-3
3437012102014;M2-CC-11-3
3450652099957;M2-CC-11-4
3016200006305;M2-CC-11-6
3016200402268;M2-CC-11-6
3016200441199;M2-CC-11-6
3032161405025;M2-CC-11-6
3032167101105;M2-CC-11-6
3032167101143;M2-CC-11-6
3019920900137;M2-CC-1-2
3019920900175;M2-CC-1-2
3019920900397;M2-CC-1-2
3019920900489;M2-CC-1-2
3028495301621;M2-CC-1-2
3054201401163;M2-CC-1-2
3054208408127;M2-CC-1-2
3162450070044;M2-CC-1-2
3229646016429;M2-CC-1-2
3229646016467;M2-CC-1-2
3229646016498;M2-CC-1-2
3229646016511;M2-CC-1-2
3256222990125;M2-CC-1-2
3256222990187;M2-CC-1-2
3256228409546;M2-CC-1-2
3256228673923;M2-CC-1-2
3256228673930;M2-CC-1-2
3256228673947;M2-CC-1-2
3256228675316;M2-CC-1-2
3256228675323;M2-CC-1-2
3256228675330;M2-CC-1-2
3256228675347;M2-CC-1-2
3256228675354;M2-CC-1-2
3256228675361;M2-CC-1-2
3256228675385;M2-CC-1-2
3256228675392;M2-CC-1-2
3256228675408;M2-CC-1-2
3256228675415;M2-CC-1-2
3256228675439;M2-CC-1-2
3256228675446;M2-CC-1-2
3256228675453;M2-CC-1-2
3256228675460;M2-CC-1-2
3256228675477;M2-CC-1-2
3256228675484;M2-CC-1-2
3256228675491;M2-CC-1-2
3256228675538;M2-CC-1-2
3256228675545;M2-CC-1-2
3256228675552;M2-CC-1-2
3256228675576;M2-CC-1-2
3256228675606;M2-CC-1-2
3256228675613;M2-CC-1-2
3256228675620;M2-CC-1-2
3256228675644;M2-CC-1-2
3256228675651;M2-CC-1-2
3256228675699;M2-CC-1-2
3256228675705;M2-CC-1-2
3256228675767;M2-CC-1-2
3256229788299;M2-CC-1-2
3256229788312;M2-CC-1-2
3256229788329;M2-CC-1-2
3256229788343;M2-CC-1-2
3256229788374;M2-CC-1-2
3256229997288;M2-CC-1-2
3304991905076;M2-CC-1-2
3367305179853;M2-CC-1-2
3560231641849;M2-CC-1-2
3560238332412;M2-CC-1-2
3560238338483;M2-CC-1-2
3560238478509;M2-CC-1-2
3560238672020;M2-CC-1-2
3560238707425;M2-CC-1-2
3560238939093;M2-CC-1-2
3560239399360;M2-CC-1-2
3560239679080;M2-CC-1-2
3560239679189;M2-CC-1-2
3560239679196;M2-CC-1-2
3560239706687;M2-CC-1-2
3561860160428;M2-CC-1-2
3561860839119;M2-CC-1-2
3561866421387;M2-CC-1-2
3561867558488;M2-CC-1-2
3660992022175;M2-CC-1-2
3664944173755;M2-CC-1-2
3664944181262;M2-CC-1-2
3664944293378;M2-CC-1-2
3664944325291;M2-CC-1-2
3664944390374;M2-CC-1-2
3664944399254;M2-CC-1-2
3664944630197;M2-CC-1-2
3700156110536;M2-CC-1-2
3700156110604;M2-CC-1-2
3700156120894;M2-CC-1-2
3700156130831;M2-CC-1-2
3700156154349;M2-CC-1-2
3700156155490;M2-CC-1-2
3700156156169;M2-CC-1-2
3700156159603;M2-CC-1-2
3700156159627;M2-CC-1-2
3700156159832;M2-CC-1-2
3700156160586;M2-CC-1-2
3700156161569;M2-CC-1-2
3700156162818;M2-CC-1-2
3700156163327;M2-CC-1-2
3700156163372;M2-CC-1-2
3700156164973;M2-CC-1-2
3700156164980;M2-CC-1-2
3700156165185;M2-CC-1-2
3700156165192;M2-CC-1-2
3700156165215;M2-CC-1-2
3700156165864;M2-CC-1-2
3700156165888;M2-CC-1-2
3700156166090;M2-CC-1-2
3700156166106;M2-CC-1-2
3700156166113;M2-CC-1-2
3700156166120;M2-CC-1-2
3700156166137;M2-CC-1-2
3700156166151;M2-CC-1-2
3700156166175;M2-CC-1-2
3700156166243;M2-CC-1-2
3700156166250;M2-CC-1-2
3700156166267;M2-CC-1-2
3700156166274;M2-CC-1-2
3700156166298;M2-CC-1-2
3700156166304;M2-CC-1-2
3700156166359;M2-CC-1-2
3700156166366;M2-CC-1-2
3700156166373;M2-CC-1-2
3700156166380;M2-CC-1-2
3700156166397;M2-CC-1-2
3700156166670;M2-CC-1-2
3700156166687;M2-CC-1-2
3700156166694;M2-CC-1-2
3700156166700;M2-CC-1-2
3700156166717;M2-CC-1-2
3700156166724;M2-CC-1-2
3700156166731;M2-CC-1-2
3700156166748;M2-CC-1-2
3700156166762;M2-CC-1-2
3700156166779;M2-CC-1-2
3700156166786;M2-CC-1-2
3700156166854;M2-CC-1-2
3700156166885;M2-CC-1-2
3700156167141;M2-CC-1-2
3700442018478;M2-CC-1-2
3700442018720;M2-CC-1-2
3760088211565;M2-CC-1-2
3760088211879;M2-CC-1-2
3760088213910;M2-CC-1-2
3760088273167;M2-CC-1-2
3760088282626;M2-CC-1-2
3760088282893;M2-CC-1-2
3760088282992;M2-CC-1-2
3760088283012;M2-CC-1-2
4006501853592;M2-CC-1-2
4006501856067;M2-CC-1-2
4023103192577;M2-CC-1-2
4023103196506;M2-CC-1-2
8002524063785;M2-CC-1-2
8003512721915;M2-CC-1-2
8003512721922;M2-CC-1-2
8003512776939;M2-CC-1-2
8003512791598;M2-CC-1-2
0191726397335;M2-CC-12-2
0871772008163;M2-CC-12-2
3032163601920;M2-CC-12-2
3181860234242;M2-CC-12-2
3181860236321;M2-CC-12-2
3437012033134;M2-CC-12-2
3437016028716;M2-CC-12-2
3569160200479;M2-CC-12-2
3569160200981;M2-CC-12-2
4005556241507;M2-CC-12-2
4005556242665;M2-CC-12-2
4005556242757;M2-CC-12-2
8056379119517;M2-CC-12-2
8056379119715;M2-CC-12-2
8056379119814;M2-CC-12-2
8410446311394;M2-CC-12-2
8410446311523;M2-CC-12-2
8410446314050;M2-CC-12-2
8410446314975;M2-CC-12-2
8410446314982;M2-CC-12-2
8410446315422;M2-CC-12-2
0053941200558;M2-CC-12-3
0191726397281;M2-CC-12-3
0191726397342;M2-CC-12-3
0778988298077;M2-CC-12-3
0778988299760;M2-CC-12-3
0778988313367;M2-CC-12-3
0778988361160;M2-CC-12-3
0778988383360;M2-CC-12-3
0778988418314;M2-CC-12-3
0778988422601;M2-CC-12-3
0778988433997;M2-CC-12-3
0844957575644;M2-CC-12-3
4893998851268;M2-CC-12-3
5010993977079;M2-CC-12-3
5010994129866;M2-CC-12-3
0036881379102;M2-CC-12-4
0036881429258;M2-CC-12-4
0036881466550;M2-CC-12-4
0036881472070;M2-CC-12-4
0715843161657;M2-CC-12-4
0887961828580;M2-CC-12-4
3056562308525;M2-CC-12-4
3280250019275;M2-CC-12-4
3280250019282;M2-CC-12-4
3280250019299;M2-CC-12-4
3280250030195;M2-CC-12-4
3280250032892;M2-CC-12-4
3280250032977;M2-CC-12-4
3333145035550;M2-CC-12-4
3437012126027;M2-CC-12-4
3437012232735;M2-CC-12-4
3437018033220;M2-CC-12-4
4004943803878;M2-CC-12-4
4006592066291;M2-CC-12-4
4006592081010;M2-CC-12-4
4893998920032;M2-CC-12-4
4893998950015;M2-CC-12-4
3280250008392;M2-CC-12-5
3280250013877;M2-CC-12-5
3280250024071;M2-CC-12-5
3280250029953;M2-CC-12-5
3280250029960;M2-CC-12-5
3280250030065;M2-CC-12-5
3280250030676;M2-CC-12-5
3280250078517;M2-CC-12-5
3437018033350;M2-CC-12-5
5011666015814;M2-CC-12-5
5011666027565;M2-CC-12-5
5011666723597;M2-CC-12-5
8005125173150;M2-CC-12-5
8005125523856;M2-CC-12-5
0084495580346;M2-CC-12-6
3056565234258;M2-CC-12-6
3417761381458;M2-CC-12-6
3417761381656;M2-CC-12-6
3417761383650;M2-CC-12-6
3417761508053;M2-CC-12-6
3417761563052;M2-CC-12-6
3417761834053;M2-CC-12-6
3417761834558;M2-CC-12-6
3417762024156;M2-CC-12-6
3417762153054;M2-CC-12-6
3417762172956;M2-CC-12-6
3417762468059;M2-CC-12-6
3417765023552;M2-CC-12-6
3417765056055;M2-CC-12-6
3417765084058;M2-CC-12-6
3417765261053;M2-CC-12-6
3417765295058;M2-CC-12-6
3417765364051;M2-CC-12-6
3417765367052;M2-CC-12-6
3417765475054;M2-CC-12-6
3417765547058;M2-CC-12-6
3417766015051;M2-CC-12-6
3417766037855;M2-CC-12-6
3417766071057;M2-CC-12-6
3417766095459;M2-CC-12-6
3437012031383;M2-CC-12-6
3437012231615;M2-CC-12-6
3550839327955;M2-CC-12-6
8005125525058;M2-CC-12-6
0194735012077;M2-CC-12-7
0194735092277;M2-CC-12-7
0194735092970;M2-CC-12-7
0746775371494;M2-CC-12-7
0887961046076;M2-CC-12-7
0887961673470;M2-CC-12-7
0887961687835;M2-CC-12-7
0887961776577;M2-CC-12-7
0887961824193;M2-CC-12-7
0887961903881;M2-CC-12-7
0887961985481;M2-CC-12-7
3021105051794;M2-CC-12-7
3032161406022;M2-CC-12-7
3032161406039;M2-CC-12-7
3032161406053;M2-CC-12-7
3417765127052;M2-CC-12-7
3437012031413;M2-CC-12-7
3437012031420;M2-CC-12-7
4895038511491;M2-CC-12-7
4895038522725;M2-CC-12-7
4895038543065;M2-CC-12-7
4895038544949;M2-CC-12-7
4895038552135;M2-CC-12-7
4895038552180;M2-CC-12-7
4897049307339;M2-CC-12-7
6944167181773;M2-CC-12-7
3028490080613;M2-CC-1-3
3256220871075;M2-CC-1-3
3256225520053;M2-CC-1-3
3256227610028;M2-CC-1-3
3256227610165;M2-CC-1-3
3256227610189;M2-CC-1-3
3256227610202;M2-CC-1-3
3256227760785;M2-CC-1-3
3256227760792;M2-CC-1-3
3256227760815;M2-CC-1-3
3256228413062;M2-CC-1-3
3256630031113;M2-CC-1-3
3256630031151;M2-CC-1-3
3256630034107;M2-CC-1-3
3256630036750;M2-CC-1-3
3256630038013;M2-CC-1-3
3256630038112;M2-CC-1-3
3256630038310;M2-CC-1-3
4006501830401;M2-CC-1-3
3032163105862;M2-CC-13-10
3032163201502;M2-CC-13-10
3032163501145;M2-CC-13-10
3280250009085;M2-CC-13-10
3280250009481;M2-CC-13-10
3280250009788;M2-CC-13-10
3280250012191;M2-CC-13-10
3280250026082;M2-CC-13-10
3280250026402;M2-CC-13-10
3280250027591;M2-CC-13-10
3437012031352;M2-CC-13-10
3437012031406;M2-CC-13-10
3437012127093;M2-CC-13-10
3437012127444;M2-CC-13-10
3437012127468;M2-CC-13-10
3437012127482;M2-CC-13-10
3437012232698;M2-CC-13-10
3437012232780;M2-CC-13-10
3437017030657;M2-CC-13-10
3437019024791;M2-CC-13-10
3437019024807;M2-CC-13-10
0053941184056;M2-CC-13-11
0053941188474;M2-CC-13-11
0192995217584;M2-CC-13-11
0194735008872;M2-CC-13-11
0194735009404;M2-CC-13-11
0630996501009;M2-CC-13-11
0778988375259;M2-CC-13-11
0778988578964;M2-CC-13-11
0887961382587;M2-CC-13-11
0887961765960;M2-CC-13-11
0887961819694;M2-CC-13-11
0887961918144;M2-CC-13-11
3268060557859;M2-CC-13-11
3268060559747;M2-CC-13-11
3437012027287;M2-CC-13-11
3437012233213;M2-CC-13-11
3700590914226;M2-CC-13-11
3700855919140;M2-CC-13-11
3760062013321;M2-CC-13-11
4006592032746;M2-CC-13-11
4006592505134;M2-CC-13-11
4006592541910;M2-CC-13-11
4006592574642;M2-CC-13-11
4052351030508;M2-CC-13-11
5010993741939;M2-CC-13-11
5010993786619;M2-CC-13-11
5010993849505;M2-CC-13-11
5010996209443;M2-CC-13-11
5054131048702;M2-CC-13-11
5054131050927;M2-CC-13-11
5054131052167;M2-CC-13-11
5054131053102;M2-CC-13-11
5054131053768;M2-CC-13-11
5054131055311;M2-CC-13-11
5054131056448;M2-CC-13-11
8056379078081;M2-CC-13-11
8056379083535;M2-CC-13-11
8410779087355;M2-CC-13-11
8410779087461;M2-CC-13-11
0035051579953;M2-CC-13-12
0194735060238;M2-CC-13-12
0778988369708;M2-CC-13-12
0887961812985;M2-CC-13-12
3437012227366;M2-CC-13-12
3437012233138;M2-CC-13-12
3700590910273;M2-CC-13-12
3700590910280;M2-CC-13-12
4006592077723;M2-CC-13-12
5010993549702;M2-CC-13-12
8056379135302;M2-CC-13-12
0194735001965;M2-CC-13-13
0194735002030;M2-CC-13-13
0194735015221;M2-CC-13-13
0194735015238;M2-CC-13-13
0887961527384;M2-CC-13-13
0887961699029;M2-CC-13-13
0887961804348;M2-CC-13-13
0887961813654;M2-CC-13-13
0887961873191;M2-CC-13-13
3437012126911;M2-CC-13-13
3701405800376;M2-CC-13-13
3701405803834;M2-CC-13-13
3701405803841;M2-CC-13-13
5010993815883;M2-CC-13-13
8001011636198;M2-CC-13-13
3437010019208;M2-CC-13-7
3437011190005;M2-CC-13-7
3437011233009;M2-CC-13-7
3437011930007;M2-CC-13-7
3437012001515;M2-CC-13-7
3437012013464;M2-CC-13-7
3437012027324;M2-CC-13-7
3437012100294;M2-CC-13-7
3437012100317;M2-CC-13-7
3437012201823;M2-CC-13-7
3437014024017;M2-CC-13-7
3437014044015;M2-CC-13-7
3437014044039;M2-CC-13-7
3437014994068;M2-CC-13-7
3437016000033;M2-CC-13-7
3437017000520;M2-CC-13-7
3437017000537;M2-CC-13-7
3437017007949;M2-CC-13-7
3437017172159;M2-CC-13-7
3437017181083;M2-CC-13-7
3437017184022;M2-CC-13-7
3437017184060;M2-CC-13-7
3437017191013;M2-CC-13-7
3437017191020;M2-CC-13-7
3437017191037;M2-CC-13-7
3437017191068;M2-CC-13-7
3437018013185;M2-CC-13-7
3700855900698;M2-CC-13-7
8435507823067;M2-CC-13-7
0034035014299;M2-CC-13-8
0034035186958;M2-CC-13-8
0034035545014;M2-CC-13-8
3032162203620;M2-CC-13-8
3032162203682;M2-CC-13-8
3280250007883;M2-CC-13-8
3437012031338;M2-CC-13-8
3437012127345;M2-CC-13-8
3437016010834;M2-CC-13-8
3437017060890;M2-CC-13-8
4062013100326;M2-CC-13-8
4897080703053;M2-CC-13-8
8001444432060;M2-CC-13-8
8431031210212;M2-CC-13-8
3032163105060;M2-CC-13-9
3032163301165;M2-CC-13-9
3032163303138;M2-CC-13-9
3032163401032;M2-CC-13-9
3280250002512;M2-CC-13-9
3280250018100;M2-CC-13-9
3280250019046;M2-CC-13-9
3437012126959;M2-CC-13-9
3437012127499;M2-CC-13-9
3437019027549;M2-CC-13-9
4009847042668;M2-CC-13-9
5011551000192;M2-CC-13-9
8410779274311;M2-CC-13-9
3256225525058;M2-CC-1-4
3256225525089;M2-CC-1-4
3256225525218;M2-CC-1-4
3256226401504;M2-CC-1-4
3256229237445;M2-CC-1-4
3256229237476;M2-CC-1-4
3256229262393;M2-CC-1-4
3760184730168;M2-CC-1-4
4007386344755;M2-CC-1-4
4007386344779;M2-CC-1-4
4007386347503;M2-CC-1-4
8003512765902;M2-CC-1-4
8003512766053;M2-CC-1-4
3437010075112;M2-CC-14-1
3437012001331;M2-CC-14-1
3437012001423;M2-CC-14-1
3437012001485;M2-CC-14-1
3437012011088;M2-CC-14-1
3437012100430;M2-CC-14-1
3437012100461;M2-CC-14-1
3437012102007;M2-CC-14-1
3437012104759;M2-CC-14-1
3437014033019;M2-CC-14-1
3437017000551;M2-CC-14-1
3437017073463;M2-CC-14-1
3437017103252;M2-CC-14-1
3437017133204;M2-CC-14-1
3437017133341;M2-CC-14-1
3437017143036;M2-CC-14-1
3437017143104;M2-CC-14-1
3437017143159;M2-CC-14-1
3437017143197;M2-CC-14-1
3437017143371;M2-CC-14-1
3437017143395;M2-CC-14-1
3437017143401;M2-CC-14-1
3437017153035;M2-CC-14-1
3437017153219;M2-CC-14-1
3437017154087;M2-CC-14-1
3437017163058;M2-CC-14-1
3437017163065;M2-CC-14-1
3437017163089;M2-CC-14-1
3437017173132;M2-CC-14-1
3437017173156;M2-CC-14-1
3437017183025;M2-CC-14-1
3437017183100;M2-CC-14-1
3437017183193;M2-CC-14-1
3437017183209;M2-CC-14-1
3437017193031;M2-CC-14-1
3437017193048;M2-CC-14-1
3437017193109;M2-CC-14-1
3437017193154;M2-CC-14-1
3437017193208;M2-CC-14-1
3437017193215;M2-CC-14-1
3437017193239;M2-CC-14-1
3437017193260;M2-CC-14-1
5702017117577;M2-CC-14-1
5702017156729;M2-CC-14-1
5702017816111;M2-CC-14-1
5702017816142;M2-CC-14-1
0886144161230;M2-CC-14-10
3298060241816;M2-CC-14-10
3417765051050;M2-CC-14-10
3437012323914;M2-CC-14-10
3701405816117;M2-CC-14-10
4008789055583;M2-CC-14-10
4008789068422;M2-CC-14-10
4008789068880;M2-CC-14-10
4008789069245;M2-CC-14-10
4008789090812;M2-CC-14-10
4008789094056;M2-CC-14-10
4008789094797;M2-CC-14-10
4008789094810;M2-CC-14-10
4008789700117;M2-CC-14-10
4008789700353;M2-CC-14-10
4008789700360;M2-CC-14-10
4008789700506;M2-CC-14-10
4008789700667;M2-CC-14-10
4008789701060;M2-CC-14-10
4008789701206;M2-CC-14-10
4008789701213;M2-CC-14-10
4008789701770;M2-CC-14-10
4008789702241;M2-CC-14-10
4008789702289;M2-CC-14-10
4008789702562;M2-CC-14-10
4008789702906;M2-CC-14-10
4008789702951;M2-CC-14-10
4008789703064;M2-CC-14-10
4008789704382;M2-CC-14-10
4008789704399;M2-CC-14-10
4008789704405;M2-CC-14-10
4008789704450;M2-CC-14-10
4008789704986;M2-CC-14-10
4008789705532;M2-CC-14-10
4008789705549;M2-CC-14-10
4008789705723;M2-CC-14-10
4008789705730;M2-CC-14-10
4008789705983;M2-CC-14-10
4008789706010;M2-CC-14-10
4008789706027;M2-CC-14-10
4008789706706;M2-CC-14-10
4008789706713;M2-CC-14-10
4008789706720;M2-CC-14-10
4008789706782;M2-CC-14-10
4008789707321;M2-CC-14-10
4008789707338;M2-CC-14-10
4008789709967;M2-CC-14-10
0887961902242;M2-CC-14-11
4008789053848;M2-CC-14-11
4008789055736;M2-CC-14-11
4008789066633;M2-CC-14-11
4008789091031;M2-CC-14-11
4008789092793;M2-CC-14-11
4008789094193;M2-CC-14-11
4008789094391;M2-CC-14-11
4008789094568;M2-CC-14-11
4008789700155;M2-CC-14-11
4008789700162;M2-CC-14-11
4008789700179;M2-CC-14-11
4008789700346;M2-CC-14-11
4008789700490;M2-CC-14-11
4008789700513;M2-CC-14-11
4008789700520;M2-CC-14-11
4008789700889;M2-CC-14-11
4008789701367;M2-CC-14-11
4008789701923;M2-CC-14-11
4008789701947;M2-CC-14-11
4008789701961;M2-CC-14-11
4008789701985;M2-CC-14-11
4008789702487;M2-CC-14-11
4008789702494;M2-CC-14-11
4008789702524;M2-CC-14-11
4008789702821;M2-CC-14-11
4008789702838;M2-CC-14-11
4008789702845;M2-CC-14-11
4008789703019;M2-CC-14-11
4008789703026;M2-CC-14-11
4008789703057;M2-CC-14-11
4008789703088;M2-CC-14-11
4008789703149;M2-CC-14-11
4008789703750;M2-CC-14-11
4008789703767;M2-CC-14-11
4008789703774;M2-CC-14-11
4008789705051;M2-CC-14-11
4008789705969;M2-CC-14-11
4008789706003;M2-CC-14-11
4008789706744;M2-CC-14-11
4008789706751;M2-CC-14-11
4008789706768;M2-CC-14-11
4008789706775;M2-CC-14-11
0021664365427;M2-CC-14-12
0887961522143;M2-CC-14-12
3037920989907;M2-CC-14-12
3141725005585;M2-CC-14-12
3256222828169;M2-CC-14-12
3256222828398;M2-CC-14-12
3256222828800;M2-CC-14-12
3256222828855;M2-CC-14-12
3280250162209;M2-CC-14-12
3437012220312;M2-CC-14-12
3437018014045;M2-CC-14-12
3437019009248;M2-CC-14-12
4006333048869;M2-CC-14-12
4006333048883;M2-CC-14-12
8720077180284;M2-CC-14-12
0021664365984;M2-CC-14-13
0021664824498;M2-CC-14-13
0021664824542;M2-CC-14-13
3020120040844;M2-CC-14-13
3032168502048;M2-CC-14-13
3032168621404;M2-CC-14-13
3032168670181;M2-CC-14-13
3219090501213;M2-CC-14-13
3225430001480;M2-CC-14-13
3225430211506;M2-CC-14-13
3280250001492;M2-CC-14-13
3280250026808;M2-CC-14-13
3280250043393;M2-CC-14-13
3280250043454;M2-CC-14-13
3280250448204;M2-CC-14-13
3280251157006;M2-CC-14-13
3286412004226;M2-CC-14-13
3437011111017;M2-CC-14-13
3437012205791;M2-CC-14-13
3437012403388;M2-CC-14-13
3437012406440;M2-CC-14-13
3437016010940;M2-CC-14-13
3437018006712;M2-CC-14-13
3450652670354;M2-CC-14-13
3450652680209;M2-CC-14-13
3561863299880;M2-CC-14-13
5010993784875;M2-CC-14-13
8000796012906;M2-CC-14-13
8000796060884;M2-CC-14-13
8711295042614;M2-CC-14-13
3225430000803;M2-CC-14-2
3225430000834;M2-CC-14-2
3225430000889;M2-CC-14-2
3437011410004;M2-CC-14-2
3437012001218;M2-CC-14-2
3437012001300;M2-CC-14-2
3437012100256;M2-CC-14-2
3437012100324;M2-CC-14-2
3437012100348;M2-CC-14-2
3437012108641;M2-CC-14-2
3437012200000;M2-CC-14-2
3437012200130;M2-CC-14-2
3437012203490;M2-CC-14-2
3437012213659;M2-CC-14-2
3437014230005;M2-CC-14-2
3437016000194;M2-CC-14-2
3437017062061;M2-CC-14-2
3437017112056;M2-CC-14-2
3437017132092;M2-CC-14-2
3437017144262;M2-CC-14-2
3437017154100;M2-CC-14-2
3437017163034;M2-CC-14-2
3437017164062;M2-CC-14-2
3437017172128;M2-CC-14-2
3437017172142;M2-CC-14-2
3437017184039;M2-CC-14-2
3437017191051;M2-CC-14-2
3437017191075;M2-CC-14-2
3437017192027;M2-CC-14-2
3437017192065;M2-CC-14-2
3437017194021;M2-CC-14-2
3437017194069;M2-CC-14-2
3470121004770;M2-CC-14-2
5702017565538;M2-CC-14-2
8435507832359;M2-CC-14-2
0194735007189;M2-CC-14-3
0194735008889;M2-CC-14-3
0778988064429;M2-CC-14-3
0778988259962;M2-CC-14-3
0778988305553;M2-CC-14-3
0778988330906;M2-CC-14-3
0778988713945;M2-CC-14-3
0887961482898;M2-CC-14-3
0887961638141;M2-CC-14-3
0887961731538;M2-CC-14-3
0887961972641;M2-CC-14-3
3296580397457;M2-CC-14-3
3417765025051;M2-CC-14-3
3437017192010;M2-CC-14-3
4006592538477;M2-CC-14-3
4008789710925;M2-CC-14-3
5010993727759;M2-CC-14-3
5010993779048;M2-CC-14-3
5011666732513;M2-CC-14-3
5054131054161;M2-CC-14-3
8058664119578;M2-CC-14-3
0194735055395;M2-CC-14-4
0194735111169;M2-CC-14-4
0630996500934;M2-CC-14-4
0630996501108;M2-CC-14-4
0658215289323;M2-CC-14-4
0778988269305;M2-CC-14-4
0778988396117;M2-CC-14-4
0778988397664;M2-CC-14-4
0778988435922;M2-CC-14-4
0778988713839;M2-CC-14-4
0889698687492;M2-CC-14-4
0889933950572;M2-CC-14-4
3437018013253;M2-CC-14-4
3700476021383;M2-CC-14-4
3700789234197;M2-CC-14-4
3700802101932;M2-CC-14-4
3700855919126;M2-CC-14-4
3701405829063;M2-CC-14-4
4005556154487;M2-CC-14-4
4005556862900;M2-CC-14-4
4005556864904;M2-CC-14-4
4005556865994;M2-CC-14-4
4006592531348;M2-CC-14-4
4894680021273;M2-CC-14-4
5010993549887;M2-CC-14-4
5010993812851;M2-CC-14-4
8005125070251;M2-CC-14-4
8005125071302;M2-CC-14-4
8005125072590;M2-CC-14-4
8421134080652;M2-CC-14-4
0028178207199;M2-CC-14-5
0028178224875;M2-CC-14-5
0071662114763;M2-CC-14-5
0071662821289;M2-CC-14-5
0194735059843;M2-CC-14-5
0681147035874;M2-CC-14-5
3102020028556;M2-CC-14-5
3296580802944;M2-CC-14-5
3373910060042;M2-CC-14-5
3437017184053;M2-CC-14-5
3437019016994;M2-CC-14-5
3467452077375;M2-CC-14-5
3555801358012;M2-CC-14-5
3555801435065;M2-CC-14-5
3569160200486;M2-CC-14-5
3569160200653;M2-CC-14-5
3569160200912;M2-CC-14-5
3569160200929;M2-CC-14-5
3569160200974;M2-CC-14-5
3569160280112;M2-CC-14-5
3569160280143;M2-CC-14-5
3569160282628;M2-CC-14-5
3569160282673;M2-CC-14-5
3663506018367;M2-CC-14-5
3663506024856;M2-CC-14-5
3663506040597;M2-CC-14-5
3663506040634;M2-CC-14-5
3663506040658;M2-CC-14-5
3663506041150;M2-CC-14-5
3663506041334;M2-CC-14-5
3663506041730;M2-CC-14-5
3663506042874;M2-CC-14-5
3700802103530;M2-CC-14-5
3701405803742;M2-CC-14-5
3760012590223;M2-CC-14-5
3760012590292;M2-CC-14-5
4001504579999;M2-CC-14-5
4005556112388;M2-CC-14-5
4005556125289;M2-CC-14-5
4005556241170;M2-CC-14-5
4005556241453;M2-CC-14-5
4005556241538;M2-CC-14-5
4005556278503;M2-CC-14-5
4005556856473;M2-CC-14-5
4041077010086;M2-CC-14-5
4893993560004;M2-CC-14-5
5010065036789;M2-CC-14-5
5010993382361;M2-CC-14-5
5010993560202;M2-CC-14-5
5010993696376;M2-CC-14-5
5010993948031;M2-CC-14-5
5010994864828;M2-CC-14-5
5010994872359;M2-CC-14-5
5010994947033;M2-CC-14-5
5010994952334;M2-CC-14-5
5010994966324;M2-CC-14-5
5054131317716;M2-CC-14-5
5411068032394;M2-CC-14-5
8005125318063;M2-CC-14-5
8005125350346;M2-CC-14-5
8005125391684;M2-CC-14-5
8005125524563;M2-CC-14-5
8410446311370;M2-CC-14-5
8410446311530;M2-CC-14-5
8410446311547;M2-CC-14-5
8410446313114;M2-CC-14-5
8410446314036;M2-CC-14-5
8410446314043;M2-CC-14-5
8410446314067;M2-CC-14-5
8410446314166;M2-CC-14-5
8410446315491;M2-CC-14-5
8717278850474;M2-CC-14-5
0027084378078;M2-CC-14-6
0074427157883;M2-CC-14-6
0194735070633;M2-CC-14-6
0634065276966;M2-CC-14-6
0638097856653;M2-CC-14-6
0746775036744;M2-CC-14-6
0746775261320;M2-CC-14-6
0887961587579;M2-CC-14-6
0887961629385;M2-CC-14-6
0887961744989;M2-CC-14-6
3102020010001;M2-CC-14-6
3102020010100;M2-CC-14-6
3114524104001;M2-CC-14-6
3181860750261;M2-CC-14-6
3181860751206;M2-CC-14-6
3181860751220;M2-CC-14-6
3181860751404;M2-CC-14-6
3225430003705;M2-CC-14-6
3262190413184;M2-CC-14-6
3262190590199;M2-CC-14-6
3262190590250;M2-CC-14-6
3262190590663;M2-CC-14-6
3296580802937;M2-CC-14-6
3437010830506;M2-CC-14-6
3437012011569;M2-CC-14-6
3437012025146;M2-CC-14-6
3437012108993;M2-CC-14-6
3437012121862;M2-CC-14-6
3437012200963;M2-CC-14-6
3437012200987;M2-CC-14-6
3437012211778;M2-CC-14-6
3437013100002;M2-CC-14-6
3437013150007;M2-CC-14-6
3437014064068;M2-CC-14-6
3437016026699;M2-CC-14-6
3437017134195;M2-CC-14-6
3437017134201;M2-CC-14-6
3437018013116;M2-CC-14-6
3437019010114;M2-CC-14-6
3558380051886;M2-CC-14-6
3558380073260;M2-CC-14-6
3663506015250;M2-CC-14-6
3663506040177;M2-CC-14-6
3663506044434;M2-CC-14-6
3700126905896;M2-CC-14-6
3701273300022;M2-CC-14-6
3701276502393;M2-CC-14-6
3701276504724;M2-CC-14-6
3760046781147;M2-CC-14-6
3760046781185;M2-CC-14-6
3760046781192;M2-CC-14-6
3760089891339;M2-CC-14-6
3760089891582;M2-CC-14-6
3760175512858;M2-CC-14-6
3760191913820;M2-CC-14-6
3770003625605;M2-CC-14-6
3770005550080;M2-CC-14-6
3770010367093;M2-CC-14-6
3770011991006;M2-CC-14-6
3770011991013;M2-CC-14-6
3770011991037;M2-CC-14-6
3770015340008;M2-CC-14-6
4001504011079;M2-CC-14-6
4001504013073;M2-CC-14-6
4001504514037;M2-CC-14-6
4005556266814;M2-CC-14-6
4005556267316;M2-CC-14-6
4005556267798;M2-CC-14-6
5010993414277;M2-CC-14-6
5010993414550;M2-CC-14-6
5010993697601;M2-CC-14-6
5010994923204;M2-CC-14-6
5011363523704;M2-CC-14-6
5023117388408;M2-CC-14-6
5054131073902;M2-CC-14-6
5411068600234;M2-CC-14-6
8005125351107;M2-CC-14-6
8005125351114;M2-CC-14-6
8005125351152;M2-CC-14-6
8711808765245;M2-CC-14-6
0053941200213;M2-CC-14-7
0053941200367;M2-CC-14-7
0074299018060;M2-CC-14-7
0074299057854;M2-CC-14-7
0090159340577;M2-CC-14-7
0090159393009;M2-CC-14-7
0192995401334;M2-CC-14-7
0192995403932;M2-CC-14-7
0192995404588;M2-CC-14-7
0192995409217;M2-CC-14-7
0192995411197;M2-CC-14-7
0192995411746;M2-CC-14-7
0194735212958;M2-CC-14-7
0630996413036;M2-CC-14-7
0630996416136;M2-CC-14-7
0630996416389;M2-CC-14-7
0630996416402;M2-CC-14-7
0630996635087;M2-CC-14-7
0630996636688;M2-CC-14-7
0778988237212;M2-CC-14-7
0778988394878;M2-CC-14-7
0887961825466;M2-CC-14-7
3437012522683;M2-CC-14-7
3437012523536;M2-CC-14-7
3467452046081;M2-CC-14-7
3700802102052;M2-CC-14-7
3770000282771;M2-CC-14-7
3770011991419;M2-CC-14-7
4005556267439;M2-CC-14-7
4005556763153;M2-CC-14-7
5010993732029;M2-CC-14-7
5010993767847;M2-CC-14-7
5010993936731;M2-CC-14-7
5010996287823;M2-CC-14-7
5010996293411;M2-CC-14-7
5054131320006;M2-CC-14-7
5054131350676;M2-CC-14-7
5425016921463;M2-CC-14-7
8720077186873;M2-CC-14-7
0090159210016;M2-CC-14-8
0093577321333;M2-CC-14-8
0887961236101;M2-CC-14-8
3437018029865;M2-CC-14-8
3467452053652;M2-CC-14-8
3551094302015;M2-CC-14-8
3663506011603;M2-CC-14-8
3663506011627;M2-CC-14-8
3663506018718;M2-CC-14-8
4006333040344;M2-CC-14-8
4041077000810;M2-CC-14-8
4893993361007;M2-CC-14-8
5010996182999;M2-CC-14-8
5010996306968;M2-CC-14-8
5702015592376;M2-CC-14-8
5702016077421;M2-CC-14-8
5702016093261;M2-CC-14-8
5702016112009;M2-CC-14-8
5702016369366;M2-CC-14-8
5702016370256;M2-CC-14-8
5702017116914;M2-CC-14-8
5702017117096;M2-CC-14-8
5702017117249;M2-CC-14-8
5702017117478;M2-CC-14-8
5702017150642;M2-CC-14-8
5702017151618;M2-CC-14-8
5702017151656;M2-CC-14-8
5702017154213;M2-CC-14-8
5702017155999;M2-CC-14-8
0027084929522;M2-CC-14-9
0194735265169;M2-CC-14-9
0889698558167;M2-CC-14-9
0889698760812;M2-CC-14-9
3373912015002;M2-CC-14-9
3667232500318;M2-CC-14-9
3667232500745;M2-CC-14-9
3667232501094;M2-CC-14-9
3770001500089;M2-CC-14-9
3770001500676;M2-CC-14-9
4005556125227;M2-CC-14-9
4005556873005;M2-CC-14-9
4006592515393;M2-CC-14-9
5702015357197;M2-CC-14-9
5702015591218;M2-CC-14-9
5702015594950;M2-CC-14-9
5702015865234;M2-CC-14-9
5702015866279;M2-CC-14-9
5702015866385;M2-CC-14-9
5702016109467;M2-CC-14-9
5702016367836;M2-CC-14-9
5702016369243;M2-CC-14-9
5702016369519;M2-CC-14-9
5702016369526;M2-CC-14-9
5702016616057;M2-CC-14-9
5702016616064;M2-CC-14-9
5702016616286;M2-CC-14-9
5702016616293;M2-CC-14-9
5702016617115;M2-CC-14-9
5702016617559;M2-CC-14-9
5702016617566;M2-CC-14-9
5702016617825;M2-CC-14-9
5702016617870;M2-CC-14-9
5702016617900;M2-CC-14-9
5702016618433;M2-CC-14-9
5702016618457;M2-CC-14-9
5702016619577;M2-CC-14-9
5702016888362;M2-CC-14-9
5702016889604;M2-CC-14-9
5702016889710;M2-CC-14-9
5702016889727;M2-CC-14-9
5702016889741;M2-CC-14-9
5702016899856;M2-CC-14-9
5702016911510;M2-CC-14-9
5702016911602;M2-CC-14-9
5702016911916;M2-CC-14-9
5702016911961;M2-CC-14-9
5702016912180;M2-CC-14-9
5702016912203;M2-CC-14-9
5702016912593;M2-CC-14-9
5702016912616;M2-CC-14-9
5702016912715;M2-CC-14-9
5702016912791;M2-CC-14-9
5702016913262;M2-CC-14-9
5702017024226;M2-CC-14-9
5702017024233;M2-CC-14-9
5702017154183;M2-CC-14-9
5702017154206;M2-CC-14-9
5702017161020;M2-CC-14-9
5702017161037;M2-CC-14-9
5702017161150;M2-CC-14-9
5702017161556;M2-CC-14-9
5702017161884;M2-CC-14-9
8005125070275;M2-CC-14-9
8005125071319;M2-CC-14-9
3028495550128;M2-CC-1-5
3028495560127;M2-CC-1-5
3256223806906;M2-CC-1-5
3256225525034;M2-CC-1-5
3256226381424;M2-CC-1-5
3256226753979;M2-CC-1-5
3256227086366;M2-CC-1-5
3256229237483;M2-CC-1-5
3256229237490;M2-CC-1-5
3543534492875;M2-CC-1-5
8003512597244;M2-CC-1-5
8003512765926;M2-CC-1-5
8003512766077;M2-CC-1-5
8710225006528;M2-CC-1-5
8710225007075;M2-CC-1-5
3037929814019;M2-CC-15-1
3037929814088;M2-CC-15-1
3037929814200;M2-CC-15-1
3037929814224;M2-CC-15-1
3256224762478;M2-CC-15-1
3256226094409;M2-CC-15-1
3256226094416;M2-CC-15-1
0051141400679;M2-CC-15-10
3026981745768;M2-CC-15-10
3256226091835;M2-CC-15-10
3256226141165;M2-CC-15-10
3256226141189;M2-CC-15-10
3256227447495;M2-CC-15-10
3256229793873;M2-CC-15-10
4006381572163;M2-CC-15-10
4054596002722;M2-CC-15-10
3086123354883;M2-CC-15-11
3086124125994;M2-CC-15-11
3154147490525;M2-CC-15-11
3256223680377;M2-CC-15-11
3256225431779;M2-CC-15-11
3256225431816;M2-CC-15-11
3256229540248;M2-CC-15-11
3256229540255;M2-CC-15-11
3270220000174;M2-CC-15-11
3501179858609;M2-CC-15-11
3501179961125;M2-CC-15-11
3660992013678;M2-CC-15-11
4006381101295;M2-CC-15-11
4006381316132;M2-CC-15-11
4006381456418;M2-CC-15-11
4006381514514;M2-CC-15-11
4006381522472;M2-CC-15-11
4006381547024;M2-CC-15-11
4006381583077;M2-CC-15-11
4007817077856;M2-CC-15-11
0070330308954;M2-CC-15-12
3037920527307;M2-CC-15-12
3086120027742;M2-CC-15-12
3086120100735;M2-CC-15-12
3086122722096;M2-CC-15-12
3086123277403;M2-CC-15-12
3086123285361;M2-CC-15-12
3086123331693;M2-CC-15-12
3086123340770;M2-CC-15-12
3086123525948;M2-CC-15-12
3086123538931;M2-CC-15-12
3086123651715;M2-CC-15-12
3086123697560;M2-CC-15-12
3086123714243;M2-CC-15-12
3086123718531;M2-CC-15-12
3086123734555;M2-CC-15-12
3086123734562;M2-CC-15-12
3086123734609;M2-CC-15-12
3131910207436;M2-CC-15-12
3131910435617;M2-CC-15-12
3131910435631;M2-CC-15-12
3135250982176;M2-CC-15-12
3154148457268;M2-CC-15-12
3154149847228;M2-CC-15-12
3154149847266;M2-CC-15-12
3256220060899;M2-CC-15-12
3256220060912;M2-CC-15-12
3256220060943;M2-CC-15-12
3256220060967;M2-CC-15-12
3256220060974;M2-CC-15-12
3256227452468;M2-CC-15-12
3256227452475;M2-CC-15-12
3256227452482;M2-CC-15-12
3256227452499;M2-CC-15-12
3256227452505;M2-CC-15-12
3256227452512;M2-CC-15-12
3256227461903;M2-CC-15-12
3256228674142;M2-CC-15-12
3256228676153;M2-CC-15-12
3256228676177;M2-CC-15-12
3256228676191;M2-CC-15-12
3256228676207;M2-CC-15-12
3256228932341;M2-CC-15-12
3256228932372;M2-CC-15-12
3256228932457;M2-CC-15-12
3256229545434;M2-CC-15-12
3256229545441;M2-CC-15-12
3256229545465;M2-CC-15-12
3256229545472;M2-CC-15-12
3256229545489;M2-CC-15-12
3256229545496;M2-CC-15-12
3256229545502;M2-CC-15-12
3256229545601;M2-CC-15-12
3256229801059;M2-CC-15-12
3256229801066;M2-CC-15-12
3256229801097;M2-CC-15-12
3256229801189;M2-CC-15-12
3256229801202;M2-CC-15-12
3256229801219;M2-CC-15-12
3256229868496;M2-CC-15-12
3270220029267;M2-CC-15-12
3501179856216;M2-CC-15-12
3561863303242;M2-CC-15-12
3660992020508;M2-CC-15-12
3700640803999;M2-CC-15-12
4006381492843;M2-CC-15-12
4006381561716;M2-CC-15-12
4006381567275;M2-CC-15-12
4006381582520;M2-CC-15-12
4006381584272;M2-CC-15-12
4006381596756;M2-CC-15-12
4006381608534;M2-CC-15-12
4026700501827;M2-CC-15-12
4026700507157;M2-CC-15-12
5410091324308;M2-CC-15-12
8008285031223;M2-CC-15-12
8008285046708;M2-CC-15-12
8008285046715;M2-CC-15-12
3108726483002;M2-CC-15-13
3256225735365;M2-CC-15-13
3256228674159;M2-CC-15-13
3256228932310;M2-CC-15-13
3700640803197;M2-CC-15-13
3037929844078;M2-CC-15-2
3037929844085;M2-CC-15-2
3256228400192;M2-CC-15-2
3368951876790;M2-CC-15-2
3037926803061;M2-CC-15-3
3037929816020;M2-CC-15-3
3256223372302;M2-CC-15-3
3256225717934;M2-CC-15-3
3256228129079;M2-CC-15-3
3256229545076;M2-CC-15-3
3135251172873;M2-CC-15-4
3368955608984;M2-CC-15-4
3037926702104;M2-CC-15-5
3037926703101;M2-CC-15-5
3130630503026;M2-CC-15-5
3130630503033;M2-CC-15-5
3130630503057;M2-CC-15-5
3130630504054;M2-CC-15-5
3219090957881;M2-CC-15-5
3256222826479;M2-CC-15-5
3256222826486;M2-CC-15-5
3256222826493;M2-CC-15-5
3256222826509;M2-CC-15-5
3256222826523;M2-CC-15-5
3256222826561;M2-CC-15-5
3256222826721;M2-CC-15-5
3256222826745;M2-CC-15-5
3256222826752;M2-CC-15-5
3256222826790;M2-CC-15-5
3256222826806;M2-CC-15-5
3256222826905;M2-CC-15-5
3256222826929;M2-CC-15-5
3256222826950;M2-CC-15-5
3256222826967;M2-CC-15-5
3256222826974;M2-CC-15-5
3256222827001;M2-CC-15-5
3256222827094;M2-CC-15-5
3256222827247;M2-CC-15-5
3256222827308;M2-CC-15-5
3256222827315;M2-CC-15-5
3256222827346;M2-CC-15-5
3256222827490;M2-CC-15-5
3256222827513;M2-CC-15-5
3256222827544;M2-CC-15-5
3256222827551;M2-CC-15-5
3256222827568;M2-CC-15-5
3256222828022;M2-CC-15-5
3256222828060;M2-CC-15-5
3256222828084;M2-CC-15-5
3256222828091;M2-CC-15-5
3256223339336;M2-CC-15-5
3256223339411;M2-CC-15-5
3256223339435;M2-CC-15-5
3256223339442;M2-CC-15-5
3256223339527;M2-CC-15-5
3256223339558;M2-CC-15-5
3256223339633;M2-CC-15-5
3256226757663;M2-CC-15-5
3256226757670;M2-CC-15-5
3256228405623;M2-CC-15-5
3256229545083;M2-CC-15-5
3256229545090;M2-CC-15-5
3660992020553;M2-CC-15-5
3660992020560;M2-CC-15-5
3660992020577;M2-CC-15-5
3660992020584;M2-CC-15-5
3660992020607;M2-CC-15-5
3660992020614;M2-CC-15-5
3660992020621;M2-CC-15-5
3660992020676;M2-CC-15-5
3660992020867;M2-CC-15-5
3660992020874;M2-CC-15-5
3660992020881;M2-CC-15-5
3660992020898;M2-CC-15-5
3660992028870;M2-CC-15-5
3020120004563;M2-CC-15-6
3020120004600;M2-CC-15-6
3020120113494;M2-CC-15-6
3020120225081;M2-CC-15-6
3037920213958;M2-CC-15-6
3037921199138;M2-CC-15-6
3037928047173;M2-CC-15-6
3147280086908;M2-CC-15-6
3256222828114;M2-CC-15-6
3256222828138;M2-CC-15-6
3256222828152;M2-CC-15-6
3256222828879;M2-CC-15-6
3256222828954;M2-CC-15-6
3256222828961;M2-CC-15-6
3256224058069;M2-CC-15-6
3256224058595;M2-CC-15-6
3256225735372;M2-CC-15-6
3256228399908;M2-CC-15-6
3256228399946;M2-CC-15-6
3256229267244;M2-CC-15-6
3256229267251;M2-CC-15-6
3256229267275;M2-CC-15-6
3256229267367;M2-CC-15-6
3256229267374;M2-CC-15-6
3256229267381;M2-CC-15-6
3256229267398;M2-CC-15-6
3256229267404;M2-CC-15-6
3256229545519;M2-CC-15-6
3256229545526;M2-CC-15-6
3256229545533;M2-CC-15-6
3256229545540;M2-CC-15-6
3256229545557;M2-CC-15-6
3256229545564;M2-CC-15-6
3256229545588;M2-CC-15-6
3256229545595;M2-CC-15-6
3256229545649;M2-CC-15-6
3256229545656;M2-CC-15-6
3256229545663;M2-CC-15-6
3256229545670;M2-CC-15-6
3256229545694;M2-CC-15-6
3256229635678;M2-CC-15-6
3329683295266;M2-CC-15-6
3386177012037;M2-CC-15-6
3592930022599;M2-CC-15-6
3592930022605;M2-CC-15-6
3660992019205;M2-CC-15-6
3660992020652;M2-CC-15-6
3660992020669;M2-CC-15-6
3660992022243;M2-CC-15-6
3660992022250;M2-CC-15-6
3661507015514;M2-CC-15-6
3664447137100;M2-CC-15-6
3664447137322;M2-CC-15-6
3664447138268;M2-CC-15-6
3664447163970;M2-CC-15-6
3664447164106;M2-CC-15-6
3664447164137;M2-CC-15-6
3664447164953;M2-CC-15-6
3700516300737;M2-CC-15-6
3700516301284;M2-CC-15-6
3700516302557;M2-CC-15-6
3701638702638;M2-CC-15-6
3701638703420;M2-CC-15-6
3701638703840;M2-CC-15-6
3701638707824;M2-CC-15-6
5410574539243;M2-CC-15-6
5410574539250;M2-CC-15-6
5410574539298;M2-CC-15-6
5410574539304;M2-CC-15-6
5410574554048;M2-CC-15-6
3256226383947;M2-CC-15-7
3256227085796;M2-CC-15-7
3256228399625;M2-CC-15-7
3700442005652;M2-CC-15-7
7640162279260;M2-CC-15-7
7640169585760;M2-CC-15-7
3154148450153;M2-CC-15-8
3243480104876;M2-CC-15-8
3256224059899;M2-CC-15-8
3660992020478;M2-CC-15-8
4006381571784;M2-CC-15-8
4549526617638;M2-CC-15-8
8426842084152;M2-CC-15-8
8426842084244;M2-CC-15-8
8426842084275;M2-CC-15-8
0051131592100;M2-CC-15-9
3154148320357;M2-CC-15-9
3256228570901;M2-CC-15-9
3256228571069;M2-CC-15-9
3256228571076;M2-CC-15-9
3256228572639;M2-CC-15-9
3256228572646;M2-CC-15-9
3256228932389;M2-CC-15-9
3256228932396;M2-CC-15-9
3256228932402;M2-CC-15-9
3256228932563;M2-CC-15-9
3256229545625;M2-CC-15-9
3660992020782;M2-CC-15-9
4015000438377;M2-CC-15-9
4026700369809;M2-CC-15-9
4026700377606;M2-CC-15-9
4026700397109;M2-CC-15-9
4026700426205;M2-CC-15-9
4046719088621;M2-CC-15-9
4064035063009;M2-CC-15-9
4064035063085;M2-CC-15-9
3256226753986;M2-CC-1-6
3256226753993;M2-CC-1-6
3256226754006;M2-CC-1-6
3256226754013;M2-CC-1-6
3256226754020;M2-CC-1-6
3256226754037;M2-CC-1-6
3256226754044;M2-CC-1-6
3256226754075;M2-CC-1-6
3256226754099;M2-CC-1-6
3256227086373;M2-CC-1-6
3256229476387;M2-CC-1-6
3121040075517;M2-CC-16-10
3121040075593;M2-CC-16-10
3121040077092;M2-CC-16-10
3121040077405;M2-CC-16-10
3121040084434;M2-CC-16-10
3121040084977;M2-CC-16-10
3121040086438;M2-CC-16-10
3121040087640;M2-CC-16-10
3176238530200;M2-CC-16-10
3176238540070;M2-CC-16-10
3256226395223;M2-CC-16-10
3256226395247;M2-CC-16-10
3256226395254;M2-CC-16-10
3256226395278;M2-CC-16-10
3256226395360;M2-CC-16-10
3256226395377;M2-CC-16-10
3256226395698;M2-CC-16-10
3256226395711;M2-CC-16-10
3256226395728;M2-CC-16-10
3256226395735;M2-CC-16-10
3256226395742;M2-CC-16-10
3256226395759;M2-CC-16-10
3256226395766;M2-CC-16-10
3256226395780;M2-CC-16-10
3256226395797;M2-CC-16-10
3256226395803;M2-CC-16-10
3256226395810;M2-CC-16-10
3256226395827;M2-CC-16-10
3256226395834;M2-CC-16-10
3256226395841;M2-CC-16-10
3256226395858;M2-CC-16-10
3256226395865;M2-CC-16-10
3256226395889;M2-CC-16-10
3256226395896;M2-CC-16-10
3611730002478;M2-CC-16-10
3700342461466;M2-CC-16-10
4008033080248;M2-CC-16-10
7321422629017;M2-CC-16-10
7321422629062;M2-CC-16-10
7321422784730;M2-CC-16-10
7321422924464;M2-CC-16-10
8021098002785;M2-CC-16-10
8710103913016;M2-CC-16-10
8720389013720;M2-CC-16-10
8720389015267;M2-CC-16-10
8720389029493;M2-CC-16-10
3527570085185;M2-CC-16-11
3527570086953;M2-CC-16-11
3527570087738;M2-CC-16-11
3527570087981;M2-CC-16-11
3527570090448;M2-CC-16-11
3527570090547;M2-CC-16-11
3527570094217;M2-CC-16-11
3527570094651;M2-CC-16-11
3660767953567;M2-CC-16-11
3660767973466;M2-CC-16-11
3838782612121;M2-CC-16-11
3838782866067;M2-CC-16-11
4008146012464;M2-CC-16-11
4008146023002;M2-CC-16-11
4008146037580;M2-CC-16-11
4008146041310;M2-CC-16-11
5025232928866;M2-CC-16-11
5025232928941;M2-CC-16-11
8003437861529;M2-CC-16-11
8016361925403;M2-CC-16-11
8050147566756;M2-CC-16-11
8059019078526;M2-CC-16-11
8712836971547;M2-CC-16-11
8801643757601;M2-CC-16-11
8806086090728;M2-CC-16-11
8806088219486;M2-CC-16-11
8806088219523;M2-CC-16-11
8806098249336;M2-CC-16-11
8809721515709;M2-CC-16-11
3046171903624;M2-CC-16-13
3527570055560;M2-CC-16-13
3527570061530;M2-CC-16-13
3527570061554;M2-CC-16-13
3527570061561;M2-CC-16-13
3527570066603;M2-CC-16-13
3527570088605;M2-CC-16-13
6934177709005;M2-CC-16-13
8712836978584;M2-CC-16-13
8712836978591;M2-CC-16-13
8712836988477;M2-CC-16-13
8713016043825;M2-CC-16-13
3121040087077;M2-CC-16-2
3121040087558;M2-CC-16-2
4210201192688;M2-CC-16-2
4210201437796;M2-CC-16-2
7500435224932;M2-CC-16-2
7500435224956;M2-CC-16-2
7500435224963;M2-CC-16-2
7500435225021;M2-CC-16-2
7500435225069;M2-CC-16-2
7500435225120;M2-CC-16-2
7500435225243;M2-CC-16-2
7500435225281;M2-CC-16-2
7500435225328;M2-CC-16-2
7500435238267;M2-CC-16-2
7500435238427;M2-CC-16-2
8001090955777;M2-CC-16-2
8710103890928;M2-CC-16-2
3221616000643;M2-CC-16-5
3527570078118;M2-CC-16-5
4242005183173;M2-CC-16-5
5035048665978;M2-CC-16-5
7332543667666;M2-CC-16-5
8016361945319;M2-CC-16-5
3527570066481;M2-CC-16-6
3527570084287;M2-CC-16-6
4039784824003;M2-CC-16-6
4054278091532;M2-CC-16-6
4054278290911;M2-CC-16-6
4054278331393;M2-CC-16-6
5035048337578;M2-CC-16-6
5035048697993;M2-CC-16-6
5054061102697;M2-CC-16-6
8007411012426;M2-CC-16-6
8713016077745;M2-CC-16-6
3221614003356;M2-CC-16-7
3221614006098;M2-CC-16-7
3221614006722;M2-CC-16-7
3221614007101;M2-CC-16-7
3221614007149;M2-CC-16-7
3221616000223;M2-CC-16-7
3527570071928;M2-CC-16-7
3611730024661;M2-CC-16-7
3700342444506;M2-CC-16-7
4002515994535;M2-CC-16-7
4242005227853;M2-CC-16-7
5060629983264;M2-CC-16-7
5060629987101;M2-CC-16-7
7332543560745;M2-CC-16-7
7332543561148;M2-CC-16-7
7332543567430;M2-CC-16-7
7332543709625;M2-CC-16-7
8016361926813;M2-CC-16-7
8016361943278;M2-CC-16-7
8710103927280;M2-CC-16-7
8713016106056;M2-CC-16-7
0011120268133;M2-CC-16-9
0011120272307;M2-CC-16-9
3221610055700;M2-CC-16-9
3221613010607;M2-CC-16-9
3221613011208;M2-CC-16-9
3221613011901;M2-CC-16-9
3221613016104;M2-CC-16-9
3221614006388;M2-CC-16-9
3221616000513;M2-CC-16-9
3221616001442;M2-CC-16-9
3221616022126;M2-CC-16-9
3221616037656;M2-CC-16-9
3221616043572;M2-CC-16-9
3221616048010;M2-CC-16-9
3221616061095;M2-CC-16-9
3221616093089;M2-CC-16-9
3221616094178;M2-CC-16-9
3221616107298;M2-CC-16-9
3221616113428;M2-CC-16-9
3256226387037;M2-CC-16-9
3256226387044;M2-CC-16-9
3256226387068;M2-CC-16-9
3256226387112;M2-CC-16-9
3256226387174;M2-CC-16-9
3256226387204;M2-CC-16-9
3256226387242;M2-CC-16-9
3256226387273;M2-CC-16-9
3256226387334;M2-CC-16-9
3256226387358;M2-CC-16-9
3256226387433;M2-CC-16-9
3256226387440;M2-CC-16-9
3256229237599;M2-CC-16-9
3256229237674;M2-CC-16-9
3256229237704;M2-CC-16-9
3256229237827;M2-CC-16-9
3256229237834;M2-CC-16-9
3256229237841;M2-CC-16-9
3256229237858;M2-CC-16-9
3256229237865;M2-CC-16-9
3256229237889;M2-CC-16-9
3256229237902;M2-CC-16-9
3256229237933;M2-CC-16-9
3256229237940;M2-CC-16-9
3256229237957;M2-CC-16-9
3256229237964;M2-CC-16-9
3256229237971;M2-CC-16-9
3256229238152;M2-CC-16-9
3256229238169;M2-CC-16-9
3527570087509;M2-CC-16-9
3527570089343;M2-CC-16-9
3527570089350;M2-CC-16-9
3527570090141;M2-CC-16-9
3527570090523;M2-CC-16-9
3527570090530;M2-CC-16-9
3527570093944;M2-CC-16-9
3527570096785;M2-CC-16-9
3611730025682;M2-CC-16-9
3700342455878;M2-CC-16-9
4002515719534;M2-CC-16-9
4008146016394;M2-CC-16-9
4008146016400;M2-CC-16-9
4008146038785;M2-CC-16-9
4054278065991;M2-CC-16-9
4054278975139;M2-CC-16-9
4054278976358;M2-CC-16-9
4054278995427;M2-CC-16-9
4242005285174;M2-CC-16-9
4242005359288;M2-CC-16-9
5025155069585;M2-CC-16-9
5035048666005;M2-CC-16-9
5035048715505;M2-CC-16-9
5035048737798;M2-CC-16-9
5035048790243;M2-CC-16-9
5060629989662;M2-CC-16-9
6973734680388;M2-CC-16-9
7319599031443;M2-CC-16-9
7333394021614;M2-CC-16-9
8059019036571;M2-CC-16-9
8059019049410;M2-CC-16-9
8059019049922;M2-CC-16-9
8059019049939;M2-CC-16-9
8059019063782;M2-CC-16-9
8059019065533;M2-CC-16-9
8059019065656;M2-CC-16-9
8690842526817;M2-CC-16-9
8713016004130;M2-CC-16-9
8806094268560;M2-CC-16-9
3086960244156;M2-CC-1-7
3234530010957;M2-CC-1-7
3253928605025;M2-CC-1-7
3256224740537;M2-CC-1-7
3256224762690;M2-CC-1-7
3256227741715;M2-CC-1-7
3256227752681;M2-CC-1-7
3256227752698;M2-CC-1-7
3256227752704;M2-CC-1-7
3256227752728;M2-CC-1-7
3256229479302;M2-CC-1-7
3256229479319;M2-CC-1-7
3256229479333;M2-CC-1-7
3256229479340;M2-CC-1-7
3304993820018;M2-CC-1-7
3700442013435;M2-CC-1-7
3254761205434;M2-CC-17-1
3527570067112;M2-CC-17-1
3527570074523;M2-CC-17-1
3527570088896;M2-CC-17-1
3527570088919;M2-CC-17-1
3527570094330;M2-CC-17-1
3527570094347;M2-CC-17-1
3527570094859;M2-CC-17-1
3527570096600;M2-CC-17-1
3660767975521;M2-CC-17-1
3660767977358;M2-CC-17-1
3660767978591;M2-CC-17-1
3660767997110;M2-CC-17-1
3700410317633;M2-CC-17-1
3700410328950;M2-CC-17-1
3700410355567;M2-CC-17-1
3700410355697;M2-CC-17-1
3700410357912;M2-CC-17-1
3700410361230;M2-CC-17-1
3700410365290;M2-CC-17-1
3838782431579;M2-CC-17-1
4242005198306;M2-CC-17-1
6901101815439;M2-CC-17-1
6901101830210;M2-CC-17-1
6921727051776;M2-CC-17-1
6921727051806;M2-CC-17-1
6921727074430;M2-CC-17-1
6921727074485;M2-CC-17-1
6934585684987;M2-CC-17-1
7332543592388;M2-CC-17-1
7332543592395;M2-CC-17-1
7332543674138;M2-CC-17-1
7332543710348;M2-CC-17-1
7332543714032;M2-CC-17-1
7332543738175;M2-CC-17-1
7332543759880;M2-CC-17-1
8003437475153;M2-CC-17-1
8003437613050;M2-CC-17-1
8003437625435;M2-CC-17-1
8003437903311;M2-CC-17-1
8007842963250;M2-CC-17-1
8050147667347;M2-CC-17-1
8050147676684;M2-CC-17-1
8059019018300;M2-CC-17-1
8059019027838;M2-CC-17-1
8059019037639;M2-CC-17-1
8059019043654;M2-CC-17-1
8690842381850;M2-CC-17-1
8690842388361;M2-CC-17-1
8690842414183;M2-CC-17-1
8690842419713;M2-CC-17-1
8690842474521;M2-CC-17-1
8690842517105;M2-CC-17-1
8690842580482;M2-CC-17-1
8698902500586;M2-CC-17-1
8806084208552;M2-CC-17-1
8806088770475;M2-CC-17-1
8806090563485;M2-CC-17-1
8806090605321;M2-CC-17-1
8806091420404;M2-CC-17-1
8806098797042;M2-CC-17-1
8809721513729;M2-CC-17-1
8809721518564;M2-CC-17-1
3086960240127;M2-CC-1-8
3086960258542;M2-CC-1-8
3253924120102;M2-CC-1-8
3256224760979;M2-CC-1-8
3256227752650;M2-CC-1-8
3256227752667;M2-CC-1-8
3256227752674;M2-CC-1-8
3256227752711;M2-CC-1-8
3256229479258;M2-CC-1-8
3256229479265;M2-CC-1-8
3256229479272;M2-CC-1-8
3256229479289;M2-CC-1-8
3256229479296;M2-CC-1-8
3256229479326;M2-CC-1-8
3560238679203;M2-CC-1-8
5025232939367;M2-CC-18-1
5901292514525;M2-CC-18-1
8806091462046;M2-CC-18-1
3420744770170;M2-CC-18-10
3499550385045;M2-CC-18-10
3503420169823;M2-CC-18-10
3527570050527;M2-CC-18-10
3571400221441;M2-CC-18-10
3571400232133;M2-CC-18-10
3571400234038;M2-CC-18-10
3571400234052;M2-CC-18-10
3571400250496;M2-CC-18-10
3571400250502;M2-CC-18-10
3571400253398;M2-CC-18-10
3571400253404;M2-CC-18-10
3571400258423;M2-CC-18-10
3571400265599;M2-CC-18-10
3571400271521;M2-CC-18-10
3571400272023;M2-CC-18-10
3571400273877;M2-CC-18-10
3571400273938;M2-CC-18-10
3571400274836;M2-CC-18-10
3571400276113;M2-CC-18-10
3571400276144;M2-CC-18-10
3571400801797;M2-CC-18-10
3660345811005;M2-CC-18-10
3660345811029;M2-CC-18-10
3660345811067;M2-CC-18-10
3660345821004;M2-CC-18-10
3660345823015;M2-CC-18-10
3660345881022;M2-CC-18-10
3700442022161;M2-CC-18-10
3700442022192;M2-CC-18-10
3700460200060;M2-CC-18-10
3700460200268;M2-CC-18-10
3700460200411;M2-CC-18-10
3700460201135;M2-CC-18-10
3700460203320;M2-CC-18-10
3700460203542;M2-CC-18-10
3700460205454;M2-CC-18-10
3700460206154;M2-CC-18-10
3700460206161;M2-CC-18-10
3700460206574;M2-CC-18-10
3760340881222;M2-CC-18-10
8712581398941;M2-CC-18-10
3584179056718;M2-CC-18-2
5014024010988;M2-CC-18-2
8806090325823;M2-CC-18-2
3584179061958;M2-CC-18-3
3700410356472;M2-CC-18-3
3700410361773;M2-CC-18-3
3700410362596;M2-CC-18-3
3760340883240;M2-CC-18-3
5025232948567;M2-CC-18-3
5901292517304;M2-CC-18-3
5901292518387;M2-CC-18-3
5901292518585;M2-CC-18-3
5901292519438;M2-CC-18-3
6942147474150;M2-CC-18-3
6942147477267;M2-CC-18-3
6942147489451;M2-CC-18-3
6942351405629;M2-CC-18-3
8718863028971;M2-CC-18-3
8806090288180;M2-CC-18-3
8806090327148;M2-CC-18-3
8806091277343;M2-CC-18-3
8806094416602;M2-CC-18-3
8806094916799;M2-CC-18-3
8806084129550;M2-CC-18-4
8806090330179;M2-CC-18-4
8806091046604;M2-CC-18-4
8806091151421;M2-CC-18-4
8806098149209;M2-CC-18-4
8806098297962;M2-CC-18-4
3256224068419;M2-CC-18-5
3256224068433;M2-CC-18-5
3420744416672;M2-CC-18-5
3483074096525;M2-CC-18-5
3483074116520;M2-CC-18-5
3700460206406;M2-CC-18-5
3700460209018;M2-CC-18-5
4548736013544;M2-CC-18-5
4905524842074;M2-CC-18-5
4905524950311;M2-CC-18-5
6925281925313;M2-CC-18-5
8006023097937;M2-CC-18-5
8006023230044;M2-CC-18-5
8006023240067;M2-CC-18-5
8006023248995;M2-CC-18-5
8006023249015;M2-CC-18-5
8006023250486;M2-CC-18-5
8006023251087;M2-CC-18-5
8006023256341;M2-CC-18-5
8006023275632;M2-CC-18-5
8006023280100;M2-CC-18-5
8006023283491;M2-CC-18-5
8006023283835;M2-CC-18-5
8006023283859;M2-CC-18-5
8006023283873;M2-CC-18-5
8006023283989;M2-CC-18-5
8006023284542;M2-CC-18-5
8006023284566;M2-CC-18-5
8006023293582;M2-CC-18-5
8006023303014;M2-CC-18-5
8006023303038;M2-CC-18-5
8006023314188;M2-CC-18-5
8006023314539;M2-CC-18-5
8006023314744;M2-CC-18-5
8006023315840;M2-CC-18-5
8006023315895;M2-CC-18-5
8006023315956;M2-CC-18-5
8006023315970;M2-CC-18-5
8006023316519;M2-CC-18-5
8006023320776;M2-CC-18-5
8006023330690;M2-CC-18-5
8006023330713;M2-CC-18-5
8006023331819;M2-CC-18-5
8712285315527;M2-CC-18-5
8717185449624;M2-CC-18-5
9120072371059;M2-CC-18-5
9120072373152;M2-CC-18-5
3584179051737;M2-CC-18-6
3700460206192;M2-CC-18-6
3700460206802;M2-CC-18-6
3700460207403;M2-CC-18-6
4548736036369;M2-CC-18-6
4548736090637;M2-CC-18-6
5054061246933;M2-CC-18-6
5420047121974;M2-CC-18-6
5420047123848;M2-CC-18-6
5420047125897;M2-CC-18-6
5420047133434;M2-CC-18-6
5420047137890;M2-CC-18-6
5420047139054;M2-CC-18-6
3499550384772;M2-CC-18-7
3584174448174;M2-CC-18-7
3700460203863;M2-CC-18-7
3700460204327;M2-CC-18-7
3700460204907;M2-CC-18-7
3700460205010;M2-CC-18-7
3700460206741;M2-CC-18-7
3700460206932;M2-CC-18-7
3760119731154;M2-CC-18-7
5025232785841;M2-CC-18-7
5420047131768;M2-CC-18-7
0020356620943;M2-CC-18-8
0020356621094;M2-CC-18-8
0020356621100;M2-CC-18-8
1200130009440;M2-CC-18-8
3303170048801;M2-CC-18-8
3303170074626;M2-CC-18-8
3303170078938;M2-CC-18-8
3303170080825;M2-CC-18-8
3303170088074;M2-CC-18-8
3303170088081;M2-CC-18-8
3303170088098;M2-CC-18-8
3303170088111;M2-CC-18-8
3303170099339;M2-CC-18-8
3303170101353;M2-CC-18-8
3303170101360;M2-CC-18-8
3303170102947;M2-CC-18-8
3303170104156;M2-CC-18-8
3303170108154;M2-CC-18-8
3303170108413;M2-CC-18-8
3303170108420;M2-CC-18-8
3303170108970;M2-CC-18-8
3303170109076;M2-CC-18-8
3303170109298;M2-CC-18-8
3303170109328;M2-CC-18-8
3303170109335;M2-CC-18-8
3303170109342;M2-CC-18-8
3303170112151;M2-CC-18-8
3303170112168;M2-CC-18-8
3303170112632;M2-CC-18-8
3303170112847;M2-CC-18-8
3303170113103;M2-CC-18-8
3303170113134;M2-CC-18-8
3303170113301;M2-CC-18-8
3303170115862;M2-CC-18-8
3303170116586;M2-CC-18-8
3303170116777;M2-CC-18-8
3303170117569;M2-CC-18-8
3303170117927;M2-CC-18-8
3303170117934;M2-CC-18-8
3303170119143;M2-CC-18-8
3303170119181;M2-CC-18-8
3303170119204;M2-CC-18-8
3303170119556;M2-CC-18-8
3303170120729;M2-CC-18-8
3303170120743;M2-CC-18-8
3420744771481;M2-CC-18-8
3499550385144;M2-CC-18-8
3499550387209;M2-CC-18-8
3527570050534;M2-CC-18-8
3584175305780;M2-CC-18-8
3700460200374;M2-CC-18-8
3700460204723;M2-CC-18-8
3700460204730;M2-CC-18-8
3700460204808;M2-CC-18-8
3700460205140;M2-CC-18-8
3700460205911;M2-CC-18-8
3700460206468;M2-CC-18-8
3700460207885;M2-CC-18-8
3700460208462;M2-CC-18-8
3700460209124;M2-CC-18-8
3700460209315;M2-CC-18-8
3760206483812;M2-CC-18-8
4548736033412;M2-CC-18-8
4548736072954;M2-CC-18-8
4548736080478;M2-CC-18-8
4548736109315;M2-CC-18-8
4548736142374;M2-CC-18-8
4548736146129;M2-CC-18-8
4895185604510;M2-CC-18-8
4895185607948;M2-CC-18-8
4895185609133;M2-CC-18-8
4895185613499;M2-CC-18-8
4895185620053;M2-CC-18-8
4895185630847;M2-CC-18-8
5054061087352;M2-CC-18-8
5054061238334;M2-CC-18-8
5054061238341;M2-CC-18-8
5054061242584;M2-CC-18-8
5054061246926;M2-CC-18-8
5054061344431;M2-CC-18-8
5099206084179;M2-CC-18-8
5903932177572;M2-CC-18-8
5903932420524;M2-CC-18-8
6925281900068;M2-CC-18-8
6925281928840;M2-CC-18-8
6925281954566;M2-CC-18-8
6925281955112;M2-CC-18-8
6925281968303;M2-CC-18-8
6925281974564;M2-CC-18-8
6925281975301;M2-CC-18-8
6925281975615;M2-CC-18-8
6925281975622;M2-CC-18-8
6925281975639;M2-CC-18-8
6925281978692;M2-CC-18-8
6925281978708;M2-CC-18-8
6925281979200;M2-CC-18-8
6925281982088;M2-CC-18-8
6925281987649;M2-CC-18-8
6925281990687;M2-CC-18-8
6925281993343;M2-CC-18-8
6925281994258;M2-CC-18-8
6925281994579;M2-CC-18-8
6942147482315;M2-CC-18-8
6942147497937;M2-CC-18-8
7340055355537;M2-CC-18-8
7340055374989;M2-CC-18-8
7340055378055;M2-CC-18-8
7350116012859;M2-CC-18-8
8006023295609;M2-CC-18-8
8006023310869;M2-CC-18-8
8718734657491;M2-CC-18-8
8718734657507;M2-CC-18-8
8806087088366;M2-CC-18-8
8806091897121;M2-CC-18-8
8806094903553;M2-CC-18-8
0190198001733;M2-CC-18-9
0190198107077;M2-CC-18-9
0500363218840;M2-CC-18-9
3303170013762;M2-CC-18-9
3303170013830;M2-CC-18-9
3303170077078;M2-CC-18-9
3303170077115;M2-CC-18-9
3303170079263;M2-CC-18-9
3303170082720;M2-CC-18-9
3303170088050;M2-CC-18-9
3303170090442;M2-CC-18-9
3303170098615;M2-CC-18-9
3303170098622;M2-CC-18-9
3303170099599;M2-CC-18-9
3303170103180;M2-CC-18-9
3303170103210;M2-CC-18-9
3483071516521;M2-CC-18-9
3584179051461;M2-CC-18-9
3700789507109;M2-CC-18-9
3701090628958;M2-CC-18-9
4047443282385;M2-CC-18-9
4047443387479;M2-CC-18-9
5025232882397;M2-CC-18-9
6925281918926;M2-CC-18-9
6925281926167;M2-CC-18-9
6925281928369;M2-CC-18-9
6925281930157;M2-CC-18-9
6925281938139;M2-CC-18-9
6925281939921;M2-CC-18-9
6925281939945;M2-CC-18-9
6925281940804;M2-CC-18-9
6925281960208;M2-CC-18-9
6925281976872;M2-CC-18-9
6925281978753;M2-CC-18-9
6925281983306;M2-CC-18-9
6925281987267;M2-CC-18-9
6925281993176;M2-CC-18-9
6934177757037;M2-CC-18-9
6944284665088;M2-CC-18-9
7350090769695;M2-CC-18-9
3019920909932;M2-CC-1-9
3086960100131;M2-CC-1-9
3086960208622;M2-CC-1-9
3086960227609;M2-CC-1-9
3086960237981;M2-CC-1-9
3086960244132;M2-CC-1-9
3086960254643;M2-CC-1-9
3086960264390;M2-CC-1-9
3086960264406;M2-CC-1-9
3234530002723;M2-CC-1-9
3234530002730;M2-CC-1-9
3234530008718;M2-CC-1-9
3234530010940;M2-CC-1-9
3234530011985;M2-CC-1-9
3234530012272;M2-CC-1-9
3234530012647;M2-CC-1-9
3234530012678;M2-CC-1-9
3253922102001;M2-CC-1-9
3253923702064;M2-CC-1-9
3253923703061;M2-CC-1-9
3253924747217;M2-CC-1-9
3253924833279;M2-CC-1-9
3253924848280;M2-CC-1-9
3253924848334;M2-CC-1-9
3256224760900;M2-CC-1-9
3256224760917;M2-CC-1-9
3256224761327;M2-CC-1-9
3256229262942;M2-CC-1-9
3256229479357;M2-CC-1-9
3256229479388;M2-CC-1-9
3256229479395;M2-CC-1-9
3256229479418;M2-CC-1-9
3256229479425;M2-CC-1-9
3256229479449;M2-CC-1-9
3256229479456;M2-CC-1-9
3256229479494;M2-CC-1-9
3256229536654;M2-CC-1-9
3256229540712;M2-CC-1-9
3304991966169;M2-CC-1-9
3304993560860;M2-CC-1-9
3560234513372;M2-CC-1-9
3560234513389;M2-CC-1-9
3560234513396;M2-CC-1-9
3561869561387;M2-CC-1-9
3660992022724;M2-CC-1-9
3700377350551;M2-CC-1-9
3700442000435;M2-CC-1-9
3760088280349;M2-CC-1-9
3760088280356;M2-CC-1-9
4052396083262;M2-CC-1-9
5412006032568;M2-CC-1-9
5412006754019;M2-CC-1-9
5412006785044;M2-CC-1-9
6411760106903;M2-CC-1-9
6411760108907;M2-CC-1-9
7332462085190;M2-CC-1-9
7332462085213;M2-CC-1-9
7610859033451;M2-CC-1-9
7610859036384;M2-CC-1-9
7610859118820;M2-CC-1-9
8005989203406;M2-CC-1-9
8013183008055;M2-CC-1-9
8013183086770;M2-CC-1-9
8013183086787;M2-CC-1-9
8013183086794;M2-CC-1-9
8013183101565;M2-CC-1-9
8013183118815;M2-CC-1-9
8013183118822;M2-CC-1-9
8429429173065;M2-CC-1-9
8429905032107;M2-CC-1-9
8716382165344;M2-CC-1-9
0722868930571;M2-CC-19-1
0745883792658;M2-CC-19-1
0745883793716;M2-CC-19-1
0745883799176;M2-CC-19-1
3256224361169;M2-CC-19-1
3256224361466;M2-CC-19-1
3256224361596;M2-CC-19-1
3256224361664;M2-CC-19-1
3256224361701;M2-CC-19-1
3256225396214;M2-CC-19-1
3256228411976;M2-CC-19-1
3256228411983;M2-CC-19-1
3256228411990;M2-CC-19-1
3256228412003;M2-CC-19-1
3256228412010;M2-CC-19-1
3256228412027;M2-CC-19-1
3256228412034;M2-CC-19-1
3256228412065;M2-CC-19-1
3256228412072;M2-CC-19-1
3256228412089;M2-CC-19-1
3256228412096;M2-CC-19-1
3256228412102;M2-CC-19-1
3256228412119;M2-CC-19-1
3256228412126;M2-CC-19-1
3256228412133;M2-CC-19-1
3256228412157;M2-CC-19-1
3256228412164;M2-CC-19-1
3256228412171;M2-CC-19-1
3256228412188;M2-CC-19-1
3256228412195;M2-CC-19-1
3256228412218;M2-CC-19-1
3256228412225;M2-CC-19-1
3256228412232;M2-CC-19-1
3256228412256;M2-CC-19-1
3256228412263;M2-CC-19-1
3256228412287;M2-CC-19-1
3256228412294;M2-CC-19-1
3256228412379;M2-CC-19-1
3256228412393;M2-CC-19-1
3256228412447;M2-CC-19-1
3256228412461;M2-CC-19-1
3256228412546;M2-CC-19-1
3256228412591;M2-CC-19-1
3256228412607;M2-CC-19-1
3256228412614;M2-CC-19-1
3256228412621;M2-CC-19-1
3256228412638;M2-CC-19-1
3256228412690;M2-CC-19-1
3256228412706;M2-CC-19-1
3256228412713;M2-CC-19-1
3256228412720;M2-CC-19-1
3256228412751;M2-CC-19-1
3256228412768;M2-CC-19-1
3256228412775;M2-CC-19-1
3256228412829;M2-CC-19-1
3256228412867;M2-CC-19-1
3256228412881;M2-CC-19-1
3256228412898;M2-CC-19-1
3256228412904;M2-CC-19-1
3256228412980;M2-CC-19-1
3256229165076;M2-CC-19-1
3256229165090;M2-CC-19-1
3256229165243;M2-CC-19-1
3660992009619;M2-CC-19-1
8018417248702;M2-CC-19-1
8018417248726;M2-CC-19-1
8018417253485;M2-CC-19-1
8018417215759;M2-CC-19-10
8018417229053;M2-CC-19-10
8018417229060;M2-CC-19-10
8018417237768;M2-CC-19-10
8018417237775;M2-CC-19-10
8018417237799;M2-CC-19-10
8018417237805;M2-CC-19-10
8018417267253;M2-CC-19-10
8018417269387;M2-CC-19-10
8018417279065;M2-CC-19-10
8018417290718;M2-CC-19-10
8018417293917;M2-CC-19-10
8018417293924;M2-CC-19-10
8018417294587;M2-CC-19-10
8018417297892;M2-CC-19-10
8018417304637;M2-CC-19-10
8018417305344;M2-CC-19-10
8018417305849;M2-CC-19-10
8018417306785;M2-CC-19-10
8018417310324;M2-CC-19-10
8018417310881;M2-CC-19-10
8018417318443;M2-CC-19-10
8018417319006;M2-CC-19-10
8018417321108;M2-CC-19-10
8018417323058;M2-CC-19-10
8018417324840;M2-CC-19-10
8018417324857;M2-CC-19-10
8018417324949;M2-CC-19-10
8018417325052;M2-CC-19-10
8018417325816;M2-CC-19-10
8018417326547;M2-CC-19-10
8018417326561;M2-CC-19-10
8018417326868;M2-CC-19-10
8018417328763;M2-CC-19-10
8018417332616;M2-CC-19-10
8018417333637;M2-CC-19-10
8018417334719;M2-CC-19-10
8018417334733;M2-CC-19-10
8018417334740;M2-CC-19-10
8018417334863;M2-CC-19-10
8018417336027;M2-CC-19-10
8018417336041;M2-CC-19-10
8018417337611;M2-CC-19-10
8018417337628;M2-CC-19-10
8018417338083;M2-CC-19-10
8018417338625;M2-CC-19-10
8018417338717;M2-CC-19-10
8018417343643;M2-CC-19-10
8018417343766;M2-CC-19-10
8018417344770;M2-CC-19-10
8018417399916;M2-CC-19-10
8018417400674;M2-CC-19-10
8018417400742;M2-CC-19-10
8018417400759;M2-CC-19-10
8018417402562;M2-CC-19-10
8018417406034;M2-CC-19-10
8806090854019;M2-CC-19-10
8018417166679;M2-CC-19-11
8018417242021;M2-CC-19-11
8018417255984;M2-CC-19-11
8018417256035;M2-CC-19-11
8018417267215;M2-CC-19-11
8018417269325;M2-CC-19-11
8018417272394;M2-CC-19-11
8018417275067;M2-CC-19-11
8018417275159;M2-CC-19-11
8018417275319;M2-CC-19-11
8018417275388;M2-CC-19-11
8018417279188;M2-CC-19-11
8018417290305;M2-CC-19-11
8018417295287;M2-CC-19-11
8018417295317;M2-CC-19-11
8018417295584;M2-CC-19-11
8018417295591;M2-CC-19-11
8018417301841;M2-CC-19-11
8018417304200;M2-CC-19-11
8018417304354;M2-CC-19-11
8018417304545;M2-CC-19-11
8018417304644;M2-CC-19-11
8018417306792;M2-CC-19-11
8018417309434;M2-CC-19-11
8018417309441;M2-CC-19-11
8018417309571;M2-CC-19-11
8018417309632;M2-CC-19-11
8018417309793;M2-CC-19-11
8018417309854;M2-CC-19-11
8018417309861;M2-CC-19-11
8018417310331;M2-CC-19-11
8018417312038;M2-CC-19-11
8018417318450;M2-CC-19-11
8018417318641;M2-CC-19-11
8018417318993;M2-CC-19-11
8018417321115;M2-CC-19-11
8018417323713;M2-CC-19-11
8018417324864;M2-CC-19-11
8018417324963;M2-CC-19-11
8018417325069;M2-CC-19-11
8018417325823;M2-CC-19-11
8018417325830;M2-CC-19-11
8018417328732;M2-CC-19-11
8018417328831;M2-CC-19-11
8018417331619;M2-CC-19-11
8018417333514;M2-CC-19-11
8018417333538;M2-CC-19-11
8018417334368;M2-CC-19-11
8018417336034;M2-CC-19-11
8018417336928;M2-CC-19-11
8018417337048;M2-CC-19-11
8018417338632;M2-CC-19-11
8018417338700;M2-CC-19-11
8018417338731;M2-CC-19-11
8018417399602;M2-CC-19-11
8018417401145;M2-CC-19-11
8018417401152;M2-CC-19-11
8018417411205;M2-CC-19-11
8809566577009;M2-CC-19-11
0196337875999;M2-CC-19-2
0196548378746;M2-CC-19-2
0718037871011;M2-CC-19-2
0810037290080;M2-CC-19-2
3126170168030;M2-CC-19-2
3126170168061;M2-CC-19-2
3126170168092;M2-CC-19-2
3126170168122;M2-CC-19-2
3126170168153;M2-CC-19-2
3256223535523;M2-CC-19-2
3256223535530;M2-CC-19-2
3256223536223;M2-CC-19-2
3256223536247;M2-CC-19-2
3256223536254;M2-CC-19-2
3256224362425;M2-CC-19-2
3256228412300;M2-CC-19-2
3256228412317;M2-CC-19-2
3256228412324;M2-CC-19-2
3256228412331;M2-CC-19-2
3256228412348;M2-CC-19-2
3256228412416;M2-CC-19-2
3256228412423;M2-CC-19-2
3256228412478;M2-CC-19-2
3256228412485;M2-CC-19-2
3256228412492;M2-CC-19-2
3256228412508;M2-CC-19-2
3256228412515;M2-CC-19-2
3256228412522;M2-CC-19-2
3256228412539;M2-CC-19-2
3256228412553;M2-CC-19-2
3256228412560;M2-CC-19-2
3256228412577;M2-CC-19-2
3256228412652;M2-CC-19-2
3256228412669;M2-CC-19-2
3256228412676;M2-CC-19-2
3256228412737;M2-CC-19-2
3256228412744;M2-CC-19-2
3256228412782;M2-CC-19-2
3256228412836;M2-CC-19-2
3256228412843;M2-CC-19-2
3256228412850;M2-CC-19-2
3256228412874;M2-CC-19-2
3256228412911;M2-CC-19-2
3256228412928;M2-CC-19-2
3256228412935;M2-CC-19-2
3256228412942;M2-CC-19-2
3256228412959;M2-CC-19-2
3256228412966;M2-CC-19-2
3256228412973;M2-CC-19-2
3256228418777;M2-CC-19-2
3303170106518;M2-CC-19-2
3483079706528;M2-CC-19-2
3660992009602;M2-CC-19-2
4549292137606;M2-CC-19-2
4710483772849;M2-CC-19-2
4710483774294;M2-CC-19-2
8713439242782;M2-CC-19-2
8714574523248;M2-CC-19-2
8714574523286;M2-CC-19-2
8714574523347;M2-CC-19-2
8714574523361;M2-CC-19-2
8714574523385;M2-CC-19-2
8714574523408;M2-CC-19-2
8714574523422;M2-CC-19-2
8714574525808;M2-CC-19-2
8714574554273;M2-CC-19-2
8714574554297;M2-CC-19-2
8714574554372;M2-CC-19-2
8714574554457;M2-CC-19-2
8714574572529;M2-CC-19-2
8714574572574;M2-CC-19-2
8714574572628;M2-CC-19-2
8714574584270;M2-CC-19-2
8714574584409;M2-CC-19-2
8714574605470;M2-CC-19-2
8714574605487;M2-CC-19-2
8714574605494;M2-CC-19-2
8714574605500;M2-CC-19-2
8714574605524;M2-CC-19-2
8714574631790;M2-CC-19-2
8714574631813;M2-CC-19-2
8714574959412;M2-CC-19-2
8714574959429;M2-CC-19-2
8714574959535;M2-CC-19-2
8714574959542;M2-CC-19-2
8715946493060;M2-CC-19-2
8715946507231;M2-CC-19-2
8715946624518;M2-CC-19-2
8715946624532;M2-CC-19-2
8715946624556;M2-CC-19-2
8715946624594;M2-CC-19-2
8715946624617;M2-CC-19-2
8715946624631;M2-CC-19-2
8715946625133;M2-CC-19-2
8715946625157;M2-CC-19-2
8715946625171;M2-CC-19-2
8715946625591;M2-CC-19-2
8715946625614;M2-CC-19-2
8715946625638;M2-CC-19-2
8715946625997;M2-CC-19-2
8715946626017;M2-CC-19-2
8715946626031;M2-CC-19-2
8715946666761;M2-CC-19-2
8715946666785;M2-CC-19-2
8715946666808;M2-CC-19-2
8715946701974;M2-CC-19-2
8715946707907;M2-CC-19-2
9120072372322;M2-CC-19-2
0190780475904;M2-CC-19-3
0190780570975;M2-CC-19-3
0190780571019;M2-CC-19-3
0192545177016;M2-CC-19-3
0193905429202;M2-CC-19-3
0193905429233;M2-CC-19-3
0195161227042;M2-CC-19-3
0884962754467;M2-CC-19-3
0884962754481;M2-CC-19-3
0884962754498;M2-CC-19-3
0884962754504;M2-CC-19-3
0884962769669;M2-CC-19-3
0884962780824;M2-CC-19-3
0884962780855;M2-CC-19-3
0884962780886;M2-CC-19-3
0884962780893;M2-CC-19-3
0884962780916;M2-CC-19-3
0884962780923;M2-CC-19-3
0884962780947;M2-CC-19-3
0884962780954;M2-CC-19-3
0884962780985;M2-CC-19-3
0884962834312;M2-CC-19-3
0884962838983;M2-CC-19-3
0884962894422;M2-CC-19-3
0884962894477;M2-CC-19-3
0884962894521;M2-CC-19-3
0886111615322;M2-CC-19-3
0886111615339;M2-CC-19-3
0886111615353;M2-CC-19-3
0888182461938;M2-CC-19-3
0888182461976;M2-CC-19-3
0888793802960;M2-CC-19-3
0888793803011;M2-CC-19-3
0888793803066;M2-CC-19-3
0888793803110;M2-CC-19-3
0889894419385;M2-CC-19-3
0889894419392;M2-CC-19-3
0889894419408;M2-CC-19-3
8715946519876;M2-CC-19-3
8715946622996;M2-CC-19-3
8715946624570;M2-CC-19-3
8715946624679;M2-CC-19-3
8715946624891;M2-CC-19-3
8715946624976;M2-CC-19-3
8715946625119;M2-CC-19-3
8715946625195;M2-CC-19-3
8715946625553;M2-CC-19-3
8715946625973;M2-CC-19-3
8715946626055;M2-CC-19-3
8715946666747;M2-CC-19-3
8715946668253;M2-CC-19-3
0610406998049;M2-CC-19-4
0840006606321;M2-CC-19-4
0840006607762;M2-CC-19-4
3303170082560;M2-CC-19-4
3303170090664;M2-CC-19-4
4003073935275;M2-CC-19-4
4003073935282;M2-CC-19-4
4710483772092;M2-CC-19-4
4710483772450;M2-CC-19-4
4715302442095;M2-CC-19-4
4715302448967;M2-CC-19-4
4897093960054;M2-CC-19-4
4897093960115;M2-CC-19-4
4897093960184;M2-CC-19-4
4897093960207;M2-CC-19-4
4897093961242;M2-CC-19-4
5099206089167;M2-CC-19-4
5707119028639;M2-CC-19-4
5707119028745;M2-CC-19-4
6971502090131;M2-CC-19-4
0887111464897;M2-CC-19-5
3303170021545;M2-CC-19-5
3303170041369;M2-CC-19-5
3303170042274;M2-CC-19-5
3303170044988;M2-CC-19-5
3303170049921;M2-CC-19-5
3303170061381;M2-CC-19-5
3303170064658;M2-CC-19-5
3303170067505;M2-CC-19-5
3303170069370;M2-CC-19-5
3303170071816;M2-CC-19-5
3303170072172;M2-CC-19-5
3303170075487;M2-CC-19-5
3303170075968;M2-CC-19-5
3303170081129;M2-CC-19-5
3303170081303;M2-CC-19-5
3303170081334;M2-CC-19-5
3303170082188;M2-CC-19-5
3303170082430;M2-CC-19-5
3303170083895;M2-CC-19-5
3303170087473;M2-CC-19-5
3303170087480;M2-CC-19-5
3303170087497;M2-CC-19-5
3303170091470;M2-CC-19-5
3303170095171;M2-CC-19-5
3303170095201;M2-CC-19-5
3303170099391;M2-CC-19-5
3303170103685;M2-CC-19-5
3303170111116;M2-CC-19-5
3700224765040;M2-CC-19-5
5099206021860;M2-CC-19-5
5099206027275;M2-CC-19-5
5099206028838;M2-CC-19-5
5099206029347;M2-CC-19-5
5099206066199;M2-CC-19-5
5099206066205;M2-CC-19-5
5099206066212;M2-CC-19-5
8713439186796;M2-CC-19-5
8713439532661;M2-CC-19-5
0191628853045;M2-CC-19-6
0195161914744;M2-CC-19-6
0606449140378;M2-CC-19-6
3015220928215;M2-CC-19-6
3303170096208;M2-CC-19-6
3303170097601;M2-CC-19-6
3303170100271;M2-CC-19-6
3303170100844;M2-CC-19-6
3303170102800;M2-CC-19-6
3303170102961;M2-CC-19-6
3303170103678;M2-CC-19-6
8806090961953;M2-CC-19-6
0193575000831;M2-CC-19-7
0193575006529;M2-CC-19-7
0193575007373;M2-CC-19-7
0195161624940;M2-CC-19-7
0195161625343;M2-CC-19-7
0606449090413;M2-CC-19-7
0606449106008;M2-CC-19-7
0606449117387;M2-CC-19-7
0606449130867;M2-CC-19-7
0606449140095;M2-CC-19-7
0811571019465;M2-CC-19-7
0842776100665;M2-CC-19-7
3256224068440;M2-CC-19-7
3256227434204;M2-CC-19-7
3256227434211;M2-CC-19-7
4548736074675;M2-CC-19-7
6925281931345;M2-CC-19-7
6934177722004;M2-CC-19-7
6934177723391;M2-CC-19-7
6941059602200;M2-CC-19-7
0023942432975;M2-CC-19-8
0023942433279;M2-CC-19-8
0023942433439;M2-CC-19-8
0023942435570;M2-CC-19-8
0023942440826;M2-CC-19-8
0023942440833;M2-CC-19-8
0023942440840;M2-CC-19-8
0023942490623;M2-CC-19-8
0023942490630;M2-CC-19-8
0023942490647;M2-CC-19-8
0023942490654;M2-CC-19-8
0023942491736;M2-CC-19-8
0023942491743;M2-CC-19-8
0023942491897;M2-CC-19-8
0023942499664;M2-CC-19-8
0192143001010;M2-CC-19-8
0619659097318;M2-CC-19-8
0619659102166;M2-CC-19-8
0619659102197;M2-CC-19-8
0619659130480;M2-CC-19-8
0619659169770;M2-CC-19-8
0619659184155;M2-CC-19-8
0619659200541;M2-CC-19-8
0619659200558;M2-CC-19-8
0619659204518;M2-CC-19-8
0718037855363;M2-CC-19-8
0718037855448;M2-CC-19-8
0718037867793;M2-CC-19-8
0760557812463;M2-CC-19-8
0760557821250;M2-CC-19-8
0760557821267;M2-CC-19-8
0760557821274;M2-CC-19-8
0760557825333;M2-CC-19-8
0760557834472;M2-CC-19-8
0760557841043;M2-CC-19-8
0760557841135;M2-CC-19-8
0819900014150;M2-CC-19-8
3256224068426;M2-CC-19-8
3256224068457;M2-CC-19-8
3303170012130;M2-CC-19-8
3303170062753;M2-CC-19-8
3331300051148;M2-CC-19-8
3584174448495;M2-CC-19-8
3660619040148;M2-CC-19-8
3660619040247;M2-CC-19-8
3660662029244;M2-CC-19-8
3660662029510;M2-CC-19-8
3660662029527;M2-CC-19-8
3700123853909;M2-CC-19-8
3700546700279;M2-CC-19-8
3760196436300;M2-CC-19-8
3760265543540;M2-CC-19-8
4034303016136;M2-CC-19-8
4547410092165;M2-CC-19-8
4547410373899;M2-CC-19-8
4547410373905;M2-CC-19-8
4547410489095;M2-CC-19-8
4549292128284;M2-CC-19-8
4549292128291;M2-CC-19-8
4549292194364;M2-CC-19-8
4960999047034;M2-CC-19-8
5420048200067;M2-CC-19-8
8714574672564;M2-CC-19-8
8719274667933;M2-CC-19-8
8809243715038;M2-CC-19-8
3256227743238;M2-CC-19-9
3303170080788;M2-CC-19-9
3303170093887;M2-CC-19-9
3561864810138;M2-CC-19-9
3700527311609;M2-CC-19-9
3770016529006;M2-CC-19-9
8018417151156;M2-CC-19-9
8018417155468;M2-CC-19-9
8018417158629;M2-CC-19-9
8018417161629;M2-CC-19-9
8018417196249;M2-CC-19-9
8018417202438;M2-CC-19-9
8018417203046;M2-CC-19-9
8018417206146;M2-CC-19-9
8018417208799;M2-CC-19-9
8018417209222;M2-CC-19-9
8018417209499;M2-CC-19-9
8018417210884;M2-CC-19-9
8018417211645;M2-CC-19-9
8018417214585;M2-CC-19-9
8018417215223;M2-CC-19-9
8018417215384;M2-CC-19-9
8018417219061;M2-CC-19-9
8018417224553;M2-CC-19-9
8018417224577;M2-CC-19-9
8018417226038;M2-CC-19-9
8018417226298;M2-CC-19-9
8018417228674;M2-CC-19-9
8018417231599;M2-CC-19-9
8018417231605;M2-CC-19-9
8018417233425;M2-CC-19-9
8018417237065;M2-CC-19-9
8018417237140;M2-CC-19-9
8018417237249;M2-CC-19-9
8018417237263;M2-CC-19-9
8018417237287;M2-CC-19-9
8018417237300;M2-CC-19-9
8018417237362;M2-CC-19-9
8018417237393;M2-CC-19-9
8018417237454;M2-CC-19-9
8018417237485;M2-CC-19-9
8018417240966;M2-CC-19-9
8018417240973;M2-CC-19-9
8018417245213;M2-CC-19-9
8018417246197;M2-CC-19-9
8018417246203;M2-CC-19-9
8018417246319;M2-CC-19-9
8018417246623;M2-CC-19-9
8018417247309;M2-CC-19-9
8018417248528;M2-CC-19-9
8018417248535;M2-CC-19-9
8018417248733;M2-CC-19-9
8018417248931;M2-CC-19-9
8018417252891;M2-CC-19-9
8018417254215;M2-CC-19-9
8018417254789;M2-CC-19-9
8018417257605;M2-CC-19-9
8018417257889;M2-CC-19-9
8018417258831;M2-CC-19-9
8018417262173;M2-CC-19-9
8018417264474;M2-CC-19-9
8018417264504;M2-CC-19-9
8018417270307;M2-CC-19-9
8018417272783;M2-CC-19-9
8018417274428;M2-CC-19-9
8018417274466;M2-CC-19-9
8018417281259;M2-CC-19-9
8018417292491;M2-CC-19-9
8018417300455;M2-CC-19-9
8018417320408;M2-CC-19-9
8018417320705;M2-CC-19-9
8018417324079;M2-CC-19-9
8018417324086;M2-CC-19-9
8018417327438;M2-CC-19-9
8018417327445;M2-CC-19-9
8018417327469;M2-CC-19-9
8018417327490;M2-CC-19-9
8018417327520;M2-CC-19-9
8018417327544;M2-CC-19-9
8018417327568;M2-CC-19-9
8018417328862;M2-CC-19-9
8018417329074;M2-CC-19-9
8018417335068;M2-CC-19-9
8018417335143;M2-CC-19-9
8018417340673;M2-CC-19-9
8018417340758;M2-CC-19-9
8018417340772;M2-CC-19-9
8018417402968;M2-CC-19-9
8018417409530;M2-CC-19-9
8018417409554;M2-CC-19-9
8018417411724;M2-CC-19-9
8018417416842;M2-CC-19-9
8806094330748;M2-CC-19-9
3229645032352;M2-CC-2-1
3229646002422;M2-CC-2-1
3229646002439;M2-CC-2-1
3229646002446;M2-CC-2-1
3229646002453;M2-CC-2-1
3229646002477;M2-CC-2-1
3229646004495;M2-CC-2-1
3229646004501;M2-CC-2-1
3229646004518;M2-CC-2-1
3304990160100;M2-CC-2-1
3560233807793;M2-CC-2-1
3560238692813;M2-CC-2-1
3760088283241;M2-CC-2-1
3770015375024;M2-CC-2-1
8003512758119;M2-CC-2-1
8003512758669;M2-CC-2-1
8003512761287;M2-CC-2-1
8003512774355;M2-CC-2-1
8003512774393;M2-CC-2-1
8003512848773;M2-CC-2-1
0026102023884;M2-CC-2-10
0026102142196;M2-CC-2-10
0026102710029;M2-CC-2-10
0026102733271;M2-CC-2-10
0883314578911;M2-CC-2-10
0883314660401;M2-CC-2-10
0883314806519;M2-CC-2-10
0883314806557;M2-CC-2-10
3229645987737;M2-CC-2-10
3229645993561;M2-CC-2-10
3256228670502;M2-CC-2-10
3256228933164;M2-CC-2-10
3256228933171;M2-CC-2-10
3256228933188;M2-CC-2-10
3256228933195;M2-CC-2-10
3256228933201;M2-CC-2-10
3256229528116;M2-CC-2-10
3256391013991;M2-CC-2-10
3550190400816;M2-CC-2-10
3550190401486;M2-CC-2-10
3550190501223;M2-CC-2-10
3560231664923;M2-CC-2-10
3561865454799;M2-CC-2-10
3561865456779;M2-CC-2-10
3561865479044;M2-CC-2-10
3561866422605;M2-CC-2-10
3664944121114;M2-CC-2-10
3664944122302;M2-CC-2-10
3664944180524;M2-CC-2-10
3664944299875;M2-CC-2-10
3700410495188;M2-CC-2-10
3760088232706;M2-CC-2-10
4008939423132;M2-CC-2-10
5412088860080;M2-CC-2-10
5601707002233;M2-CC-2-10
8001133885306;M2-CC-2-10
8002713000799;M2-CC-2-10
8002713130397;M2-CC-2-10
8002953002287;M2-CC-2-10
8003512450075;M2-CC-2-10
8003512470639;M2-CC-2-10
8003512481277;M2-CC-2-10
8003512512216;M2-CC-2-10
8003512724435;M2-CC-2-10
8003512841750;M2-CC-2-10
8004360020892;M2-CC-2-10
8004360041705;M2-CC-2-10
8004360070545;M2-CC-2-10
8004360093322;M2-CC-2-10
8004360093339;M2-CC-2-10
8004360093346;M2-CC-2-10
8004360093353;M2-CC-2-10
8411712086442;M2-CC-2-10
8411712086459;M2-CC-2-10
8692531000318;M2-CC-2-10
8692952168031;M2-CC-2-10
8692952188077;M2-CC-2-10
8693357228559;M2-CC-2-10
3137610000704;M2-CC-2-11
3137610000711;M2-CC-2-11
3137610000728;M2-CC-2-11
3253920921154;M2-CC-2-11
3253920952172;M2-CC-2-11
3256228670328;M2-CC-2-11
3256228670335;M2-CC-2-11
3256228670342;M2-CC-2-11
3256228670359;M2-CC-2-11
3256228670366;M2-CC-2-11
3256228670373;M2-CC-2-11
3256228670380;M2-CC-2-11
3256228933140;M2-CC-2-11
3256228933157;M2-CC-2-11
3256229084520;M2-CC-2-11
3256229804548;M2-CC-2-11
3256229804555;M2-CC-2-11
3256229804579;M2-CC-2-11
3256229804586;M2-CC-2-11
3256229804593;M2-CC-2-11
3256229804616;M2-CC-2-11
3256229804623;M2-CC-2-11
3256229804630;M2-CC-2-11
3256391013984;M2-CC-2-11
3256391014004;M2-CC-2-11
3256391014011;M2-CC-2-11
3256391014035;M2-CC-2-11
3256391015896;M2-CC-2-11
3256391018095;M2-CC-2-11
3370910050547;M2-CC-2-11
3426470275057;M2-CC-2-11
3426470275064;M2-CC-2-11
3426470275088;M2-CC-2-11
3426470275095;M2-CC-2-11
3426470275101;M2-CC-2-11
3426470275118;M2-CC-2-11
3426470283489;M2-CC-2-11
3426470283519;M2-CC-2-11
3550190200959;M2-CC-2-11
3550190400991;M2-CC-2-11
3550190401004;M2-CC-2-11
3550190401011;M2-CC-2-11
3550190401028;M2-CC-2-11
3550190401035;M2-CC-2-11
3550190401592;M2-CC-2-11
3550190401950;M2-CC-2-11
3550190401967;M2-CC-2-11
3550190401974;M2-CC-2-11
3550190401998;M2-CC-2-11
3561860108055;M2-CC-2-11
3561865455765;M2-CC-2-11
3561869012551;M2-CC-2-11
3561869014128;M2-CC-2-11
3664944178842;M2-CC-2-11
3664944186960;M2-CC-2-11
3664944296485;M2-CC-2-11
3700442007168;M2-CC-2-11
3700442012155;M2-CC-2-11
3700873241827;M2-CC-2-11
3760088276915;M2-CC-2-11
4006508206056;M2-CC-2-11
5415252018843;M2-CC-2-11
5415252018850;M2-CC-2-11
5415252018881;M2-CC-2-11
5430002861005;M2-CC-2-11
5430003385562;M2-CC-2-11
5707672728267;M2-CC-2-11
5707672728274;M2-CC-2-11
5707672728281;M2-CC-2-11
7610859153906;M2-CC-2-11
7610859153913;M2-CC-2-11
7610859153920;M2-CC-2-11
7610859153937;M2-CC-2-11
7610859234070;M2-CC-2-11
7610859234117;M2-CC-2-11
8711295227189;M2-CC-2-11
8720294004516;M2-CC-2-11
3086960221966;M2-CC-2-12
3253920404008;M2-CC-2-12
3253920947161;M2-CC-2-12
3253920950192;M2-CC-2-12
3253920953063;M2-CC-2-12
3256222969398;M2-CC-2-12
3256222969404;M2-CC-2-12
3256222969459;M2-CC-2-12
3256222969466;M2-CC-2-12
3256222969480;M2-CC-2-12
3256222969497;M2-CC-2-12
3256222969503;M2-CC-2-12
3256222969510;M2-CC-2-12
3256222969527;M2-CC-2-12
3256222969558;M2-CC-2-12
3256225404803;M2-CC-2-12
3256225426843;M2-CC-2-12
3256225610358;M2-CC-2-12
3256225610389;M2-CC-2-12
3256228955449;M2-CC-2-12
3434030027787;M2-CC-2-12
3664944181606;M2-CC-2-12
3664944190615;M2-CC-2-12
3700442018164;M2-CC-2-12
3700442018416;M2-CC-2-12
3760088232690;M2-CC-2-12
4006508215904;M2-CC-2-12
5010576038449;M2-CC-2-12
5010576214775;M2-CC-2-12
5010576245755;M2-CC-2-12
5010576251992;M2-CC-2-12
5010576289902;M2-CC-2-12
5010576832856;M2-CC-2-12
5010576849618;M2-CC-2-12
5707672728250;M2-CC-2-12
7610859153043;M2-CC-2-12
7610859221582;M2-CC-2-12
7610859221599;M2-CC-2-12
7610859221605;M2-CC-2-12
7610859222596;M2-CC-2-12
8001136003691;M2-CC-2-12
9414202008800;M2-CC-2-12
9414202011077;M2-CC-2-12
9414202011138;M2-CC-2-12
9414202011145;M2-CC-2-12
9414202011183;M2-CC-2-12
9414202214706;M2-CC-2-12
9414202216908;M2-CC-2-12
3086960182472;M2-CC-2-13
3086960247089;M2-CC-2-13
3162450003356;M2-CC-2-13
3253920544025;M2-CC-2-13
3253920549020;M2-CC-2-13
3253920739124;M2-CC-2-13
3256222969534;M2-CC-2-13
3256222969541;M2-CC-2-13
3256226057152;M2-CC-2-13
3256226057169;M2-CC-2-13
3256228948694;M2-CC-2-13
3256228948700;M2-CC-2-13
3256229476356;M2-CC-2-13
3256229476370;M2-CC-2-13
3256229476400;M2-CC-2-13
3256229476417;M2-CC-2-13
3256229476424;M2-CC-2-13
3256229476448;M2-CC-2-13
3256229476455;M2-CC-2-13
3304990112406;M2-CC-2-13
3367301404676;M2-CC-2-13
3560239393641;M2-CC-2-13
3700866601133;M2-CC-2-13
3760088281476;M2-CC-2-13
7610859094230;M2-CC-2-13
8001136003240;M2-CC-2-13
3229645991680;M2-CC-2-2
3229645991697;M2-CC-2-2
3229645994810;M2-CC-2-2
3229646002316;M2-CC-2-2
3229646002323;M2-CC-2-2
3229646002330;M2-CC-2-2
3700873216542;M2-CC-2-2
8003512756689;M2-CC-2-2
8003512756696;M2-CC-2-2
8003512760921;M2-CC-2-2
8003512760938;M2-CC-2-2
8003512760945;M2-CC-2-2
8003512760983;M2-CC-2-2
8003512760990;M2-CC-2-2
8003512761003;M2-CC-2-2
8003512761010;M2-CC-2-2
8003512761034;M2-CC-2-2
8003512761294;M2-CC-2-2
8003512768132;M2-CC-2-2
8693357537019;M2-CC-2-2
3700256019586;M2-CC-22-1
3700256021411;M2-CC-22-1
3700256021428;M2-CC-22-1
3700256021442;M2-CC-22-1
3700256021459;M2-CC-22-1
3700256021466;M2-CC-22-1
3700256021473;M2-CC-22-1
3700256021480;M2-CC-22-1
3700256021497;M2-CC-22-1
3700256021510;M2-CC-22-1
3700256022845;M2-CC-22-1
3700256024856;M2-CC-22-1
3700256043109;M2-CC-22-1
3700256060083;M2-CC-22-1
3700256060090;M2-CC-22-1
3700256060106;M2-CC-22-1
3700256060113;M2-CC-22-1
3700256060120;M2-CC-22-1
3700256060137;M2-CC-22-1
3700256060144;M2-CC-22-1
3700256060151;M2-CC-22-1
3700256060168;M2-CC-22-1
3700256060175;M2-CC-22-1
3700256060205;M2-CC-22-1
3700256060212;M2-CC-22-1
3700256060229;M2-CC-22-1
3700256060236;M2-CC-22-1
3700256060243;M2-CC-22-1
3700256060298;M2-CC-22-1
3700256060304;M2-CC-22-1
3700256060311;M2-CC-22-1
3700256060335;M2-CC-22-1
3700256060366;M2-CC-22-1
3700256060373;M2-CC-22-1
3700256060380;M2-CC-22-1
3700256060397;M2-CC-22-1
3700256060427;M2-CC-22-1
3700256060458;M2-CC-22-1
3700256060502;M2-CC-22-1
3700256060519;M2-CC-22-1
3700256060526;M2-CC-22-1
3700256060533;M2-CC-22-1
3700256060540;M2-CC-22-1
3700256060571;M2-CC-22-1
3700256060618;M2-CC-22-1
3700256060625;M2-CC-22-1
3700256060632;M2-CC-22-1
3700256060656;M2-CC-22-1
3700256060663;M2-CC-22-1
3700256060687;M2-CC-22-1
3700256061394;M2-CC-22-1
3700256061400;M2-CC-22-1
3700256061554;M2-CC-22-1
3700256061752;M2-CC-22-1
3700256062179;M2-CC-22-1
3700256062407;M2-CC-22-1
3700256062704;M2-CC-22-1
3700256062711;M2-CC-22-1
3700256062759;M2-CC-22-1
3700256062780;M2-CC-22-1
3700256063268;M2-CC-22-1
3700256063725;M2-CC-22-1
3347541721108;M2-CC-22-10
3347541840403;M2-CC-22-10
3347541840687;M2-CC-22-10
3347541840700;M2-CC-22-10
3347541955091;M2-CC-22-10
3347541955107;M2-CC-22-10
3347541955183;M2-CC-22-10
3347541955213;M2-CC-22-10
3347541955695;M2-CC-22-10
3347542065171;M2-CC-22-10
3347542065201;M2-CC-22-10
3347542288365;M2-CC-22-10
3347542288587;M2-CC-22-10
3347542294984;M2-CC-22-10
3347542301835;M2-CC-22-10
3347542310165;M2-CC-22-10
3347542310271;M2-CC-22-10
3347542416027;M2-CC-22-10
3347542416058;M2-CC-22-10
3347542416065;M2-CC-22-10
3347542416072;M2-CC-22-10
3347542416089;M2-CC-22-10
3347542416096;M2-CC-22-10
3347542416119;M2-CC-22-10
3347542416126;M2-CC-22-10
3347542416133;M2-CC-22-10
3347542416140;M2-CC-22-10
3347542416157;M2-CC-22-10
3347542416164;M2-CC-22-10
3347542416171;M2-CC-22-10
3347542416188;M2-CC-22-10
3347542416201;M2-CC-22-10
3347542416225;M2-CC-22-10
3347542416232;M2-CC-22-10
3347542416249;M2-CC-22-10
3347542416294;M2-CC-22-10
3448740001104;M2-CC-22-10
3448740001975;M2-CC-22-10
3448740052076;M2-CC-22-10
3448740220086;M2-CC-22-10
3448740220321;M2-CC-22-10
3448744317126;M2-CC-22-10
3448744399092;M2-CC-22-10
3448744830960;M2-CC-22-10
3448744831004;M2-CC-22-10
3448746431844;M2-CC-22-10
3448746500281;M2-CC-22-10
3448746815248;M2-CC-22-10
3448747005099;M2-CC-22-10
3448747015043;M2-CC-22-10
3448747022157;M2-CC-22-10
3448747422032;M2-CC-22-10
3448747475960;M2-CC-22-10
3448747490185;M2-CC-22-10
3448747575967;M2-CC-22-10
3448747583245;M2-CC-22-10
3448747922013;M2-CC-22-10
3448747922037;M2-CC-22-10
3448747922044;M2-CC-22-10
3448747990180;M2-CC-22-10
3448749210002;M2-CC-22-10
3480851702167;M2-CC-22-10
3560233822864;M2-CC-22-10
3560234471061;M2-CC-22-10
3560234471115;M2-CC-22-10
3560238473818;M2-CC-22-10
3560238667385;M2-CC-22-10
3560238910771;M2-CC-22-10
3560238912072;M2-CC-22-10
3760282030030;M2-CC-22-10
3760282030115;M2-CC-22-10
3760282030856;M2-CC-22-10
3760282030955;M2-CC-22-10
3760282031266;M2-CC-22-10
8718317914942;M2-CC-22-10
8718317914959;M2-CC-22-10
8720987015539;M2-CC-22-10
8720987229295;M2-CC-22-10
8720987229301;M2-CC-22-10
0195441506140;M2-CC-22-11
3219110434149;M2-CC-22-11
3368950782085;M2-CC-22-11
3368958720102;M2-CC-22-11
3700245424162;M2-CC-22-11
3700245424544;M2-CC-22-11
3700245424568;M2-CC-22-11
3663506009068;M2-CC-22-12
3663506010309;M2-CC-22-12
3663506010347;M2-CC-22-12
3663506010361;M2-CC-22-12
3663506010460;M2-CC-22-12
3663506015670;M2-CC-22-12
3663506015816;M2-CC-22-12
3663506016806;M2-CC-22-12
3701019008717;M2-CC-22-12
3701325905106;M2-CC-22-12
3701325906967;M2-CC-22-12
3701325907506;M2-CC-22-12
3701325908244;M2-CC-22-12
8717154027648;M2-CC-22-12
3108241449057;M2-CC-22-13
3108241450299;M2-CC-22-13
3108241982387;M2-CC-22-13
3520190053145;M2-CC-22-2
3520190923578;M2-CC-22-2
3700256010095;M2-CC-22-2
3700256010101;M2-CC-22-2
3700256015908;M2-CC-22-2
3700256060786;M2-CC-22-2
3700256060809;M2-CC-22-2
3700256060816;M2-CC-22-2
3700256060885;M2-CC-22-2
3700256060892;M2-CC-22-2
3700256061004;M2-CC-22-2
3700256061011;M2-CC-22-2
3700256061035;M2-CC-22-2
3700256061073;M2-CC-22-2
3700256061110;M2-CC-22-2
3700256061127;M2-CC-22-2
3700256061134;M2-CC-22-2
3700256061158;M2-CC-22-2
3700256061165;M2-CC-22-2
3700256061288;M2-CC-22-2
3700256061301;M2-CC-22-2
3700256061318;M2-CC-22-2
3700256061332;M2-CC-22-2
3700256061660;M2-CC-22-2
3700256061677;M2-CC-22-2
3700256061912;M2-CC-22-2
3700256061967;M2-CC-22-2
3700256062131;M2-CC-22-2
3700256062308;M2-CC-22-2
3700256062346;M2-CC-22-2
3700256062421;M2-CC-22-2
3700256062438;M2-CC-22-2
3700256062476;M2-CC-22-2
3700256062827;M2-CC-22-2
3700256062858;M2-CC-22-2
3700256063183;M2-CC-22-2
3700256063312;M2-CC-22-2
3700256063336;M2-CC-22-2
3700256063688;M2-CC-22-2
5420071131499;M2-CC-22-2
5425012430419;M2-CC-22-2
5425012434639;M2-CC-22-2
5425012437050;M2-CC-22-2
5425012438200;M2-CC-22-2
0087295018767;M2-CC-22-3
0087295049679;M2-CC-22-3
0087295050613;M2-CC-22-3
0087295054178;M2-CC-22-3
0087295060162;M2-CC-22-3
3256229530171;M2-CC-22-3
3256229530188;M2-CC-22-3
3509031000258;M2-CC-22-3
3509031000517;M2-CC-22-3
3509031002146;M2-CC-22-3
3509031002160;M2-CC-22-3
3509031003839;M2-CC-22-3
3509031016457;M2-CC-22-3
3509031016853;M2-CC-22-3
3509031016877;M2-CC-22-3
3509031017379;M2-CC-22-3
3509031017942;M2-CC-22-3
3509031017959;M2-CC-22-3
3509031017966;M2-CC-22-3
3509031017973;M2-CC-22-3
3509031017997;M2-CC-22-3
3509031018000;M2-CC-22-3
3509031018017;M2-CC-22-3
3509031018024;M2-CC-22-3
3509031019137;M2-CC-22-3
3509031019731;M2-CC-22-3
3509031020249;M2-CC-22-3
3509031020461;M2-CC-22-3
3509031022588;M2-CC-22-3
3509031023394;M2-CC-22-3
3509031023400;M2-CC-22-3
3509031023417;M2-CC-22-3
3509031023424;M2-CC-22-3
3509031023431;M2-CC-22-3
3509031023455;M2-CC-22-3
3509031023462;M2-CC-22-3
3509031023493;M2-CC-22-3
3509031025121;M2-CC-22-3
3509031027323;M2-CC-22-3
3509031027989;M2-CC-22-3
3509031027996;M2-CC-22-3
3509031029105;M2-CC-22-3
3509031029112;M2-CC-22-3
3509031029129;M2-CC-22-3
3509031029136;M2-CC-22-3
3509031029297;M2-CC-22-3
3509032072063;M2-CC-22-3
3509037010060;M2-CC-22-3
3509039990544;M2-CC-22-3
0028632051047;M2-CC-22-4
0028632057377;M2-CC-22-4
0028632069912;M2-CC-22-4
0028632078723;M2-CC-22-4
0028632911938;M2-CC-22-4
0028632911952;M2-CC-22-4
3237710007051;M2-CC-22-4
3237710007242;M2-CC-22-4
3237710007457;M2-CC-22-4
3237710007488;M2-CC-22-4
3237710007501;M2-CC-22-4
3237710007518;M2-CC-22-4
3237710007532;M2-CC-22-4
3237710007556;M2-CC-22-4
3237710007563;M2-CC-22-4
3237710007594;M2-CC-22-4
3237710007600;M2-CC-22-4
3237710007617;M2-CC-22-4
3237710007792;M2-CC-22-4
3237710007808;M2-CC-22-4
3237710007815;M2-CC-22-4
3237710007822;M2-CC-22-4
3237710007839;M2-CC-22-4
3237710007983;M2-CC-22-4
3237710007990;M2-CC-22-4
3237710098448;M2-CC-22-4
3237710098455;M2-CC-22-4
3237710098462;M2-CC-22-4
3292170079086;M2-CC-22-4
3292170079611;M2-CC-22-4
3292170081027;M2-CC-22-4
3292170081034;M2-CC-22-4
3292170086893;M2-CC-22-4
3292170086916;M2-CC-22-4
3292170086923;M2-CC-22-4
3292170086930;M2-CC-22-4
3292170098247;M2-CC-22-4
3292170098292;M2-CC-22-4
3292170098315;M2-CC-22-4
3292170098322;M2-CC-22-4
3292170098339;M2-CC-22-4
3292170099206;M2-CC-22-4
3292170099350;M2-CC-22-4
3292170100940;M2-CC-22-4
3292170101602;M2-CC-22-4
3292170101701;M2-CC-22-4
3292170101725;M2-CC-22-4
3292170101732;M2-CC-22-4
3292170101749;M2-CC-22-4
3292170101756;M2-CC-22-4
3292170101763;M2-CC-22-4
3292170101817;M2-CC-22-4
3352210602244;M2-CC-22-4
3535651501103;M2-CC-22-4
3660116007972;M2-CC-22-4
3660116270055;M2-CC-22-4
3660116800252;M2-CC-22-4
3660116800443;M2-CC-22-4
3660116800634;M2-CC-22-4
3237710007389;M2-CC-22-5
3237710007785;M2-CC-22-5
3237710042854;M2-CC-22-5
3237710042885;M2-CC-22-5
3237710042892;M2-CC-22-5
3237710043110;M2-CC-22-5
3237710043165;M2-CC-22-5
3237710043202;M2-CC-22-5
3237710043219;M2-CC-22-5
3237710043226;M2-CC-22-5
3237710043271;M2-CC-22-5
3237710043288;M2-CC-22-5
3237710043295;M2-CC-22-5
3237710043301;M2-CC-22-5
3237710043318;M2-CC-22-5
3237710043332;M2-CC-22-5
3292170022884;M2-CC-22-5
3292170031374;M2-CC-22-5
3292170031817;M2-CC-22-5
3292170031893;M2-CC-22-5
3292170031909;M2-CC-22-5
3292170031947;M2-CC-22-5
3292170031961;M2-CC-22-5
3292170031978;M2-CC-22-5
3292170032197;M2-CC-22-5
3292170032203;M2-CC-22-5
3292170032524;M2-CC-22-5
3292170033309;M2-CC-22-5
3292170033316;M2-CC-22-5
3292170033330;M2-CC-22-5
3292170033361;M2-CC-22-5
3292170033378;M2-CC-22-5
3292170033392;M2-CC-22-5
3292170042431;M2-CC-22-5
3292170042486;M2-CC-22-5
3292170042936;M2-CC-22-5
3292170042943;M2-CC-22-5
3292170048631;M2-CC-22-5
3292170053727;M2-CC-22-5
3292170053734;M2-CC-22-5
3292170053741;M2-CC-22-5
3292170053758;M2-CC-22-5
3292170053765;M2-CC-22-5
3292170053772;M2-CC-22-5
3292170053789;M2-CC-22-5
3292170053796;M2-CC-22-5
3292170054052;M2-CC-22-5
3292170054069;M2-CC-22-5
3292170054076;M2-CC-22-5
3292170055509;M2-CC-22-5
3292170055516;M2-CC-22-5
3292170055615;M2-CC-22-5
3292170055875;M2-CC-22-5
3292170055882;M2-CC-22-5
3292170055899;M2-CC-22-5
3292170055905;M2-CC-22-5
3292170055912;M2-CC-22-5
3292170055950;M2-CC-22-5
3292170057039;M2-CC-22-5
3292170057466;M2-CC-22-5
3292170057473;M2-CC-22-5
3292170058050;M2-CC-22-5
3292170058203;M2-CC-22-5
3292170058210;M2-CC-22-5
3292170058258;M2-CC-22-5
3292170063115;M2-CC-22-5
3292170063122;M2-CC-22-5
3292170063139;M2-CC-22-5
3292170063146;M2-CC-22-5
3292170063153;M2-CC-22-5
3292170063160;M2-CC-22-5
3292170063382;M2-CC-22-5
3292170063498;M2-CC-22-5
3292170063559;M2-CC-22-5
3292170063566;M2-CC-22-5
3292170063573;M2-CC-22-5
3292170063740;M2-CC-22-5
3292170064389;M2-CC-22-5
3292170075781;M2-CC-22-5
3292170075842;M2-CC-22-5
3292170075941;M2-CC-22-5
3292170075972;M2-CC-22-5
3292170075996;M2-CC-22-5
3292170076009;M2-CC-22-5
3292170076078;M2-CC-22-5
3292170076092;M2-CC-22-5
3292170076214;M2-CC-22-5
3292170076221;M2-CC-22-5
3292170076702;M2-CC-22-5
3292170076795;M2-CC-22-5
3292170076825;M2-CC-22-5
3292170076962;M2-CC-22-5
3292170076986;M2-CC-22-5
3292170077020;M2-CC-22-5
3292170077082;M2-CC-22-5
3292170077150;M2-CC-22-5
3292170077198;M2-CC-22-5
3292170077495;M2-CC-22-5
3292170077815;M2-CC-22-5
3292170077921;M2-CC-22-5
3292170078560;M2-CC-22-5
3292170078577;M2-CC-22-5
3292170079574;M2-CC-22-5
3292170079666;M2-CC-22-5
3292170079673;M2-CC-22-5
3292170079710;M2-CC-22-5
3292170079734;M2-CC-22-5
3292170079741;M2-CC-22-5
3292170079857;M2-CC-22-5
3292170079901;M2-CC-22-5
3292170079918;M2-CC-22-5
3292170079925;M2-CC-22-5
3292170080037;M2-CC-22-5
3292170087005;M2-CC-22-5
3292170087050;M2-CC-22-5
3292170087067;M2-CC-22-5
3292170087074;M2-CC-22-5
3292170087111;M2-CC-22-5
3292170087227;M2-CC-22-5
3292170087258;M2-CC-22-5
3292170087265;M2-CC-22-5
3292170087296;M2-CC-22-5
3292170087319;M2-CC-22-5
3292170087395;M2-CC-22-5
3292170087463;M2-CC-22-5
3292170087494;M2-CC-22-5
3292170087647;M2-CC-22-5
3292170087708;M2-CC-22-5
3292170087746;M2-CC-22-5
3292170088026;M2-CC-22-5
3292170088057;M2-CC-22-5
3292170088217;M2-CC-22-5
3292170088309;M2-CC-22-5
3292170088354;M2-CC-22-5
3292170088491;M2-CC-22-5
3292170088507;M2-CC-22-5
3292170089177;M2-CC-22-5
3292170089184;M2-CC-22-5
3292170098209;M2-CC-22-5
3292170098216;M2-CC-22-5
3292170100117;M2-CC-22-5
3292170100131;M2-CC-22-5
3292170100162;M2-CC-22-5
3292170100216;M2-CC-22-5
3292170100278;M2-CC-22-5
3292170100353;M2-CC-22-5
3292170100513;M2-CC-22-5
3292170100551;M2-CC-22-5
3292170100568;M2-CC-22-5
3292170100759;M2-CC-22-5
3292170100766;M2-CC-22-5
3292170100780;M2-CC-22-5
3292170101008;M2-CC-22-5
3292170101626;M2-CC-22-5
3292170101794;M2-CC-22-5
3292170101800;M2-CC-22-5
3292170101848;M2-CC-22-5
3292170152895;M2-CC-22-5
3292170553395;M2-CC-22-5
3292170553401;M2-CC-22-5
3292170553418;M2-CC-22-5
3292170553425;M2-CC-22-5
3292170553944;M2-CC-22-5
3292170553968;M2-CC-22-5
3292170554002;M2-CC-22-5
3292170554019;M2-CC-22-5
3292170554040;M2-CC-22-5
3292170554057;M2-CC-22-5
3292170554088;M2-CC-22-5
3292170554132;M2-CC-22-5
3292170554156;M2-CC-22-5
3297830109219;M2-CC-22-5
3297830246259;M2-CC-22-5
3535650030208;M2-CC-22-5
3535650046117;M2-CC-22-5
3660116110009;M2-CC-22-5
3660116270017;M2-CC-22-5
3660116306013;M2-CC-22-5
3660116306105;M2-CC-22-5
3660116490392;M2-CC-22-5
3660116556005;M2-CC-22-5
3660116556012;M2-CC-22-5
3660116556029;M2-CC-22-5
3760020844011;M2-CC-22-5
4027093707360;M2-CC-22-5
4027093707377;M2-CC-22-5
4027093707414;M2-CC-22-5
4027093707445;M2-CC-22-5
4027093707476;M2-CC-22-5
4027093707483;M2-CC-22-5
8001940012704;M2-CC-22-5
3292170063818;M2-CC-22-7
3292170063863;M2-CC-22-7
3292170064020;M2-CC-22-7
3292170064068;M2-CC-22-7
3292170064105;M2-CC-22-7
3292170064112;M2-CC-22-7
3292170064167;M2-CC-22-7
3292170064204;M2-CC-22-7
3292170064396;M2-CC-22-7
3292170064433;M2-CC-22-7
3292170064532;M2-CC-22-7
3292170064549;M2-CC-22-7
3292170064556;M2-CC-22-7
3292170065904;M2-CC-22-7
3292170065935;M2-CC-22-7
3292170066079;M2-CC-22-7
3292170066116;M2-CC-22-7
3292170067625;M2-CC-22-7
3292170067632;M2-CC-22-7
3292170067649;M2-CC-22-7
3292170067694;M2-CC-22-7
3292170067700;M2-CC-22-7
3292170067762;M2-CC-22-7
3292170067786;M2-CC-22-7
3292170067793;M2-CC-22-7
3292170067809;M2-CC-22-7
3292170067816;M2-CC-22-7
3292170067885;M2-CC-22-7
3292170087081;M2-CC-22-7
3292170087098;M2-CC-22-7
3292170087210;M2-CC-22-7
3292170100148;M2-CC-22-7
3292170100247;M2-CC-22-7
3292170100254;M2-CC-22-7
3292170100407;M2-CC-22-7
3292170100681;M2-CC-22-7
3660116303067;M2-CC-22-7
3660116303463;M2-CC-22-7
3660116303470;M2-CC-22-7
3660116303487;M2-CC-22-7
3660116303494;M2-CC-22-7
3660116303500;M2-CC-22-7
3660116557064;M2-CC-22-7
0054722718057;M2-CC-22-8
0054722719054;M2-CC-22-8
0054722781488;M2-CC-22-8
0054722782522;M2-CC-22-8
3237718001013;M2-CC-22-8
3237718002218;M2-CC-22-8
3237718002645;M2-CC-22-8
3237718021028;M2-CC-22-8
3237718021257;M2-CC-22-8
3237718021417;M2-CC-22-8
3237718023244;M2-CC-22-8
3237718025590;M2-CC-22-8
3237718025712;M2-CC-22-8
3450650006643;M2-CC-22-8
3450650021042;M2-CC-22-8
3450650021752;M2-CC-22-8
3450650021769;M2-CC-22-8
3450650044706;M2-CC-22-8
3450650050615;M2-CC-22-8
3450650062342;M2-CC-22-8
3450650080087;M2-CC-22-8
3450652007136;M2-CC-22-8
3450652013243;M2-CC-22-8
3450652013267;M2-CC-22-8
3450652013311;M2-CC-22-8
3450652013328;M2-CC-22-8
3450652013335;M2-CC-22-8
3450652062463;M2-CC-22-8
3450652062487;M2-CC-22-8
3450652062500;M2-CC-22-8
3450652062517;M2-CC-22-8
3450652062579;M2-CC-22-8
3450652070581;M2-CC-22-8
3450652070635;M2-CC-22-8
3450652070734;M2-CC-22-8
3450652070765;M2-CC-22-8
3450652070772;M2-CC-22-8
3450652091081;M2-CC-22-8
3450652091098;M2-CC-22-8
3450652092088;M2-CC-22-8
3450652092514;M2-CC-22-8
3450652092521;M2-CC-22-8
3450652093016;M2-CC-22-8
3450652093023;M2-CC-22-8
3450652094983;M2-CC-22-8
3450652670064;M2-CC-22-8
3450652670071;M2-CC-22-8
3450652670095;M2-CC-22-8
3450652670149;M2-CC-22-8
3450652680117;M2-CC-22-8
3450652680131;M2-CC-22-8
3450652680193;M2-CC-22-8
3450652680230;M2-CC-22-8
3450652680247;M2-CC-22-8
3450652700006;M2-CC-22-8
3450652700013;M2-CC-22-8
3450652700099;M2-CC-22-8
3450652700105;M2-CC-22-8
3450652700228;M2-CC-22-8
3450652700235;M2-CC-22-8
4000885887105;M2-CC-22-8
6941607305812;M2-CC-22-8
6941607320310;M2-CC-22-8
6941607325247;M2-CC-22-8
3237718027938;M2-CC-22-9
3436930011071;M2-CC-22-9
3437012202080;M2-CC-22-9
3450652042076;M2-CC-22-9
3450652042106;M2-CC-22-9
3450652081495;M2-CC-22-9
3450652081532;M2-CC-22-9
3450652081822;M2-CC-22-9
3450652081839;M2-CC-22-9
3450652081846;M2-CC-22-9
3450652081853;M2-CC-22-9
3450652081860;M2-CC-22-9
3450652081891;M2-CC-22-9
3450652600016;M2-CC-22-9
3450652601013;M2-CC-22-9
3450652661963;M2-CC-22-9
3450652661994;M2-CC-22-9
3450652662007;M2-CC-22-9
3450652664667;M2-CC-22-9
3450652664711;M2-CC-22-9
3450652667255;M2-CC-22-9
3450652667392;M2-CC-22-9
3450652670361;M2-CC-22-9
3700442017587;M2-CC-22-9
4260672435456;M2-CC-22-9
5024686328529;M2-CC-22-9
5024686355488;M2-CC-22-9
5024686355495;M2-CC-22-9
8001011132126;M2-CC-22-9
8435613218153;M2-CC-22-9
8435613226745;M2-CC-22-9
8716384918160;M2-CC-22-9
0883314659658;M2-CC-2-3
0883314660388;M2-CC-2-3
0883314660395;M2-CC-2-3
3229645731217;M2-CC-2-3
3229645748147;M2-CC-2-3
3550190400557;M2-CC-2-3
3550190401608;M2-CC-2-3
3550190401622;M2-CC-2-3
3760213635273;M2-CC-2-3
5601875002820;M2-CC-2-3
5601875107020;M2-CC-2-3
8003342000525;M2-CC-2-3
8003512494529;M2-CC-2-3
8003512494543;M2-CC-2-3
8003512687907;M2-CC-2-3
8003512687921;M2-CC-2-3
8003512687976;M2-CC-2-3
8003512687983;M2-CC-2-3
8003512699139;M2-CC-2-3
8003512743399;M2-CC-2-3
8003512743405;M2-CC-2-3
8003512743412;M2-CC-2-3
8003512758089;M2-CC-2-3
8003512758096;M2-CC-2-3
8003512758102;M2-CC-2-3
8003512761270;M2-CC-2-3
0026102363416;M2-CC-2-4
0026102363669;M2-CC-2-4
0883314439144;M2-CC-2-4
0883314521573;M2-CC-2-4
3229645680485;M2-CC-2-4
3229645680553;M2-CC-2-4
3229645680638;M2-CC-2-4
3229645994834;M2-CC-2-4
3229645994841;M2-CC-2-4
3229645994858;M2-CC-2-4
3256223361740;M2-CC-2-4
3256227741807;M2-CC-2-4
3256227741845;M2-CC-2-4
3256227741852;M2-CC-2-4
3256227741869;M2-CC-2-4
3256227741876;M2-CC-2-4
3256227744723;M2-CC-2-4
3256229515659;M2-CC-2-4
3256229515673;M2-CC-2-4
8002713088629;M2-CC-2-4
8002713088636;M2-CC-2-4
8004360047387;M2-CC-2-4
8004360047813;M2-CC-2-4
8004360047820;M2-CC-2-4
8004360092240;M2-CC-2-4
8004360092523;M2-CC-2-4
8004360092608;M2-CC-2-4
8693357294073;M2-CC-2-4
8710964532043;M2-CC-2-4
8710964532234;M2-CC-2-4
0080576840200;M2-CC-2-5
0080576849104;M2-CC-2-5
0080576849401;M2-CC-2-5
3229645681390;M2-CC-2-5
3229645955026;M2-CC-2-5
3229645961188;M2-CC-2-5
3229645987799;M2-CC-2-5
3550190000801;M2-CC-2-5
3550190001808;M2-CC-2-5
3550190500417;M2-CC-2-5
3550190500998;M2-CC-2-5
8001023407373;M2-CC-2-5
8001023407472;M2-CC-2-5
8001691433292;M2-CC-2-5
8001691925506;M2-CC-2-5
8002713089893;M2-CC-2-5
8003512848780;M2-CC-2-5
8004360019308;M2-CC-2-5
8004360073409;M2-CC-2-5
8008903702702;M2-CC-2-5
8008903702719;M2-CC-2-5
8008903702733;M2-CC-2-5
8692952049521;M2-CC-2-5
8693357407077;M2-CC-2-5
0727015126111;M2-CC-2-6
0883314381733;M2-CC-2-6
0883314521399;M2-CC-2-6
0883314660418;M2-CC-2-6
3219330613119;M2-CC-2-6
3229644232517;M2-CC-2-6
3229644232777;M2-CC-2-6
3229644604697;M2-CC-2-6
3229644604772;M2-CC-2-6
3229644827942;M2-CC-2-6
3229645901443;M2-CC-2-6
3229645901450;M2-CC-2-6
3229645908299;M2-CC-2-6
3229645909388;M2-CC-2-6
3229645911497;M2-CC-2-6
3229645911893;M2-CC-2-6
3229645952308;M2-CC-2-6
3229645961218;M2-CC-2-6
3229645961225;M2-CC-2-6
3229645965162;M2-CC-2-6
3229645965216;M2-CC-2-6
3229645965230;M2-CC-2-6
3229645965315;M2-CC-2-6
3229645973952;M2-CC-2-6
3229645981346;M2-CC-2-6
3229645987652;M2-CC-2-6
3229645987669;M2-CC-2-6
3229645987676;M2-CC-2-6
3229645990201;M2-CC-2-6
3229645991871;M2-CC-2-6
3229645991888;M2-CC-2-6
3229645991895;M2-CC-2-6
3229645991925;M2-CC-2-6
3229645991956;M2-CC-2-6
3229645991963;M2-CC-2-6
3229645991970;M2-CC-2-6
3229645991994;M2-CC-2-6
3229645992014;M2-CC-2-6
3550190400106;M2-CC-2-6
3550190400649;M2-CC-2-6
3550190401844;M2-CC-2-6
3560233828200;M2-CC-2-6
3568350290405;M2-CC-2-6
3700437124238;M2-CC-2-6
3700759104598;M2-CC-2-6
3700873236250;M2-CC-2-6
3760088274010;M2-CC-2-6
4006508173082;M2-CC-2-6
4006508217625;M2-CC-2-6
5011188065809;M2-CC-2-6
8001691904587;M2-CC-2-6
8001691904860;M2-CC-2-6
8002653114914;M2-CC-2-6
8002713086304;M2-CC-2-6
8002713087820;M2-CC-2-6
8003512243196;M2-CC-2-6
8003512243202;M2-CC-2-6
8003512382758;M2-CC-2-6
8003512385025;M2-CC-2-6
8003512385049;M2-CC-2-6
8003512385056;M2-CC-2-6
8003512410505;M2-CC-2-6
8003512491047;M2-CC-2-6
8003512493317;M2-CC-2-6
8003512524448;M2-CC-2-6
8003512581229;M2-CC-2-6
8003512590672;M2-CC-2-6
8003512597404;M2-CC-2-6
8003512701436;M2-CC-2-6
8003512702426;M2-CC-2-6
8003512702433;M2-CC-2-6
8003512715662;M2-CC-2-6
8003512723391;M2-CC-2-6
8003512729881;M2-CC-2-6
8003512729898;M2-CC-2-6
8003512731044;M2-CC-2-6
8003512731051;M2-CC-2-6
8003512731228;M2-CC-2-6
8003512743245;M2-CC-2-6
8003512743252;M2-CC-2-6
8003512743276;M2-CC-2-6
8003512743344;M2-CC-2-6
8003512743368;M2-CC-2-6
8003512743375;M2-CC-2-6
8003512745928;M2-CC-2-6
8003512748547;M2-CC-2-6
8003512753855;M2-CC-2-6
8003512753879;M2-CC-2-6
8003512755804;M2-CC-2-6
8003512755811;M2-CC-2-6
8003512756085;M2-CC-2-6
8003512756153;M2-CC-2-6
8003512756672;M2-CC-2-6
8003512761102;M2-CC-2-6
8003512761164;M2-CC-2-6
8003512761171;M2-CC-2-6
8003512763380;M2-CC-2-6
8003512763458;M2-CC-2-6
8003512767272;M2-CC-2-6
8003512774362;M2-CC-2-6
8003512774379;M2-CC-2-6
8003512774386;M2-CC-2-6
3229645897104;M2-CC-2-7
3229645909418;M2-CC-2-7
3229645961164;M2-CC-2-7
3229645961171;M2-CC-2-7
3229645965308;M2-CC-2-7
3229645988024;M2-CC-2-7
3253920739001;M2-CC-2-7
8003512701429;M2-CC-2-7
8003512702419;M2-CC-2-7
8003512712036;M2-CC-2-7
8003512734090;M2-CC-2-7
8003512767197;M2-CC-2-7
9414202006004;M2-CC-2-7
3108837154952;M2-CC-2-8
3108837154969;M2-CC-2-8
3108837155034;M2-CC-2-8
3219330801516;M2-CC-2-8
3219330801523;M2-CC-2-8
3219330801547;M2-CC-2-8
3219331355452;M2-CC-2-8
3546690080009;M2-CC-2-8
3546690080016;M2-CC-2-8
3546690080023;M2-CC-2-8
3546690080030;M2-CC-2-8
3546690084007;M2-CC-2-8
3546690084014;M2-CC-2-8
3546690084021;M2-CC-2-8
3546690084038;M2-CC-2-8
3546690450482;M2-CC-2-8
3546691000006;M2-CC-2-8
3546691000013;M2-CC-2-8
3546691000020;M2-CC-2-8
3546691290315;M2-CC-2-8
3546691290322;M2-CC-2-8
3546691290339;M2-CC-2-8
3546691417613;M2-CC-2-8
3546691419617;M2-CC-2-8
3546691824619;M2-CC-2-8
3546694000010;M2-CC-2-8
3546694000027;M2-CC-2-8
3546694000034;M2-CC-2-8
3546695200006;M2-CC-2-8
3546695200013;M2-CC-2-8
3546695200020;M2-CC-2-8
3546695200037;M2-CC-2-8
3546695206015;M2-CC-2-8
3546695206022;M2-CC-2-8
3546695206039;M2-CC-2-8
3546695207005;M2-CC-2-8
3546695207012;M2-CC-2-8
3546695207029;M2-CC-2-8
3546695207036;M2-CC-2-8
3546695217004;M2-CC-2-8
3546695217011;M2-CC-2-8
3546695217028;M2-CC-2-8
3546695217035;M2-CC-2-8
3546695218001;M2-CC-2-8
3546695218018;M2-CC-2-8
3546695218025;M2-CC-2-8
3546695218032;M2-CC-2-8
3546695219008;M2-CC-2-8
3546695219015;M2-CC-2-8
3546695219022;M2-CC-2-8
3546695219039;M2-CC-2-8
3546695480613;M2-CC-2-8
3546695480620;M2-CC-2-8
3546698230000;M2-CC-2-8
3546698230017;M2-CC-2-8
3546698230024;M2-CC-2-8
3546698230031;M2-CC-2-8
3546698240306;M2-CC-2-8
3546698240610;M2-CC-2-8
3546698240634;M2-CC-2-8
3546698280005;M2-CC-2-8
3546698280012;M2-CC-2-8
3546698280036;M2-CC-2-8
3546698285000;M2-CC-2-8
3546698285017;M2-CC-2-8
3546698285024;M2-CC-2-8
3546698285031;M2-CC-2-8
3546698440843;M2-CC-2-8
3546698442847;M2-CC-2-8
3546698443844;M2-CC-2-8
3546698700008;M2-CC-2-8
3546698700015;M2-CC-2-8
3546698700022;M2-CC-2-8
3546698700039;M2-CC-2-8
3546698710007;M2-CC-2-8
3546698710014;M2-CC-2-8
3546698710021;M2-CC-2-8
3546698710038;M2-CC-2-8
3546698712001;M2-CC-2-8
3546698712018;M2-CC-2-8
3546698712025;M2-CC-2-8
3546698713008;M2-CC-2-8
3546698713015;M2-CC-2-8
3546698713022;M2-CC-2-8
3546698715002;M2-CC-2-8
3546698715019;M2-CC-2-8
3546698715026;M2-CC-2-8
3546698715842;M2-CC-2-8
3546699120010;M2-CC-2-8
3546699120027;M2-CC-2-8
3546699120034;M2-CC-2-8
3546699120140;M2-CC-2-8
3546699290003;M2-CC-2-8
3546699290010;M2-CC-2-8
3546699290027;M2-CC-2-8
3546699290034;M2-CC-2-8
3546699291000;M2-CC-2-8
3546699291017;M2-CC-2-8
3546699291024;M2-CC-2-8
3546699291031;M2-CC-2-8
3546699390017;M2-CC-2-8
3546699390024;M2-CC-2-8
3546699390031;M2-CC-2-8
3546699391144;M2-CC-2-8
3546699400006;M2-CC-2-8
3546699400013;M2-CC-2-8
3546699400020;M2-CC-2-8
3546699400037;M2-CC-2-8
8711155437086;M2-CC-2-8
8711155437178;M2-CC-2-8
3118224029817;M2-CC-2-9
3118224030417;M2-CC-2-9
3118224035719;M2-CC-2-9
3118224035917;M2-CC-2-9
3118224036013;M2-CC-2-9
3118224045305;M2-CC-2-9
3118224046005;M2-CC-2-9
3118224201701;M2-CC-2-9
3118224202005;M2-CC-2-9
3118224213100;M2-CC-2-9
3118224213209;M2-CC-2-9
3118224460009;M2-CC-2-9
3123840004056;M2-CC-2-9
3219330007130;M2-CC-2-9
3219331105477;M2-CC-2-9
3219332011104;M2-CC-2-9
3219332011166;M2-CC-2-9
3219333599397;M2-CC-2-9
3219336661206;M2-CC-2-9
3219336976577;M2-CC-2-9
3229644134767;M2-CC-2-9
3229644134927;M2-CC-2-9
3229644135009;M2-CC-2-9
3229644135269;M2-CC-2-9
3229644135344;M2-CC-2-9
3229644135429;M2-CC-2-9
3229644979825;M2-CC-2-9
3229645876536;M2-CC-2-9
3256228469540;M2-CC-2-9
3367305063039;M2-CC-2-9
3561869231181;M2-CC-2-9
3561869231242;M2-CC-2-9
6411501985019;M2-CC-2-9
6411501985323;M2-CC-2-9
6411501987471;M2-CC-2-9
6411501997586;M2-CC-2-9
6424002006541;M2-CC-2-9
6424002006602;M2-CC-2-9
6424002013280;M2-CC-2-9
8003512462009;M2-CC-2-9
8003512500022;M2-CC-2-9
8003512599958;M2-CC-2-9
8003512735318;M2-CC-2-9
8003512745461;M2-CC-2-9
8003512747892;M2-CC-2-9
8003512747953;M2-CC-2-9
8003512747977;M2-CC-2-9
8003512755514;M2-CC-2-9
8003512756795;M2-CC-2-9
8003512756818;M2-CC-2-9
8003512756863;M2-CC-2-9
8003512756887;M2-CC-2-9
8003512758607;M2-CC-2-9
8003512758614;M2-CC-2-9
8003512758638;M2-CC-2-9
8003512758676;M2-CC-2-9
8412497397150;M2-CC-2-9
8421002008535;M2-CC-2-9
8711155444732;M2-CC-2-9
8711155444763;M2-CC-2-9
8711155444855;M2-CC-2-9
8711155444886;M2-CC-2-9
8711155444916;M2-CC-2-9
8711155444947;M2-CC-2-9
8711155445036;M2-CC-2-9
3482356297162;M2-CC-3-10
3482356297179;M2-CC-3-10
3482356300275;M2-CC-3-10
3482356300282;M2-CC-3-10
3482356303245;M2-CC-3-10
3482356303252;M2-CC-3-10
3482356500194;M2-CC-3-10
3503420148293;M2-CC-3-10
3503420149498;M2-CC-3-10
3503420196027;M2-CC-3-10
3503420198762;M2-CC-3-10
3503420200151;M2-CC-3-10
3503420200267;M2-CC-3-10
3560237589336;M2-CC-3-10
3560238665770;M2-CC-3-10
3663374015338;M2-CC-3-10
3700442015637;M2-CC-3-10
3760088278100;M2-CC-3-10
5038581019963;M2-CC-3-10
5038581020129;M2-CC-3-10
5038581028798;M2-CC-3-10
5038581028897;M2-CC-3-10
5038581028958;M2-CC-3-10
5038581028965;M2-CC-3-10
5038581029016;M2-CC-3-10
5038581029030;M2-CC-3-10
5038581029054;M2-CC-3-10
5038581029382;M2-CC-3-10
5038581029429;M2-CC-3-10
5038581029467;M2-CC-3-10
5038581029474;M2-CC-3-10
5038581029481;M2-CC-3-10
5038581030340;M2-CC-3-10
5038581030517;M2-CC-3-10
5038581038933;M2-CC-3-10
5038581038940;M2-CC-3-10
5038581038957;M2-CC-3-10
5038581065878;M2-CC-3-10
5038581065885;M2-CC-3-10
5038581065892;M2-CC-3-10
5038581065908;M2-CC-3-10
5038581065915;M2-CC-3-10
5038581065922;M2-CC-3-10
5038581065946;M2-CC-3-10
5038581087962;M2-CC-3-10
5038581087979;M2-CC-3-10
5038581099842;M2-CC-3-10
5038581110080;M2-CC-3-10
5038581110097;M2-CC-3-10
5038581130019;M2-CC-3-10
3256225426379;M2-CC-3-3
3256225426386;M2-CC-3-3
3256227443268;M2-CC-3-3
3256228646026;M2-CC-3-3
3256228646033;M2-CC-3-3
3256228673138;M2-CC-3-3
3256228974587;M2-CC-3-3
3256228974594;M2-CC-3-3
3256228974617;M2-CC-3-3
3256228974624;M2-CC-3-3
3256228974631;M2-CC-3-3
3701168906483;M2-CC-3-3
4002911404287;M2-CC-3-3
8054659004164;M2-CC-3-3
0349888001120;M2-CC-3-4
3256220059978;M2-CC-3-4
3256225043071;M2-CC-3-4
3256225426362;M2-CC-3-4
3256225429066;M2-CC-3-4
3256225718771;M2-CC-3-4
3256227465451;M2-CC-3-4
3256227465468;M2-CC-3-4
3256227465475;M2-CC-3-4
3256227541308;M2-CC-3-4
3256228323477;M2-CC-3-4
3256228974648;M2-CC-3-4
3256229465992;M2-CC-3-4
3700114902067;M2-CC-3-4
3700410469127;M2-CC-3-4
3701168917236;M2-CC-3-4
4002911870907;M2-CC-3-4
5410508208085;M2-CC-3-4
5410508208122;M2-CC-3-4
5410508208184;M2-CC-3-4
5413578002942;M2-CC-3-4
7321011657452;M2-CC-3-4
3256224360094;M2-CC-3-5
3256224755531;M2-CC-3-5
3256224880981;M2-CC-3-5
3256224881087;M2-CC-3-5
3256225039074;M2-CC-3-5
3256225040704;M2-CC-3-5
3256225718801;M2-CC-3-5
3256225719709;M2-CC-3-5
3256227445576;M2-CC-3-5
3256227474408;M2-CC-3-5
3256228541505;M2-CC-3-5
3256228673107;M2-CC-3-5
3256229271494;M2-CC-3-5
3256229292574;M2-CC-3-5
3256229465022;M2-CC-3-5
3256229465039;M2-CC-3-5
3700410415094;M2-CC-3-5
3700410426175;M2-CC-3-5
3700410468861;M2-CC-3-5
3700410485554;M2-CC-3-5
3700410495379;M2-CC-3-5
3700410496109;M2-CC-3-5
3700410497014;M2-CC-3-5
3701168902706;M2-CC-3-5
3701168904885;M2-CC-3-5
3701168906360;M2-CC-3-5
3701168917168;M2-CC-3-5
3701168919544;M2-CC-3-5
3701168924180;M2-CC-3-5
3701168927082;M2-CC-3-5
5412931044735;M2-CC-3-5
3256220880749;M2-CC-3-6
3256224360117;M2-CC-3-6
3256224755524;M2-CC-3-6
3256227461446;M2-CC-3-6
3256227474446;M2-CC-3-6
3256228035585;M2-CC-3-6
3256228087461;M2-CC-3-6
3256228533043;M2-CC-3-6
3256228533517;M2-CC-3-6
3256228673121;M2-CC-3-6
3256228673169;M2-CC-3-6
3256229127098;M2-CC-3-6
3256229128064;M2-CC-3-6
3256229271333;M2-CC-3-6
3256229271401;M2-CC-3-6
3256229271418;M2-CC-3-6
3256229271456;M2-CC-3-6
3256229271487;M2-CC-3-6
3256229271500;M2-CC-3-6
3256229464964;M2-CC-3-6
3700410426151;M2-CC-3-6
3700410496116;M2-CC-3-6
3700410499681;M2-CC-3-6
3701168917151;M2-CC-3-6
3701168923640;M2-CC-3-6
3701168931621;M2-CC-3-6
3701168932864;M2-CC-3-6
3701168934981;M2-CC-3-6
4037698237018;M2-CC-3-6
3256220060011;M2-CC-3-7
3256224067313;M2-CC-3-7
3256224360100;M2-CC-3-7
3256224881056;M2-CC-3-7
3256224881742;M2-CC-3-7
3256225039784;M2-CC-3-7
3256225718795;M2-CC-3-7
3256227474156;M2-CC-3-7
3256227474439;M2-CC-3-7
3256229127890;M2-CC-3-7
3256229271340;M2-CC-3-7
3256229271357;M2-CC-3-7
3256229271364;M2-CC-3-7
3256229271449;M2-CC-3-7
3256229271463;M2-CC-3-7
3256229271470;M2-CC-3-7
3256229271517;M2-CC-3-7
3256229465909;M2-CC-3-7
3256229466517;M2-CC-3-7
3546690470039;M2-CC-3-7
3700410426182;M2-CC-3-7
3700410429343;M2-CC-3-7
3700410468922;M2-CC-3-7
3700410488852;M2-CC-3-7
3701168917632;M2-CC-3-7
3701168920199;M2-CC-3-7
3701168927198;M2-CC-3-7
3760088251400;M2-CC-3-7
3760126003220;M2-CC-3-7
3760126008812;M2-CC-3-7
3760126008829;M2-CC-3-7
5412931065259;M2-CC-3-7
7321011919758;M2-CC-3-7
7321011919796;M2-CC-3-7
3065870625705;M2-CC-3-8
3256222824949;M2-CC-3-8
3256226092474;M2-CC-3-8
3256226092481;M2-CC-3-8
3256226092504;M2-CC-3-8
3256226092511;M2-CC-3-8
3256226092863;M2-CC-3-8
3256226092870;M2-CC-3-8
3256226092887;M2-CC-3-8
3256226092894;M2-CC-3-8
3256226092900;M2-CC-3-8
3256226092917;M2-CC-3-8
3256226092924;M2-CC-3-8
3256226092931;M2-CC-3-8
3256226092948;M2-CC-3-8
3256226092955;M2-CC-3-8
3256226093068;M2-CC-3-8
3256226093075;M2-CC-3-8
3256226383091;M2-CC-3-8
3256229466562;M2-CC-3-8
3256229466593;M2-CC-3-8
3256229466852;M2-CC-3-8
3256229466876;M2-CC-3-8
3482356827925;M2-CC-3-8
3482356828069;M2-CC-3-8
3502250502060;M2-CC-3-8
3502251517681;M2-CC-3-8
3701168908845;M2-CC-3-8
3701168908852;M2-CC-3-8
3701168908869;M2-CC-3-8
3701168915034;M2-CC-3-8
3701168915041;M2-CC-3-8
3701168916468;M2-CC-3-8
3701168929031;M2-CC-3-8
3701168929055;M2-CC-3-8
3760126000014;M2-CC-3-8
3760126000021;M2-CC-3-8
3760126000038;M2-CC-3-8
3760126000045;M2-CC-3-8
3760126000083;M2-CC-3-8
3760126000137;M2-CC-3-8
3760126000250;M2-CC-3-8
3760126000328;M2-CC-3-8
3760126002483;M2-CC-3-8
3760126002759;M2-CC-3-8
3760126002780;M2-CC-3-8
3760126004166;M2-CC-3-8
3760126006054;M2-CC-3-8
3760126008072;M2-CC-3-8
3760126008836;M2-CC-3-8
3760126008843;M2-CC-3-8
3760270200612;M2-CC-3-8
3760270202272;M2-CC-3-8
3760270202302;M2-CC-3-8
3760270202319;M2-CC-3-8
3760270202326;M2-CC-3-8
3760270202975;M2-CC-3-8
3760270203019;M2-CC-3-8
3760270203026;M2-CC-3-8
3760270203033;M2-CC-3-8
3760270203040;M2-CC-3-8
3760270203057;M2-CC-3-8
3760270203064;M2-CC-3-8
3760270203071;M2-CC-3-8
3760270203088;M2-CC-3-8
3760270203101;M2-CC-3-8
3760270203118;M2-CC-3-8
3760270203231;M2-CC-3-8
3760270203248;M2-CC-3-8
3760270203255;M2-CC-3-8
3760270203262;M2-CC-3-8
3760270203279;M2-CC-3-8
3760270203286;M2-CC-3-8
3760270203293;M2-CC-3-8
5201184877999;M2-CC-3-8
5201184879016;M2-CC-3-8
3065876019515;M2-CC-3-9
3065876019522;M2-CC-3-9
3065876079571;M2-CC-3-9
3065876110038;M2-CC-3-9
3256224373292;M2-CC-3-9
3256225788767;M2-CC-3-9
3256226845612;M2-CC-3-9
3256226845636;M2-CC-3-9
3256228399694;M2-CC-3-9
3256228399700;M2-CC-3-9
3256228399724;M2-CC-3-9
3256228399731;M2-CC-3-9
3256228399755;M2-CC-3-9
3256228399779;M2-CC-3-9
3256228399793;M2-CC-3-9
3256228399809;M2-CC-3-9
3256228399823;M2-CC-3-9
3256228399847;M2-CC-3-9
3256228399861;M2-CC-3-9
3256228399885;M2-CC-3-9
3256228408358;M2-CC-3-9
3256228408365;M2-CC-3-9
3256228408372;M2-CC-3-9
3256228408389;M2-CC-3-9
3256228408396;M2-CC-3-9
3256228408402;M2-CC-3-9
3256228408419;M2-CC-3-9
3256228408426;M2-CC-3-9
3256228408433;M2-CC-3-9
3256228408440;M2-CC-3-9
3256228408457;M2-CC-3-9
3256228408464;M2-CC-3-9
3256228408471;M2-CC-3-9
3256228408488;M2-CC-3-9
3256228408495;M2-CC-3-9
3256228408501;M2-CC-3-9
3256228408518;M2-CC-3-9
3256228408525;M2-CC-3-9
3256228408532;M2-CC-3-9
3256228408549;M2-CC-3-9
3256228408556;M2-CC-3-9
3256228408563;M2-CC-3-9
3256228408570;M2-CC-3-9
3256228408587;M2-CC-3-9
3256228408594;M2-CC-3-9
3256228408600;M2-CC-3-9
3256228408617;M2-CC-3-9
3256228408624;M2-CC-3-9
3256228408631;M2-CC-3-9
3256228408648;M2-CC-3-9
3256228408655;M2-CC-3-9
3256228408662;M2-CC-3-9
3256228408679;M2-CC-3-9
3256228408686;M2-CC-3-9
3256228408693;M2-CC-3-9
3256228408709;M2-CC-3-9
3256228408716;M2-CC-3-9
3256228408723;M2-CC-3-9
3256228408730;M2-CC-3-9
3256228408747;M2-CC-3-9
3256228408754;M2-CC-3-9
3256229504769;M2-CC-3-9
3482356400005;M2-CC-3-9
3482356500002;M2-CC-3-9
3482356500026;M2-CC-3-9
3482356500040;M2-CC-3-9
3482356500057;M2-CC-3-9
3482356500071;M2-CC-3-9
3482356500088;M2-CC-3-9
3482356500118;M2-CC-3-9
3482356500231;M2-CC-3-9
3482356715000;M2-CC-3-9
3482356811047;M2-CC-3-9
3482356897508;M2-CC-3-9
3482356897515;M2-CC-3-9
3482356897539;M2-CC-3-9
3482356897553;M2-CC-3-9
3482356897560;M2-CC-3-9
3482356897577;M2-CC-3-9
3482356897584;M2-CC-3-9
3482356897591;M2-CC-3-9
3482356897607;M2-CC-3-9
3482356897614;M2-CC-3-9
3482356897621;M2-CC-3-9
3482356912508;M2-CC-3-9
3700410479850;M2-CC-3-9
3700442010434;M2-CC-3-9
3700442011929;M2-CC-3-9
3760127031246;M2-CC-3-9
3760127031260;M2-CC-3-9
3760172351535;M2-CC-3-9
3760172351665;M2-CC-3-9
8718317861246;M2-CC-3-9
8718317880513;M2-CC-3-9
3030050069402;M2-CC-4-1
3030050153378;M2-CC-4-1
3030050153781;M2-CC-4-1
3030050153927;M2-CC-4-1
3030050154290;M2-CC-4-1
3030050165333;M2-CC-4-1
3030050173666;M2-CC-4-1
3030050175691;M2-CC-4-1
3030050177114;M2-CC-4-1
3030050179361;M2-CC-4-1
3030050180152;M2-CC-4-1
3030050185867;M2-CC-4-1
3030050185874;M2-CC-4-1
3030050188042;M2-CC-4-1
3030050190731;M2-CC-4-1
3030050192971;M2-CC-4-1
3030050193633;M2-CC-4-1
3045380021044;M2-CC-4-1
3045380021051;M2-CC-4-1
3121040087398;M2-CC-4-1
3121040087404;M2-CC-4-1
3121040087435;M2-CC-4-1
3121040087466;M2-CC-4-1
3527570086786;M2-CC-4-1
3611730028096;M2-CC-4-1
3701056399601;M2-CC-4-1
4008146010378;M2-CC-4-1
4008146031076;M2-CC-4-1
4210201448679;M2-CC-4-1
4210201448754;M2-CC-4-1
5060853630064;M2-CC-4-1
5060853630408;M2-CC-4-1
7290002793212;M2-CC-4-1
7290002793304;M2-CC-4-1
7290002793311;M2-CC-4-1
7290002793335;M2-CC-4-1
7290006319005;M2-CC-4-1
7290006780751;M2-CC-4-1
7290006780850;M2-CC-4-1
7290011930240;M2-CC-4-1
7290012933981;M2-CC-4-1
7290113760837;M2-CC-4-1
7290113762374;M2-CC-4-1
7290113762398;M2-CC-4-1
7290113762404;M2-CC-4-1
7290113762411;M2-CC-4-1
7290113762541;M2-CC-4-1
7290113762558;M2-CC-4-1
7290113762572;M2-CC-4-1
7290113762794;M2-CC-4-1
7290113764019;M2-CC-4-1
7290113764262;M2-CC-4-1
7290113764439;M2-CC-4-1
7290116742366;M2-CC-4-1
7290116747842;M2-CC-4-1
7290116749341;M2-CC-4-1
8710103427056;M2-CC-4-1
8710103785736;M2-CC-4-1
8710103993766;M2-CC-4-1
8712836980792;M2-CC-4-1
8718309255046;M2-CC-4-1
8718309259938;M2-CC-4-1
8718692610736;M2-CC-4-1
8718692610811;M2-CC-4-1
8718692611474;M2-CC-4-1
8718692611498;M2-CC-4-1
8718692611511;M2-CC-4-1
8718692612778;M2-CC-4-1
8718692615779;M2-CC-4-1
8718692616301;M2-CC-4-1
8718692619548;M2-CC-4-1
8719128111438;M2-CC-4-1
8719128111537;M2-CC-4-1
8719128112749;M2-CC-4-1
8719128112756;M2-CC-4-1
8719128115276;M2-CC-4-1
8719128115306;M2-CC-4-1
8719128115320;M2-CC-4-1
8719128117232;M2-CC-4-1
8719128117249;M2-CC-4-1
8719128117256;M2-CC-4-1
8719128117294;M2-CC-4-1
8719128117805;M2-CC-4-1
8719128117829;M2-CC-4-1
8719128117836;M2-CC-4-1
8719128118413;M2-CC-4-1
8719128118420;M2-CC-4-1
8719128118666;M2-CC-4-1
8719128118734;M2-CC-4-1
3016661150500;M2-CC-4-10
3016661151408;M2-CC-4-10
3016661153402;M2-CC-4-10
3016661153457;M2-CC-4-10
3016661156267;M2-CC-4-10
3016661174148;M2-CC-4-10
3016661176432;M2-CC-4-10
3016661177170;M2-CC-4-10
3016667242612;M2-CC-4-10
3016667291672;M2-CC-4-10
3016667291689;M2-CC-4-10
3045380021273;M2-CC-4-10
3045380024571;M2-CC-4-10
3045386381203;M2-CC-4-10
3045388534911;M2-CC-4-10
3045388553066;M2-CC-4-10
3416879811314;M2-CC-4-10
3527570067624;M2-CC-4-10
3527570084010;M2-CC-4-10
3527570091582;M2-CC-4-10
3611730021509;M2-CC-4-10
3611730028119;M2-CC-4-10
3700342453706;M2-CC-4-10
4242002439853;M2-CC-4-10
4242002681450;M2-CC-4-10
4242002876061;M2-CC-4-10
4242002941554;M2-CC-4-10
5011773055079;M2-CC-4-10
5060134334308;M2-CC-4-10
5413184602758;M2-CC-4-10
8710103618706;M2-CC-4-10
8710103618751;M2-CC-4-10
8710103782186;M2-CC-4-10
8710103828990;M2-CC-4-10
8712836978065;M2-CC-4-10
8712836978072;M2-CC-4-10
8712836978089;M2-CC-4-10
8713016031273;M2-CC-4-10
8713016049575;M2-CC-4-10
8713016051479;M2-CC-4-10
8713016085436;M2-CC-4-10
8720389001116;M2-CC-4-10
3045380024489;M2-CC-4-2
3045386362127;M2-CC-4-2
3045386380800;M2-CC-4-2
3045386381654;M2-CC-4-2
3187578029200;M2-CC-4-2
3187578029217;M2-CC-4-2
3187578029224;M2-CC-4-2
3187578029361;M2-CC-4-2
3187578029422;M2-CC-4-2
3527570099809;M2-CC-4-2
3700342424416;M2-CC-4-2
3700342428674;M2-CC-4-2
3700342428698;M2-CC-4-2
3700342438055;M2-CC-4-2
3700342440997;M2-CC-4-2
3700342447019;M2-CC-4-2
3700342474275;M2-CC-4-2
4006508212958;M2-CC-4-2
4006508215782;M2-CC-4-2
4006508218714;M2-CC-4-2
4006508218738;M2-CC-4-2
4242005108787;M2-CC-4-2
5011188079028;M2-CC-4-2
7616500942325;M2-CC-4-2
8004399325326;M2-CC-4-2
8004399328655;M2-CC-4-2
8004399329140;M2-CC-4-2
8004399331136;M2-CC-4-2
8690842202063;M2-CC-4-2
8690842455155;M2-CC-4-2
8710103893349;M2-CC-4-2
8710103894629;M2-CC-4-2
8710103894759;M2-CC-4-2
8710103949114;M2-CC-4-2
8710103949121;M2-CC-4-2
8710103968856;M2-CC-4-2
8710103968894;M2-CC-4-2
8713016068712;M2-CC-4-2
8720389000096;M2-CC-4-2
8720389000102;M2-CC-4-2
8720389016431;M2-CC-4-2
8720389027611;M2-CC-4-2
8720389027642;M2-CC-4-2
3016661156847;M2-CC-4-3
3016661171543;M2-CC-4-3
3045386377619;M2-CC-4-3
3045386380091;M2-CC-4-3
3045387243418;M2-CC-4-3
3045387244118;M2-CC-4-3
3045387290573;M2-CC-4-3
3176070105086;M2-CC-4-3
3527570075506;M2-CC-4-3
3527570086977;M2-CC-4-3
3700342442700;M2-CC-4-3
4006508217731;M2-CC-4-3
4006508217861;M2-CC-4-3
4008496881444;M2-CC-4-3
4008496881475;M2-CC-4-3
4242002763217;M2-CC-4-3
4242002958422;M2-CC-4-3
4242005191291;M2-CC-4-3
4242005194315;M2-CC-4-3
4242005503636;M2-CC-4-3
5038061133479;M2-CC-4-3
8004399329485;M2-CC-4-3
8710103673996;M2-CC-4-3
8710103683919;M2-CC-4-3
8710103885412;M2-CC-4-3
8710103949091;M2-CC-4-3
8710103968573;M2-CC-4-3
8720389006951;M2-CC-4-3
8720389048425;M2-CC-4-3
3016661144967;M2-CC-4-4
3045386369515;M2-CC-4-4
3045386369522;M2-CC-4-4
3045386375684;M2-CC-4-4
3045386376056;M2-CC-4-4
3045386376063;M2-CC-4-4
3045386376094;M2-CC-4-4
3045386376773;M2-CC-4-4
3045386380107;M2-CC-4-4
3045386380114;M2-CC-4-4
3045386381739;M2-CC-4-4
3045387243159;M2-CC-4-4
3045387290450;M2-CC-4-4
3700342441000;M2-CC-4-4
3700342474268;M2-CC-4-4
4006508218783;M2-CC-4-4
4006508220113;M2-CC-4-4
4008496970865;M2-CC-4-4
8710103940999;M2-CC-4-4
8710103941040;M2-CC-4-4
8712836970366;M2-CC-4-4
8713016011558;M2-CC-4-4
8713016035967;M2-CC-4-4
8713016047977;M2-CC-4-4
8713016110787;M2-CC-4-4
8713016110800;M2-CC-4-4
3016661156595;M2-CC-4-5
3045380017320;M2-CC-4-5
3045385721123;M2-CC-4-5
3045386363483;M2-CC-4-5
3045386373338;M2-CC-4-5
3045386373543;M2-CC-4-5
3045386374076;M2-CC-4-5
3045386377558;M2-CC-4-5
3045386378128;M2-CC-4-5
3045386380084;M2-CC-4-5
3045386381494;M2-CC-4-5
3045387243098;M2-CC-4-5
3256223669853;M2-CC-4-5
3256223669860;M2-CC-4-5
3256223669877;M2-CC-4-5
3256223669884;M2-CC-4-5
3256228811707;M2-CC-4-5
3660767576698;M2-CC-4-5
4006387020538;M2-CC-4-5
4006387051761;M2-CC-4-5
4006387075200;M2-CC-4-5
4006387075262;M2-CC-4-5
4006387075309;M2-CC-4-5
4006387092061;M2-CC-4-5
4006387120498;M2-CC-4-5
4006387120641;M2-CC-4-5
4006387124076;M2-CC-4-5
4006387125769;M2-CC-4-5
4006387125974;M2-CC-4-5
4006387128128;M2-CC-4-5
4006387133009;M2-CC-4-5
4006387137038;M2-CC-4-5
8710103821045;M2-CC-4-5
8712836970380;M2-CC-4-5
8713016077462;M2-CC-4-5
8713016091659;M2-CC-4-5
3016661148521;M2-CC-4-6
3016661177057;M2-CC-4-6
3045380013391;M2-CC-4-6
3045380021358;M2-CC-4-6
3045380021600;M2-CC-4-6
3045386375493;M2-CC-4-6
3045388885174;M2-CC-4-6
3168430060050;M2-CC-4-6
3168430122130;M2-CC-4-6
3168430277731;M2-CC-4-6
3168430277779;M2-CC-4-6
3168430294684;M2-CC-4-6
3168430295209;M2-CC-4-6
3168430306745;M2-CC-4-6
3168430359130;M2-CC-4-6
3168430359147;M2-CC-4-6
3168430364684;M2-CC-4-6
3168430364912;M2-CC-4-6
3168430730335;M2-CC-4-6
3168430958944;M2-CC-4-6
3168430982215;M2-CC-4-6
3168431057523;M2-CC-4-6
3168437251574;M2-CC-4-6
3196200094080;M2-CC-4-6
3527570083846;M2-CC-4-6
3616360466713;M2-CC-4-6
3700342477856;M2-CC-4-6
3700342477863;M2-CC-4-6
3700342477870;M2-CC-4-6
3770018902005;M2-CC-4-6
3770018902012;M2-CC-4-6
4008496791316;M2-CC-4-6
4008496853144;M2-CC-4-6
4008496937684;M2-CC-4-6
5056462301204;M2-CC-4-6
8712836970441;M2-CC-4-6
8712836972476;M2-CC-4-6
8712836973251;M2-CC-4-6
8712836981713;M2-CC-4-6
8712836987906;M2-CC-4-6
8712836987944;M2-CC-4-6
8713016023636;M2-CC-4-6
8713016099624;M2-CC-4-6
8713016100511;M2-CC-4-6
3045380019355;M2-CC-4-7
3045386373918;M2-CC-4-7
3168430334397;M2-CC-4-7
3168430851948;M2-CC-4-7
3168430915787;M2-CC-4-7
3168431059176;M2-CC-4-7
3527570074271;M2-CC-4-7
3576160025599;M2-CC-4-7
8713016029652;M2-CC-4-7
8713016053831;M2-CC-4-7
3016661142697;M2-CC-4-8
3045380013735;M2-CC-4-8
3045380026278;M2-CC-4-8
3045386363322;M2-CC-4-8
3045386373062;M2-CC-4-8
3045386379576;M2-CC-4-8
3045386379699;M2-CC-4-8
3045386381760;M2-CC-4-8
3045386381807;M2-CC-4-8
3045386382804;M2-CC-4-8
3045387240370;M2-CC-4-8
3045387248871;M2-CC-4-8
3045387249274;M2-CC-4-8
3045387250454;M2-CC-4-8
3045387291037;M2-CC-4-8
3045387291228;M2-CC-4-8
3045387292874;M2-CC-4-8
3045387293857;M2-CC-4-8
3168431002165;M2-CC-4-8
3527570096792;M2-CC-4-8
3527570098581;M2-CC-4-8
3660767964495;M2-CC-4-8
4242002790312;M2-CC-4-8
8712836981430;M2-CC-4-8
8713016056740;M2-CC-4-8
8713016092618;M2-CC-4-8
8720389014895;M2-CC-4-8
3016661158148;M2-CC-4-9
3045380016835;M2-CC-4-9
3045380021716;M2-CC-4-9
3045386370139;M2-CC-4-9
3045387241155;M2-CC-4-9
3045388172113;M2-CC-4-9
3045388593826;M2-CC-4-9
3168430314955;M2-CC-4-9
4242002853314;M2-CC-4-9
5011423205229;M2-CC-4-9
5054061421859;M2-CC-4-9
0026102703618;M2-CC-5-1
0883314844467;M2-CC-5-1
0883314912012;M2-CC-5-1
0883314938586;M2-CC-5-1
3011230093073;M2-CC-5-1
3039660002069;M2-CC-5-1
3039660002168;M2-CC-5-1
3039660002465;M2-CC-5-1
3039660002847;M2-CC-5-1
3039660004568;M2-CC-5-1
3039660004889;M2-CC-5-1
3039660006340;M2-CC-5-1
3039660006555;M2-CC-5-1
3039660006753;M2-CC-5-1
3039660022562;M2-CC-5-1
3039660120992;M2-CC-5-1
3039660121005;M2-CC-5-1
3039660121043;M2-CC-5-1
3039660785153;M2-CC-5-1
3039660990274;M2-CC-5-1
3039663400046;M2-CC-5-1
3159750601184;M2-CC-5-1
3159750601191;M2-CC-5-1
3159750601214;M2-CC-5-1
3159750601221;M2-CC-5-1
3159750601238;M2-CC-5-1
3159750604765;M2-CC-5-1
3216383406767;M2-CC-5-1
3229645195385;M2-CC-5-1
3229645195538;M2-CC-5-1
3229646006994;M2-CC-5-1
3229646011226;M2-CC-5-1
3229646011233;M2-CC-5-1
3242770000096;M2-CC-5-1
3242770000218;M2-CC-5-1
3242770002885;M2-CC-5-1
3250269400241;M2-CC-5-1
3256226385637;M2-CC-5-1
3256229515703;M2-CC-5-1
3304990170208;M2-CC-5-1
3367305359293;M2-CC-5-1
3367305362958;M2-CC-5-1
3480851701214;M2-CC-5-1
3480851710131;M2-CC-5-1
3534540109765;M2-CC-5-1
3534540109772;M2-CC-5-1
3534540109789;M2-CC-5-1
3550190501179;M2-CC-5-1
3550190504941;M2-CC-5-1
3560233828934;M2-CC-5-1
3560233849922;M2-CC-5-1
3560237538280;M2-CC-5-1
3560237598376;M2-CC-5-1
3560237598420;M2-CC-5-1
3560238664155;M2-CC-5-1
3560238715253;M2-CC-5-1
3560238982099;M2-CC-5-1
3560238982112;M2-CC-5-1
3560239466178;M2-CC-5-1
3561868210132;M2-CC-5-1
3568350111571;M2-CC-5-1
3568350180898;M2-CC-5-1
3664944299370;M2-CC-5-1
3664944301080;M2-CC-5-1
3664944329282;M2-CC-5-1
3700873211158;M2-CC-5-1
3760088236230;M2-CC-5-1
3760088236759;M2-CC-5-1
3760088237275;M2-CC-5-1
3760088239262;M2-CC-5-1
3760088252575;M2-CC-5-1
3760088271774;M2-CC-5-1
3760088276977;M2-CC-5-1
3760088289649;M2-CC-5-1
3760088289656;M2-CC-5-1
3760088289694;M2-CC-5-1
3760165190172;M2-CC-5-1
3760165190196;M2-CC-5-1
3760213656452;M2-CC-5-1
4006501031549;M2-CC-5-1
4006501031563;M2-CC-5-1
4006501364005;M2-CC-5-1
4006501364012;M2-CC-5-1
4006501367006;M2-CC-5-1
4006501372000;M2-CC-5-1
4006501372116;M2-CC-5-1
4006501373007;M2-CC-5-1
8003512470646;M2-CC-5-1
8003512487712;M2-CC-5-1
8003512771439;M2-CC-5-1
8003512771446;M2-CC-5-1
8003512776649;M2-CC-5-1
8004360020656;M2-CC-5-1
8004360020663;M2-CC-5-1
8004360021721;M2-CC-5-1
8004360041842;M2-CC-5-1
8004360052480;M2-CC-5-1
8053848871532;M2-CC-5-1
8053848871914;M2-CC-5-1
8053848874687;M2-CC-5-1
8053848874694;M2-CC-5-1
8053848874717;M2-CC-5-1
8053848875103;M2-CC-5-1
8053848878401;M2-CC-5-1
8056444054651;M2-CC-5-1
8710964198119;M2-CC-5-1
8710964440508;M2-CC-5-1
8710964957648;M2-CC-5-1
8710964957686;M2-CC-5-1
8710964958447;M2-CC-5-1
0883314639636;M2-CC-5-2
0883314747102;M2-CC-5-2
3116933092344;M2-CC-5-2
3137610000544;M2-CC-5-2
3229645914436;M2-CC-5-2
3256224375319;M2-CC-5-2
3256224375333;M2-CC-5-2
3256224375340;M2-CC-5-2
3256226275211;M2-CC-5-2
3256226275433;M2-CC-5-2
3256226275471;M2-CC-5-2
3256226275587;M2-CC-5-2
3256226275839;M2-CC-5-2
3256226275860;M2-CC-5-2
3256228403100;M2-CC-5-2
3273960126616;M2-CC-5-2
3426470021920;M2-CC-5-2
3426470268622;M2-CC-5-2
3426470279581;M2-CC-5-2
3426470279598;M2-CC-5-2
3426470279604;M2-CC-5-2
3426470279628;M2-CC-5-2
3426470279666;M2-CC-5-2
3760088272900;M2-CC-5-2
8003512192326;M2-CC-5-2
8003512192364;M2-CC-5-2
8008004091194;M2-CC-5-2
8008004100179;M2-CC-5-2
0883314615029;M2-CC-5-3
3045380011625;M2-CC-5-3
3045380016590;M2-CC-5-3
3120264010014;M2-CC-5-3
3168430235915;M2-CC-5-3
3168430256026;M2-CC-5-3
3168430328198;M2-CC-5-3
3216383426390;M2-CC-5-3
3256391016459;M2-CC-5-3
3256391016480;M2-CC-5-3
3367305393624;M2-CC-5-3
3367305393631;M2-CC-5-3
3367305393648;M2-CC-5-3
3560231533540;M2-CC-5-3
3664944322528;M2-CC-5-3
3664944360995;M2-CC-5-3
3700437114840;M2-CC-5-3
3700437118473;M2-CC-5-3
3700437122388;M2-CC-5-3
3700437129158;M2-CC-5-3
3760088272757;M2-CC-5-3
3760088283173;M2-CC-5-3
3760088287997;M2-CC-5-3
8710755123160;M2-CC-5-3
3168430169517;M2-CC-5-4
3168430169531;M2-CC-5-4
3168430235380;M2-CC-5-4
3168430236004;M2-CC-5-4
3168430236028;M2-CC-5-4
3168430236042;M2-CC-5-4
3168430236066;M2-CC-5-4
3168430267817;M2-CC-5-4
3168430267824;M2-CC-5-4
3168430267831;M2-CC-5-4
3168430328297;M2-CC-5-4
3256225425488;M2-CC-5-4
3256225718429;M2-CC-5-4
3256225718436;M2-CC-5-4
3256226758981;M2-CC-5-4
3256226761073;M2-CC-5-4
3256226761172;M2-CC-5-4
3045380017832;M2-CC-5-5
3045387901387;M2-CC-5-5
3045387901417;M2-CC-5-5
3045387901424;M2-CC-5-5
3045387922375;M2-CC-5-5
3045387923501;M2-CC-5-5
3045389806901;M2-CC-5-5
3083620006000;M2-CC-5-5
3216384501270;M2-CC-5-5
3216384501287;M2-CC-5-5
3256225425402;M2-CC-5-5
3256225425419;M2-CC-5-5
3256225425426;M2-CC-5-5
3256225425525;M2-CC-5-5
3256225718399;M2-CC-5-5
3256225718405;M2-CC-5-5
3256225718412;M2-CC-5-5
3256225735266;M2-CC-5-5
3256225735273;M2-CC-5-5
3256225735297;M2-CC-5-5
3256225735310;M2-CC-5-5
3256225735327;M2-CC-5-5
3367304009397;M2-CC-5-5
8002523611086;M2-CC-5-5
8002523623041;M2-CC-5-5
0883314895865;M2-CC-5-6
0883314895940;M2-CC-5-6
0883314896091;M2-CC-5-6
0883314896411;M2-CC-5-6
0883314958737;M2-CC-5-6
3045380026049;M2-CC-5-6
3108837154730;M2-CC-5-6
3108837154747;M2-CC-5-6
3108837159766;M2-CC-5-6
3108837164111;M2-CC-5-6
3108837164173;M2-CC-5-6
3168430237483;M2-CC-5-6
3168430237490;M2-CC-5-6
3168430246393;M2-CC-5-6
3168430246614;M2-CC-5-6
3168430275997;M2-CC-5-6
3168430276147;M2-CC-5-6
3168430297807;M2-CC-5-6
3168430297821;M2-CC-5-6
3168430299924;M2-CC-5-6
3168430300552;M2-CC-5-6
3168430300606;M2-CC-5-6
3168430300620;M2-CC-5-6
3168430300651;M2-CC-5-6
3168430300675;M2-CC-5-6
3168430309975;M2-CC-5-6
3168430314368;M2-CC-5-6
3168430325166;M2-CC-5-6
3168430328235;M2-CC-5-6
3168430328259;M2-CC-5-6
3168430328266;M2-CC-5-6
3168430328280;M2-CC-5-6
3168430347502;M2-CC-5-6
3168430350502;M2-CC-5-6
3168430357501;M2-CC-5-6
3168430364363;M2-CC-5-6
3168430364370;M2-CC-5-6
3168430364387;M2-CC-5-6
3168430364394;M2-CC-5-6
3168430364400;M2-CC-5-6
3168430364417;M2-CC-5-6
3168430364424;M2-CC-5-6
3168430365995;M2-CC-5-6
3216380035335;M2-CC-5-6
3216383647207;M2-CC-5-6
3216383647245;M2-CC-5-6
3216383647283;M2-CC-5-6
3216383863300;M2-CC-5-6
3216383863324;M2-CC-5-6
3216383863331;M2-CC-5-6
3216384513044;M2-CC-5-6
3216384513204;M2-CC-5-6
3256225057962;M2-CC-5-6
3256225058013;M2-CC-5-6
3256225058020;M2-CC-5-6
3256225058068;M2-CC-5-6
3256225058181;M2-CC-5-6
3256225058235;M2-CC-5-6
3256225058242;M2-CC-5-6
3256225058259;M2-CC-5-6
3256225058266;M2-CC-5-6
3256225058273;M2-CC-5-6
3256225058297;M2-CC-5-6
3256225058303;M2-CC-5-6
3256225058419;M2-CC-5-6
3256225058426;M2-CC-5-6
3256225058471;M2-CC-5-6
3256225058488;M2-CC-5-6
3256225058495;M2-CC-5-6
3256225425440;M2-CC-5-6
3256225425457;M2-CC-5-6
3256225425501;M2-CC-5-6
3256225425518;M2-CC-5-6
3256225425693;M2-CC-5-6
3256226758998;M2-CC-5-6
3256226759001;M2-CC-5-6
3256226759018;M2-CC-5-6
3256226761134;M2-CC-5-6
3256226761141;M2-CC-5-6
3256226761158;M2-CC-5-6
3256226761165;M2-CC-5-6
3256228666017;M2-CC-5-6
3256390148465;M2-CC-5-6
3256391017388;M2-CC-5-6
3256391017395;M2-CC-5-6
3256391017609;M2-CC-5-6
3256391017616;M2-CC-5-6
3256391017623;M2-CC-5-6
3256391017647;M2-CC-5-6
3367305005336;M2-CC-5-6
3367305440960;M2-CC-5-6
3426470022798;M2-CC-5-6
3426470267472;M2-CC-5-6
3426470268561;M2-CC-5-6
3426470269223;M2-CC-5-6
3426470276337;M2-CC-5-6
3426470276344;M2-CC-5-6
3426470277303;M2-CC-5-6
3426470277310;M2-CC-5-6
3426470277327;M2-CC-5-6
3426470277334;M2-CC-5-6
3426470277341;M2-CC-5-6
3426470277426;M2-CC-5-6
3426470277433;M2-CC-5-6
3426470277440;M2-CC-5-6
3458164010033;M2-CC-5-6
3560234513334;M2-CC-5-6
3560234513341;M2-CC-5-6
3560234513358;M2-CC-5-6
3561869121512;M2-CC-5-6
3660992022229;M2-CC-5-6
3660992022311;M2-CC-5-6
3660992022328;M2-CC-5-6
3664944222132;M2-CC-5-6
3664944296706;M2-CC-5-6
3700193735624;M2-CC-5-6
3700193735648;M2-CC-5-6
3700193736263;M2-CC-5-6
3700342477733;M2-CC-5-6
3700342477740;M2-CC-5-6
3700342477757;M2-CC-5-6
3700342477764;M2-CC-5-6
3700342477771;M2-CC-5-6
3700342477788;M2-CC-5-6
3700342477795;M2-CC-5-6
3700342477801;M2-CC-5-6
3700342477832;M2-CC-5-6
3700873260583;M2-CC-5-6
3760088213217;M2-CC-5-6
3760088213224;M2-CC-5-6
3760088230375;M2-CC-5-6
3760088277042;M2-CC-5-6
3760088283739;M2-CC-5-6
3760088289441;M2-CC-5-6
3760088289458;M2-CC-5-6
3760088289465;M2-CC-5-6
3760088289472;M2-CC-5-6
3760088289526;M2-CC-5-6
3760088289885;M2-CC-5-6
3760088289908;M2-CC-5-6
3760088289915;M2-CC-5-6
3760088289922;M2-CC-5-6
4006925841328;M2-CC-5-6
4044935065297;M2-CC-5-6
4044935065310;M2-CC-5-6
4044935074077;M2-CC-5-6
4044935074084;M2-CC-5-6
4044935074268;M2-CC-5-6
4044935075425;M2-CC-5-6
4044935075432;M2-CC-5-6
8000807068786;M2-CC-5-6
8000807068793;M2-CC-5-6
8000807068809;M2-CC-5-6
8002522206245;M2-CC-5-6
8003512705205;M2-CC-5-6
8003512745874;M2-CC-5-6
8006043016895;M2-CC-5-6
8006043016918;M2-CC-5-6
8006043016956;M2-CC-5-6
8420460017882;M2-CC-5-6
8427267017251;M2-CC-5-6
8427267117296;M2-CC-5-6
8427267117302;M2-CC-5-6
8427267343428;M2-CC-5-6
3168430297944;M2-CC-5-7
3168430297951;M2-CC-5-7
3168430300637;M2-CC-5-7
3168430300668;M2-CC-5-7
3168430300682;M2-CC-5-7
3256225425495;M2-CC-5-7
3256226758936;M2-CC-5-7
3256226758967;M2-CC-5-7
3256226761080;M2-CC-5-7
3256226761097;M2-CC-5-7
3256226761103;M2-CC-5-7
3256226761110;M2-CC-5-7
3256226761127;M2-CC-5-7
3458164387289;M2-CC-5-7
3168430299962;M2-CC-5-8
3168430300026;M2-CC-5-8
3168430300583;M2-CC-5-8
3168430328075;M2-CC-5-8
3168430328099;M2-CC-5-8
3216383445292;M2-CC-5-8
3256225425433;M2-CC-5-8
3256226758943;M2-CC-5-8
3256226758950;M2-CC-5-8
3256226758974;M2-CC-5-8
3256226759025;M2-CC-5-8
3760088272740;M2-CC-5-8
8007571602123;M2-CC-5-8
8411922085082;M2-CC-5-8
3252810033700;M2-CC-6-1
3252810033724;M2-CC-6-1
3252810033755;M2-CC-6-1
3252810033779;M2-CC-6-1
3256227464508;M2-CC-6-1
3256227464515;M2-CC-6-1
3256227464522;M2-CC-6-1
3256227464539;M2-CC-6-1
3256227464546;M2-CC-6-1
3256227464553;M2-CC-6-1
3256227464560;M2-CC-6-1
3256227464577;M2-CC-6-1
3256227464584;M2-CC-6-1
3256227464591;M2-CC-6-1
3256227464607;M2-CC-6-1
3256227464614;M2-CC-6-1
3256227464621;M2-CC-6-1
3256227464638;M2-CC-6-1
3256227464645;M2-CC-6-1
3256227464652;M2-CC-6-1
3256227465291;M2-CC-6-1
3256227465307;M2-CC-6-1
3256227465314;M2-CC-6-1
3256227465598;M2-CC-6-1
3256227533143;M2-CC-6-1
3256227533150;M2-CC-6-1
3256229526808;M2-CC-6-1
3256229526815;M2-CC-6-1
3256229526822;M2-CC-6-1
3256229526839;M2-CC-6-1
3256229526846;M2-CC-6-1
3256229526853;M2-CC-6-1
3256229526860;M2-CC-6-1
3256229526877;M2-CC-6-1
3256229526884;M2-CC-6-1
3256229526891;M2-CC-6-1
3256229526907;M2-CC-6-1
3256229526914;M2-CC-6-1
3256229526921;M2-CC-6-1
4008496747238;M2-CC-6-1
4008496774548;M2-CC-6-1
4008496774579;M2-CC-6-1
4260033156280;M2-CC-6-1
4260033156297;M2-CC-6-1
4260033156303;M2-CC-6-1
4260033156327;M2-CC-6-1
4260033156341;M2-CC-6-1
4260033156372;M2-CC-6-1
4260033157249;M2-CC-6-1
4260033157256;M2-CC-6-1
4260033157508;M2-CC-6-1
5000252003786;M2-CC-6-1
5000252003793;M2-CC-6-1
5000252003809;M2-CC-6-1
5000252039723;M2-CC-6-1
5000394137486;M2-CC-6-1
5000394137516;M2-CC-6-1
5000394137639;M2-CC-6-1
5000394137653;M2-CC-6-1
5000394137684;M2-CC-6-1
5000394137714;M2-CC-6-1
5000394137769;M2-CC-6-1
5000394137790;M2-CC-6-1
5000394137820;M2-CC-6-1
5000394137851;M2-CC-6-1
5000394140820;M2-CC-6-1
5000394140851;M2-CC-6-1
5000394140899;M2-CC-6-1
5000394140967;M2-CC-6-1
5000394141117;M2-CC-6-1
5000394141209;M2-CC-6-1
5000394141230;M2-CC-6-1
5000394141322;M2-CC-6-1
5000394141827;M2-CC-6-1
5000394141988;M2-CC-6-1
5000394142190;M2-CC-6-1
5000394146235;M2-CC-6-1
5000394146679;M2-CC-6-1
5000394146846;M2-CC-6-1
5000394146877;M2-CC-6-1
5000394150300;M2-CC-6-1
5000394150331;M2-CC-6-1
7638900083088;M2-CC-6-1
7638900248340;M2-CC-6-1
7638900262643;M2-CC-6-1
7638900273267;M2-CC-6-1
7638900295641;M2-CC-6-1
7638900410815;M2-CC-6-1
7638900410846;M2-CC-6-1
7638900411539;M2-CC-6-1
7638900423006;M2-CC-6-1
7638900423051;M2-CC-6-1
7638900423211;M2-CC-6-1
7638900423280;M2-CC-6-1
7638900423334;M2-CC-6-1
7638900423358;M2-CC-6-1
7638900423389;M2-CC-6-1
7638900426519;M2-CC-6-1
7638900426625;M2-CC-6-1
7638900426687;M2-CC-6-1
7638900426755;M2-CC-6-1
7638900426809;M2-CC-6-1
7638900426823;M2-CC-6-1
7638900426861;M2-CC-6-1
7638900436402;M2-CC-6-1
7638900436419;M2-CC-6-1
7638900437379;M2-CC-6-1
7638900437508;M2-CC-6-1
7638900437539;M2-CC-6-1
7638900437645;M2-CC-6-1
7638900437775;M2-CC-6-1
7638900438239;M2-CC-6-1
7638900438277;M2-CC-6-1
3059940046521;M2-CC-6-10
3087915016002;M2-CC-6-10
3100343001324;M2-CC-6-10
3104739056936;M2-CC-6-10
3104739056998;M2-CC-6-10
3104739098547;M2-CC-6-10
3104739131541;M2-CC-6-10
3104739161364;M2-CC-6-10
3104739161418;M2-CC-6-10
3104739161548;M2-CC-6-10
3104739161555;M2-CC-6-10
3104739161562;M2-CC-6-10
3104739161586;M2-CC-6-10
3104739161616;M2-CC-6-10
3104739161630;M2-CC-6-10
3104739161647;M2-CC-6-10
3104739161715;M2-CC-6-10
3104739161739;M2-CC-6-10
3134725011670;M2-CC-6-10
3154145846102;M2-CC-6-10
3178040431577;M2-CC-6-10
3178040434929;M2-CC-6-10
3178040435001;M2-CC-6-10
3178040674691;M2-CC-6-10
3178040674707;M2-CC-6-10
3178040679962;M2-CC-6-10
3178040695009;M2-CC-6-10
3178040695108;M2-CC-6-10
3178041329002;M2-CC-6-10
3178041329132;M2-CC-6-10
3178041329163;M2-CC-6-10
3178041329187;M2-CC-6-10
3178046621170;M2-CC-6-10
3178046625277;M2-CC-6-10
3178046625291;M2-CC-6-10
3184410443668;M2-CC-6-10
3184410470169;M2-CC-6-10
3289551518005;M2-CC-6-10
3435390610015;M2-CC-6-10
3435390610022;M2-CC-6-10
3469901008411;M2-CC-6-10
4015000402880;M2-CC-6-10
4015000414791;M2-CC-6-10
4015000414807;M2-CC-6-10
4015000423861;M2-CC-6-10
4015000423878;M2-CC-6-10
4015000423960;M2-CC-6-10
4015000424691;M2-CC-6-10
4042448030702;M2-CC-6-10
4042448035264;M2-CC-6-10
4042448062895;M2-CC-6-10
4042448063571;M2-CC-6-10
4042448337283;M2-CC-6-10
4042448337306;M2-CC-6-10
4042448337344;M2-CC-6-10
4042448337351;M2-CC-6-10
4042448337368;M2-CC-6-10
4042448337450;M2-CC-6-10
4042448337528;M2-CC-6-10
4042448337542;M2-CC-6-10
4042448337559;M2-CC-6-10
4042448337627;M2-CC-6-10
4042448337825;M2-CC-6-10
4054596734876;M2-CC-6-10
5032227330429;M2-CC-6-10
5032227330825;M2-CC-6-10
5032227334953;M2-CC-6-10
5032227335943;M2-CC-6-10
5032227336605;M2-CC-6-10
5410091238896;M2-CC-6-10
5410091238902;M2-CC-6-10
5410091324384;M2-CC-6-10
5410091324407;M2-CC-6-10
5410091628840;M2-CC-6-10
5410091628871;M2-CC-6-10
5410091628888;M2-CC-6-10
5410091628949;M2-CC-6-10
5902658098666;M2-CC-6-10
5902658098727;M2-CC-6-10
5902658098789;M2-CC-6-10
8001814000035;M2-CC-6-10
8001814000165;M2-CC-6-10
8001814000226;M2-CC-6-10
8001814001773;M2-CC-6-10
8001814001780;M2-CC-6-10
8001814180775;M2-CC-6-10
8001814180973;M2-CC-6-10
8001814181079;M2-CC-6-10
0020335002234;M2-CC-6-11
0020335002241;M2-CC-6-11
3087911643301;M2-CC-6-11
3087912530006;M2-CC-6-11
3087912910006;M2-CC-6-11
3087912910037;M2-CC-6-11
3087912910044;M2-CC-6-11
3087912913038;M2-CC-6-11
3087914001191;M2-CC-6-11
3087914050069;M2-CC-6-11
3087914416209;M2-CC-6-11
3087914416308;M2-CC-6-11
3087914416407;M2-CC-6-11
3087914416506;M2-CC-6-11
3087914416704;M2-CC-6-11
3087914418302;M2-CC-6-11
3087914418401;M2-CC-6-11
3087914418609;M2-CC-6-11
3087914426109;M2-CC-6-11
3087914426307;M2-CC-6-11
3087915001060;M2-CC-6-11
3087915005068;M2-CC-6-11
3087916604000;M2-CC-6-11
3087916604659;M2-CC-6-11
3087916609111;M2-CC-6-11
3087916609654;M2-CC-6-11
3087916619653;M2-CC-6-11
3087916629119;M2-CC-6-11
3087916629652;M2-CC-6-11
3087916674003;M2-CC-6-11
3087917108187;M2-CC-6-11
3087917308181;M2-CC-6-11
3087917509182;M2-CC-6-11
3177800091228;M2-CC-6-11
3177800097848;M2-CC-6-11
3177800097930;M2-CC-6-11
3177800098029;M2-CC-6-11
3177800098050;M2-CC-6-11
3177800098104;M2-CC-6-11
3177800098135;M2-CC-6-11
3177800106748;M2-CC-6-11
3177800106755;M2-CC-6-11
3177800106779;M2-CC-6-11
3177800106816;M2-CC-6-11
3177800106823;M2-CC-6-11
3177800106847;M2-CC-6-11
3177800106885;M2-CC-6-11
3177800107028;M2-CC-6-11
3177800107066;M2-CC-6-11
3177800107677;M2-CC-6-11
3177800175348;M2-CC-6-11
3177800254050;M2-CC-6-11
3177800254111;M2-CC-6-11
3177800254135;M2-CC-6-11
3177800254142;M2-CC-6-11
3177800254159;M2-CC-6-11
3177800526188;M2-CC-6-11
3177801430002;M2-CC-6-11
3177802002215;M2-CC-6-11
3177802012115;M2-CC-6-11
3177802512011;M2-CC-6-11
3177803450305;M2-CC-6-11
3177803450404;M2-CC-6-11
3177803452309;M2-CC-6-11
3177805048005;M2-CC-6-11
3177806801180;M2-CC-6-11
3177807113183;M2-CC-6-11
3177807953185;M2-CC-6-11
3218017403197;M2-CC-6-11
3218017403210;M2-CC-6-11
3253565213980;M2-CC-6-11
3253565215151;M2-CC-6-11
3289557120042;M2-CC-6-11
3289557210033;M2-CC-6-11
3359000013914;M2-CC-6-11
3359000013921;M2-CC-6-11
3524141907037;M2-CC-6-11
3524141907082;M2-CC-6-11
3524141907099;M2-CC-6-11
3524141907105;M2-CC-6-11
3524141907129;M2-CC-6-11
3524141907136;M2-CC-6-11
3524141907198;M2-CC-6-11
3661521133096;M2-CC-6-11
3661521133102;M2-CC-6-11
4042448233462;M2-CC-6-11
8014846201004;M2-CC-6-11
3163982129125;M2-CC-6-12
3163982129224;M2-CC-6-12
3256630021206;M2-CC-6-12
3261543118219;M2-CC-6-12
3261543146953;M2-CC-6-12
3261544204775;M2-CC-6-12
3261544204782;M2-CC-6-12
3261544204799;M2-CC-6-12
3261544204805;M2-CC-6-12
3261544204812;M2-CC-6-12
3261544204836;M2-CC-6-12
3261544204843;M2-CC-6-12
3261544204850;M2-CC-6-12
3261544204898;M2-CC-6-12
3261544205048;M2-CC-6-12
3261544205062;M2-CC-6-12
3261544205086;M2-CC-6-12
3261544217256;M2-CC-6-12
3524141800277;M2-CC-6-12
3524141800284;M2-CC-6-12
3524141801014;M2-CC-6-12
3524141944650;M2-CC-6-12
3524141944667;M2-CC-6-12
3524141944674;M2-CC-6-12
3524141944681;M2-CC-6-12
3549210028635;M2-CC-6-12
3661521111223;M2-CC-6-12
3661521111230;M2-CC-6-12
3661521111247;M2-CC-6-12
3661521111254;M2-CC-6-12
3661521111261;M2-CC-6-12
3661521111278;M2-CC-6-12
3661521111285;M2-CC-6-12
3661521111322;M2-CC-6-12
3661521111339;M2-CC-6-12
3661521112657;M2-CC-6-12
3661521112756;M2-CC-6-12
3661521112763;M2-CC-6-12
3661521112770;M2-CC-6-12
3661521112794;M2-CC-6-12
3661521112800;M2-CC-6-12
3661521113036;M2-CC-6-12
3661521113074;M2-CC-6-12
3661521113098;M2-CC-6-12
3661521113111;M2-CC-6-12
3661521113173;M2-CC-6-12
3661521113272;M2-CC-6-12
3661521113494;M2-CC-6-12
3661521113890;M2-CC-6-12
3661521113913;M2-CC-6-12
3661521113937;M2-CC-6-12
3661521113975;M2-CC-6-12
3661521114941;M2-CC-6-12
3661521114965;M2-CC-6-12
3661521119052;M2-CC-6-12
3661521119168;M2-CC-6-12
3661521131726;M2-CC-6-12
3661521134260;M2-CC-6-12
3661521134277;M2-CC-6-12
3661521134284;M2-CC-6-12
3661521134291;M2-CC-6-12
3661521134307;M2-CC-6-12
3661521134314;M2-CC-6-12
3661521134321;M2-CC-6-12
3661521134338;M2-CC-6-12
3661521134345;M2-CC-6-12
3661521134352;M2-CC-6-12
3661521134567;M2-CC-6-12
4015962745667;M2-CC-6-12
4015962745674;M2-CC-6-12
4015962815025;M2-CC-6-12
4015962815032;M2-CC-6-12
4015962815049;M2-CC-6-12
4015962815063;M2-CC-6-12
4015962815070;M2-CC-6-12
4015962815094;M2-CC-6-12
4015962815100;M2-CC-6-12
4015962815117;M2-CC-6-12
4015962815124;M2-CC-6-12
4015962815148;M2-CC-6-12
4015962815155;M2-CC-6-12
4015962815162;M2-CC-6-12
4015962815216;M2-CC-6-12
4015962815223;M2-CC-6-12
4015962815322;M2-CC-6-12
4015962815360;M2-CC-6-12
4015962817098;M2-CC-6-12
4015962817111;M2-CC-6-12
4015962818095;M2-CC-6-12
4015962818118;M2-CC-6-12
4015962819016;M2-CC-6-12
4015962830530;M2-CC-6-12
4015962830561;M2-CC-6-12
4015962831513;M2-CC-6-12
4015962831537;M2-CC-6-12
4015962831995;M2-CC-6-12
4015962832008;M2-CC-6-12
4015962832510;M2-CC-6-12
4015962832541;M2-CC-6-12
4015962833029;M2-CC-6-12
4015962834514;M2-CC-6-12
8423005034023;M2-CC-6-12
8423005034368;M2-CC-6-12
8423005034443;M2-CC-6-12
8423005034450;M2-CC-6-12
8423005034580;M2-CC-6-12
3172350121326;M2-CC-6-13
3172350157325;M2-CC-6-13
3172358230600;M2-CC-6-13
3172358322206;M2-CC-6-13
3172358322244;M2-CC-6-13
3172358351503;M2-CC-6-13
3172358351602;M2-CC-6-13
3172358351800;M2-CC-6-13
3172358352005;M2-CC-6-13
3172358352104;M2-CC-6-13
3172358352401;M2-CC-6-13
3172358352609;M2-CC-6-13
3256227464492;M2-CC-6-13
3256630030017;M2-CC-6-13
3256630030116;M2-CC-6-13
3256630030154;M2-CC-6-13
3256630030314;M2-CC-6-13
3256630030413;M2-CC-6-13
3256630030451;M2-CC-6-13
3256630030529;M2-CC-6-13
3256630030536;M2-CC-6-13
3256630030543;M2-CC-6-13
3256630030598;M2-CC-6-13
3256630031410;M2-CC-6-13
3256630031618;M2-CC-6-13
3256630031816;M2-CC-6-13
3256630031915;M2-CC-6-13
3256630033612;M2-CC-6-13
3256630033650;M2-CC-6-13
3256630034404;M2-CC-6-13
3256630034503;M2-CC-6-13
3256630036019;M2-CC-6-13
3256630036026;M2-CC-6-13
3256630036118;M2-CC-6-13
3256630037016;M2-CC-6-13
3256630037115;M2-CC-6-13
3256630037214;M2-CC-6-13
3256630050114;M2-CC-6-13
3256630050312;M2-CC-6-13
3256630050411;M2-CC-6-13
3256630050510;M2-CC-6-13
3256630050619;M2-CC-6-13
3256630050633;M2-CC-6-13
3256630050640;M2-CC-6-13
3256630050671;M2-CC-6-13
3256630103025;M2-CC-6-13
3540709000910;M2-CC-6-13
3540709000941;M2-CC-6-13
3540709010032;M2-CC-6-13
3540709010049;M2-CC-6-13
3540709010100;M2-CC-6-13
3760242644789;M2-CC-6-13
5032227334892;M2-CC-6-13
5032227336889;M2-CC-6-13
3147290013581;M2-CC-6-2
3256227464669;M2-CC-6-2
3256227464676;M2-CC-6-2
3256227465321;M2-CC-6-2
3256227465550;M2-CC-6-2
3256227465574;M2-CC-6-2
3256227465604;M2-CC-6-2
3256227465628;M2-CC-6-2
3256227465635;M2-CC-6-2
3256227465642;M2-CC-6-2
3256228395054;M2-CC-6-2
3256228395139;M2-CC-6-2
3256228395146;M2-CC-6-2
3256228395153;M2-CC-6-2
3256228395221;M2-CC-6-2
3256228395245;M2-CC-6-2
3256228395252;M2-CC-6-2
3256228395269;M2-CC-6-2
3256228395276;M2-CC-6-2
3256228395290;M2-CC-6-2
3256228399151;M2-CC-6-2
3256228399212;M2-CC-6-2
3256228399229;M2-CC-6-2
3256228399243;M2-CC-6-2
3256228399335;M2-CC-6-2
3256228404404;M2-CC-6-2
3256228404411;M2-CC-6-2
3256228766465;M2-CC-6-2
3256228948960;M2-CC-6-2
3256228948984;M2-CC-6-2
3256228948991;M2-CC-6-2
3256229224278;M2-CC-6-2
4008496171385;M2-CC-6-2
4008496219377;M2-CC-6-2
4008496346288;M2-CC-6-2
4008496346486;M2-CC-6-2
4008496746422;M2-CC-6-2
4008496746460;M2-CC-6-2
4008496747191;M2-CC-6-2
4008496747313;M2-CC-6-2
4058075112216;M2-CC-6-2
4058075112261;M2-CC-6-2
4058075112360;M2-CC-6-2
4058075112445;M2-CC-6-2
4058075112469;M2-CC-6-2
4058075112506;M2-CC-6-2
4058075115897;M2-CC-6-2
4058075115910;M2-CC-6-2
4058075124660;M2-CC-6-2
4058075124707;M2-CC-6-2
4058075303409;M2-CC-6-2
4058075305014;M2-CC-6-2
4058075305038;M2-CC-6-2
4058075433267;M2-CC-6-2
4058075434028;M2-CC-6-2
4058075435285;M2-CC-6-2
4058075446991;M2-CC-6-2
4058075808515;M2-CC-6-2
4058075808713;M2-CC-6-2
4260030255733;M2-CC-6-2
4260030255764;M2-CC-6-2
4260030259359;M2-CC-6-2
4260033151957;M2-CC-6-2
4260033155481;M2-CC-6-2
4260033155542;M2-CC-6-2
4260033155566;M2-CC-6-2
4260033158260;M2-CC-6-2
4260216456374;M2-CC-6-2
4260216456381;M2-CC-6-2
4891199199554;M2-CC-6-2
5411365023545;M2-CC-6-2
5411365039096;M2-CC-6-2
7638900083071;M2-CC-6-2
7638900083095;M2-CC-6-2
7638900107777;M2-CC-6-2
7638900138740;M2-CC-6-2
7638900138757;M2-CC-6-2
7638900138771;M2-CC-6-2
7638900270228;M2-CC-6-2
7638900307504;M2-CC-6-2
7638900321401;M2-CC-6-2
7638900326314;M2-CC-6-2
7638900379914;M2-CC-6-2
7638900381795;M2-CC-6-2
7638900411546;M2-CC-6-2
7638900417005;M2-CC-6-2
7638900418811;M2-CC-6-2
7638900421446;M2-CC-6-2
7638900423136;M2-CC-6-2
7638900423716;M2-CC-6-2
7638900426571;M2-CC-6-2
8003910006669;M2-CC-6-2
8003910101661;M2-CC-6-2
8003910105232;M2-CC-6-2
8003910923300;M2-CC-6-2
3256228399236;M2-CC-6-3
3256228399298;M2-CC-6-3
3256228399328;M2-CC-6-3
3256228399359;M2-CC-6-3
3256228399441;M2-CC-6-3
3256228399939;M2-CC-6-3
3256228399953;M2-CC-6-3
3256228399977;M2-CC-6-3
3256228400055;M2-CC-6-3
3256228400062;M2-CC-6-3
3256228400086;M2-CC-6-3
3256228400093;M2-CC-6-3
3256228400109;M2-CC-6-3
3256228400123;M2-CC-6-3
3256228400185;M2-CC-6-3
3256228403506;M2-CC-6-3
3256228403551;M2-CC-6-3
3256228403605;M2-CC-6-3
3256228403612;M2-CC-6-3
3256228403629;M2-CC-6-3
3256228403704;M2-CC-6-3
3256228403711;M2-CC-6-3
3256228403735;M2-CC-6-3
3256228403773;M2-CC-6-3
3256228403780;M2-CC-6-3
3256228403810;M2-CC-6-3
3256228403827;M2-CC-6-3
3256228403841;M2-CC-6-3
3256228403872;M2-CC-6-3
3256228404152;M2-CC-6-3
3256228404183;M2-CC-6-3
3256228404213;M2-CC-6-3
3256228404220;M2-CC-6-3
3256228404244;M2-CC-6-3
3256228404282;M2-CC-6-3
3256228404381;M2-CC-6-3
3256229224360;M2-CC-6-3
3256229224384;M2-CC-6-3
3256229225183;M2-CC-6-3
3256229225268;M2-CC-6-3
3256229226395;M2-CC-6-3
3256229226616;M2-CC-6-3
3256229226807;M2-CC-6-3
3256229230866;M2-CC-6-3
3760112740399;M2-CC-6-3
3760112740467;M2-CC-6-3
3760112740511;M2-CC-6-3
3760112744267;M2-CC-6-3
3760112744588;M2-CC-6-3
3760112745790;M2-CC-6-3
3760112745813;M2-CC-6-3
3760112745851;M2-CC-6-3
3760112747800;M2-CC-6-3
4050300064000;M2-CC-6-3
4050300065052;M2-CC-6-3
4058075112308;M2-CC-6-3
4058075114876;M2-CC-6-3
4058075124684;M2-CC-6-3
4058075125926;M2-CC-6-3
4058075125988;M2-CC-6-3
4058075126022;M2-CC-6-3
4058075303386;M2-CC-6-3
4058075428362;M2-CC-6-3
4058075428386;M2-CC-6-3
4058075428409;M2-CC-6-3
4058075428423;M2-CC-6-3
4058075428447;M2-CC-6-3
4058075428508;M2-CC-6-3
4058075432758;M2-CC-6-3
4058075432789;M2-CC-6-3
4058075434103;M2-CC-6-3
4058075434141;M2-CC-6-3
4058075434165;M2-CC-6-3
4058075434226;M2-CC-6-3
4058075434882;M2-CC-6-3
4058075434905;M2-CC-6-3
4058075434929;M2-CC-6-3
4058075434981;M2-CC-6-3
4058075435148;M2-CC-6-3
4058075435162;M2-CC-6-3
4058075435223;M2-CC-6-3
4058075435421;M2-CC-6-3
4058075435513;M2-CC-6-3
4058075436442;M2-CC-6-3
4058075436480;M2-CC-6-3
4058075436503;M2-CC-6-3
4058075436541;M2-CC-6-3
4058075436565;M2-CC-6-3
4058075436589;M2-CC-6-3
4058075436602;M2-CC-6-3
4058075436626;M2-CC-6-3
4058075436664;M2-CC-6-3
4058075436688;M2-CC-6-3
4058075437128;M2-CC-6-3
4058075437142;M2-CC-6-3
4058075437166;M2-CC-6-3
4058075437227;M2-CC-6-3
4058075437241;M2-CC-6-3
4058075437265;M2-CC-6-3
4058075447936;M2-CC-6-3
4058075450592;M2-CC-6-3
5411365023521;M2-CC-6-3
5411365039089;M2-CC-6-3
5411365039102;M2-CC-6-3
5411365039379;M2-CC-6-3
6923933807659;M2-CC-6-3
6923933820993;M2-CC-6-3
6923933821013;M2-CC-6-3
8003910102811;M2-CC-6-3
3218011752109;M2-CC-6-4
3218011752130;M2-CC-6-4
3218011752178;M2-CC-6-4
3256228404114;M2-CC-6-4
3256228404121;M2-CC-6-4
3256228404138;M2-CC-6-4
3256228404145;M2-CC-6-4
3256228404169;M2-CC-6-4
3256228404176;M2-CC-6-4
3256228404190;M2-CC-6-4
3256228404206;M2-CC-6-4
3256228404268;M2-CC-6-4
3256228404299;M2-CC-6-4
3256228404305;M2-CC-6-4
3256228404312;M2-CC-6-4
3256228404336;M2-CC-6-4
3256228404343;M2-CC-6-4
3256228404350;M2-CC-6-4
3256228404435;M2-CC-6-4
3256228404442;M2-CC-6-4
3256228404459;M2-CC-6-4
3256228439192;M2-CC-6-4
3256229226074;M2-CC-6-4
3256229227224;M2-CC-6-4
3760112740351;M2-CC-6-4
3760112740368;M2-CC-6-4
3760112740382;M2-CC-6-4
3760112740474;M2-CC-6-4
3760112740535;M2-CC-6-4
3760112740542;M2-CC-6-4
3760112740559;M2-CC-6-4
3760112740597;M2-CC-6-4
3760112740894;M2-CC-6-4
3760112741655;M2-CC-6-4
3760112741983;M2-CC-6-4
3760112743383;M2-CC-6-4
3760112743406;M2-CC-6-4
3760112745226;M2-CC-6-4
3760112745257;M2-CC-6-4
3760112745523;M2-CC-6-4
3760112745837;M2-CC-6-4
3760112745875;M2-CC-6-4
3760112745899;M2-CC-6-4
3760112746032;M2-CC-6-4
4008321200389;M2-CC-6-4
4008321200440;M2-CC-6-4
4008321201812;M2-CC-6-4
4008321201836;M2-CC-6-4
4008321202697;M2-CC-6-4
4008321928931;M2-CC-6-4
4052899195370;M2-CC-6-4
4052899955066;M2-CC-6-4
4058075112568;M2-CC-6-4
4058075112582;M2-CC-6-4
4058075112605;M2-CC-6-4
4058075137288;M2-CC-6-4
4058075137349;M2-CC-6-4
4058075208469;M2-CC-6-4
4058075208506;M2-CC-6-4
4058075208513;M2-CC-6-4
4058075227804;M2-CC-6-4
4058075227866;M2-CC-6-4
4058075260696;M2-CC-6-4
4058075260719;M2-CC-6-4
4058075260733;M2-CC-6-4
4058075266841;M2-CC-6-4
4058075267848;M2-CC-6-4
4058075270886;M2-CC-6-4
4058075399662;M2-CC-6-4
4058075399686;M2-CC-6-4
4058075399723;M2-CC-6-4
4058075399747;M2-CC-6-4
4058075431171;M2-CC-6-4
4058075431270;M2-CC-6-4
4058075432512;M2-CC-6-4
4058075432550;M2-CC-6-4
4058075433380;M2-CC-6-4
4058075485211;M2-CC-6-4
5411365028175;M2-CC-6-4
5411365033810;M2-CC-6-4
5907377256663;M2-CC-6-4
6923933807673;M2-CC-6-4
6923933807680;M2-CC-6-4
3218012001015;M2-CC-6-5
3218012001022;M2-CC-6-5
3218012001275;M2-CC-6-5
3218012001374;M2-CC-6-5
3218012001794;M2-CC-6-5
3218012001817;M2-CC-6-5
3218012001824;M2-CC-6-5
3218012001916;M2-CC-6-5
3218012002685;M2-CC-6-5
3218012002722;M2-CC-6-5
3218012003446;M2-CC-6-5
3218012005242;M2-CC-6-5
3218012005488;M2-CC-6-5
3218012005761;M2-CC-6-5
3218012005792;M2-CC-6-5
3218012011014;M2-CC-6-5
3218012011250;M2-CC-6-5
3218012011311;M2-CC-6-5
3218012011328;M2-CC-6-5
3218012011342;M2-CC-6-5
3218012011359;M2-CC-6-5
3218012011366;M2-CC-6-5
3218012011403;M2-CC-6-5
3218012011427;M2-CC-6-5
3218012011441;M2-CC-6-5
3218012011458;M2-CC-6-5
3218012011557;M2-CC-6-5
3218012011564;M2-CC-6-5
3218012015050;M2-CC-6-5
3218012015173;M2-CC-6-5
3218012020061;M2-CC-6-5
3218012020085;M2-CC-6-5
3218012030015;M2-CC-6-5
3218012030039;M2-CC-6-5
3218012040014;M2-CC-6-5
3218012040113;M2-CC-6-5
3218012040212;M2-CC-6-5
3218012040311;M2-CC-6-5
3218012041110;M2-CC-6-5
3218012041219;M2-CC-6-5
3218012047020;M2-CC-6-5
3218012047327;M2-CC-6-5
3218012048010;M2-CC-6-5
3218012048317;M2-CC-6-5
3218012048324;M2-CC-6-5
3218012131095;M2-CC-6-5
3218012131170;M2-CC-6-5
3218012131231;M2-CC-6-5
3218012131248;M2-CC-6-5
3218012140189;M2-CC-6-5
3218019980344;M2-CC-6-5
3218019980641;M2-CC-6-5
3245060503819;M2-CC-6-5
3245060699680;M2-CC-6-5
3245060699703;M2-CC-6-5
3245060901288;M2-CC-6-5
3245060905019;M2-CC-6-5
3245060911232;M2-CC-6-5
3245060911379;M2-CC-6-5
3245060911584;M2-CC-6-5
3245060939045;M2-CC-6-5
3245060939175;M2-CC-6-5
3245060939625;M2-CC-6-5
3245060939663;M2-CC-6-5
3245060939724;M2-CC-6-5
3245060939755;M2-CC-6-5
3245060939830;M2-CC-6-5
3245060958411;M2-CC-6-5
3245060971052;M2-CC-6-5
3245060971335;M2-CC-6-5
3245060984809;M2-CC-6-5
3256228438706;M2-CC-6-5
3256228438713;M2-CC-6-5
3256228438720;M2-CC-6-5
3256228438737;M2-CC-6-5
3256228438744;M2-CC-6-5
3256228438751;M2-CC-6-5
3256228438768;M2-CC-6-5
3256228438843;M2-CC-6-5
3256228438935;M2-CC-6-5
3256228438966;M2-CC-6-5
3256228439048;M2-CC-6-5
3256228439062;M2-CC-6-5
3256228439079;M2-CC-6-5
3256228439086;M2-CC-6-5
3256228439093;M2-CC-6-5
3256228439109;M2-CC-6-5
3256228439208;M2-CC-6-5
3414970010582;M2-CC-6-5
3414970010636;M2-CC-6-5
3414971085787;M2-CC-6-5
3414971085817;M2-CC-6-5
3414971942868;M2-CC-6-5
3414971942882;M2-CC-6-5
3414971942905;M2-CC-6-5
3414971942929;M2-CC-6-5
3414971943629;M2-CC-6-5
3414971943766;M2-CC-6-5
3414971943827;M2-CC-6-5
3414971943865;M2-CC-6-5
3414971943902;M2-CC-6-5
3414971943940;M2-CC-6-5
3415545200506;M2-CC-6-5
3545411909902;M2-CC-6-5
3545411909926;M2-CC-6-5
3545411909940;M2-CC-6-5
3662366009294;M2-CC-6-5
3165140997355;M2-CC-6-6
3218010142666;M2-CC-6-6
3218010142697;M2-CC-6-6
3218010142956;M2-CC-6-6
3218012012042;M2-CC-6-6
3218012101128;M2-CC-6-6
3218012101180;M2-CC-6-6
3218012104013;M2-CC-6-6
3218012104105;M2-CC-6-6
3218012105126;M2-CC-6-6
3218012130012;M2-CC-6-6
3218012130036;M2-CC-6-6
3218012130043;M2-CC-6-6
3218012130050;M2-CC-6-6
3218012130302;M2-CC-6-6
3218012130319;M2-CC-6-6
3218012130333;M2-CC-6-6
3218012130418;M2-CC-6-6
3218012130500;M2-CC-6-6
3218012130517;M2-CC-6-6
3218012131309;M2-CC-6-6
3218017500759;M2-CC-6-6
3218017500766;M2-CC-6-6
3218017500773;M2-CC-6-6
3218017500780;M2-CC-6-6
3218017502739;M2-CC-6-6
3218019593377;M2-CC-6-6
3218019980252;M2-CC-6-6
3218019980665;M2-CC-6-6
3218019980795;M2-CC-6-6
3218019986148;M2-CC-6-6
3253560155568;M2-CC-6-6
3253560342968;M2-CC-6-6
3253560468255;M2-CC-6-6
3253561054105;M2-CC-6-6
3256224069744;M2-CC-6-6
3256224069751;M2-CC-6-6
3256224069768;M2-CC-6-6
3256224360254;M2-CC-6-6
3256224360261;M2-CC-6-6
3256224360278;M2-CC-6-6
3256224360285;M2-CC-6-6
3256226751609;M2-CC-6-6
3256226761387;M2-CC-6-6
3256226761578;M2-CC-6-6
3256226761660;M2-CC-6-6
3256226761684;M2-CC-6-6
3256228438775;M2-CC-6-6
3256228438799;M2-CC-6-6
3256228438829;M2-CC-6-6
3256228438850;M2-CC-6-6
3256228438867;M2-CC-6-6
3256228438898;M2-CC-6-6
3256228438904;M2-CC-6-6
3256228438928;M2-CC-6-6
3256228438959;M2-CC-6-6
3256228438973;M2-CC-6-6
3256228438997;M2-CC-6-6
3256228439000;M2-CC-6-6
3256228439017;M2-CC-6-6
3256228439024;M2-CC-6-6
3256228439161;M2-CC-6-6
3256228439178;M2-CC-6-6
3256228439185;M2-CC-6-6
3256228439222;M2-CC-6-6
3256228439246;M2-CC-6-6
3256228722553;M2-CC-6-6
3256228722577;M2-CC-6-6
3384128500091;M2-CC-6-6
3435240992155;M2-CC-6-6
3545411909933;M2-CC-6-6
3700590914059;M2-CC-6-6
3760110682196;M2-CC-6-6
3760110682202;M2-CC-6-6
3760110682226;M2-CC-6-6
4045365123397;M2-CC-6-6
4054278604046;M2-CC-6-6
4078500018760;M2-CC-6-6
4078500023528;M2-CC-6-6
4078500043519;M2-CC-6-6
4078500049078;M2-CC-6-6
4078500049153;M2-CC-6-6
4078500051774;M2-CC-6-6
4078500873406;M2-CC-6-6
4897030040412;M2-CC-6-6
7290012652097;M2-CC-6-6
3032381301046;M2-CC-6-7
3218010200007;M2-CC-6-7
3218010200526;M2-CC-6-7
3218010200601;M2-CC-6-7
3218010200809;M2-CC-6-7
3218010200816;M2-CC-6-7
3218010201080;M2-CC-6-7
3218011525192;M2-CC-6-7
3218011525635;M2-CC-6-7
3218011525994;M2-CC-6-7
3218011532169;M2-CC-6-7
3218011532206;M2-CC-6-7
3218011532213;M2-CC-6-7
3218011721167;M2-CC-6-7
3218011721204;M2-CC-6-7
3218011726315;M2-CC-6-7
3218011726322;M2-CC-6-7
3218011741264;M2-CC-6-7
3218016011324;M2-CC-6-7
3218016017029;M2-CC-6-7
3218016017104;M2-CC-6-7
3218016017838;M2-CC-6-7
3218016019702;M2-CC-6-7
3218016023051;M2-CC-6-7
3218016023105;M2-CC-6-7
3218016023143;M2-CC-6-7
3218016023174;M2-CC-6-7
3218016024256;M2-CC-6-7
3218016024508;M2-CC-6-7
3218016024621;M2-CC-6-7
3218016025079;M2-CC-6-7
3218016025215;M2-CC-6-7
3218016025635;M2-CC-6-7
3218016025840;M2-CC-6-7
3218016026052;M2-CC-6-7
3218016026939;M2-CC-6-7
3218016027707;M2-CC-6-7
3218016028704;M2-CC-6-7
3218016028858;M2-CC-6-7
3218016029008;M2-CC-6-7
3218016029053;M2-CC-6-7
3218016029152;M2-CC-6-7
3218016029206;M2-CC-6-7
3218016029701;M2-CC-6-7
3218016029718;M2-CC-6-7
3218016030509;M2-CC-6-7
3218017400288;M2-CC-6-7
3218017400943;M2-CC-6-7
3218017400974;M2-CC-6-7
3218017400981;M2-CC-6-7
3218017400998;M2-CC-6-7
3218017401032;M2-CC-6-7
3218017402022;M2-CC-6-7
3218017402046;M2-CC-6-7
3218017402053;M2-CC-6-7
3218017402114;M2-CC-6-7
3218017402145;M2-CC-6-7
3218017402305;M2-CC-6-7
3218017403401;M2-CC-6-7
3218017403548;M2-CC-6-7
3218017403555;M2-CC-6-7
3218017403562;M2-CC-6-7
3218017503248;M2-CC-6-7
3218017503590;M2-CC-6-7
3218017503606;M2-CC-6-7
3218019921033;M2-CC-6-7
3219510295272;M2-CC-6-7
3248810063076;M2-CC-6-7
3248810071668;M2-CC-6-7
3256224069775;M2-CC-6-7
3256224069782;M2-CC-6-7
3256224069799;M2-CC-6-7
3256224069805;M2-CC-6-7
3256224069812;M2-CC-6-7
3256224069898;M2-CC-6-7
3256224069904;M2-CC-6-7
3256224070061;M2-CC-6-7
3256224070078;M2-CC-6-7
3256224070085;M2-CC-6-7
3256226761288;M2-CC-6-7
3256226761295;M2-CC-6-7
3256226761318;M2-CC-6-7
3256226761325;M2-CC-6-7
3256226761332;M2-CC-6-7
3256226761349;M2-CC-6-7
3256226761356;M2-CC-6-7
3256226761363;M2-CC-6-7
3256226761370;M2-CC-6-7
3256226761400;M2-CC-6-7
3256226761417;M2-CC-6-7
3256226761424;M2-CC-6-7
3256226761431;M2-CC-6-7
3256226761455;M2-CC-6-7
3256226761479;M2-CC-6-7
3256226761486;M2-CC-6-7
3256226761493;M2-CC-6-7
3256226761523;M2-CC-6-7
3256226761530;M2-CC-6-7
3256226761547;M2-CC-6-7
3256226761554;M2-CC-6-7
3256226761561;M2-CC-6-7
3256226761585;M2-CC-6-7
3256226761592;M2-CC-6-7
3256226761608;M2-CC-6-7
3256226761615;M2-CC-6-7
3256226761622;M2-CC-6-7
3256226761639;M2-CC-6-7
3256226761653;M2-CC-6-7
3256226761677;M2-CC-6-7
3256227091513;M2-CC-6-7
3256227091575;M2-CC-6-7
3171851410076;M2-CC-6-8
3171851410083;M2-CC-6-8
3171852210033;M2-CC-6-8
3171854110003;M2-CC-6-8
3171854110027;M2-CC-6-8
3171854110034;M2-CC-6-8
3171854110041;M2-CC-6-8
3171857010089;M2-CC-6-8
3218010162022;M2-CC-6-8
3218010162602;M2-CC-6-8
3218010190704;M2-CC-6-8
3218010191718;M2-CC-6-8
3218010191756;M2-CC-6-8
3218010192692;M2-CC-6-8
3218010192722;M2-CC-6-8
3218010192760;M2-CC-6-8
3218010192814;M2-CC-6-8
3218010192944;M2-CC-6-8
3218010192975;M2-CC-6-8
3218010194023;M2-CC-6-8
3218010194054;M2-CC-6-8
3218010194108;M2-CC-6-8
3218010194153;M2-CC-6-8
3218011701022;M2-CC-6-8
3218011702326;M2-CC-6-8
3218011704221;M2-CC-6-8
3218011704610;M2-CC-6-8
3218011704726;M2-CC-6-8
3218011706003;M2-CC-6-8
3218011706034;M2-CC-6-8
3218011708175;M2-CC-6-8
3218011709110;M2-CC-6-8
3218011718112;M2-CC-6-8
3218011719041;M2-CC-6-8
3218011719065;M2-CC-6-8
3218011719508;M2-CC-6-8
3218011722362;M2-CC-6-8
3218011727107;M2-CC-6-8
3218011727329;M2-CC-6-8
3218011727824;M2-CC-6-8
3218011728135;M2-CC-6-8
3218011728142;M2-CC-6-8
3218011728180;M2-CC-6-8
3218011728197;M2-CC-6-8
3218011728227;M2-CC-6-8
3218011728326;M2-CC-6-8
3218011728333;M2-CC-6-8
3218011740014;M2-CC-6-8
3218011740052;M2-CC-6-8
3218011740106;M2-CC-6-8
3218011740120;M2-CC-6-8
3218011740397;M2-CC-6-8
3218011740410;M2-CC-6-8
3218011740632;M2-CC-6-8
3218011741998;M2-CC-6-8
3218011752000;M2-CC-6-8
3218011771582;M2-CC-6-8
3218016005200;M2-CC-6-8
3218016005231;M2-CC-6-8
3218016005675;M2-CC-6-8
3218016005903;M2-CC-6-8
3218016005927;M2-CC-6-8
3218016011355;M2-CC-6-8
3218017400301;M2-CC-6-8
3218017400387;M2-CC-6-8
3218017500315;M2-CC-6-8
3218019593896;M2-CC-6-8
3218019920111;M2-CC-6-8
3256224069829;M2-CC-6-8
3256224069836;M2-CC-6-8
3256224069850;M2-CC-6-8
3256224069867;M2-CC-6-8
3256224069874;M2-CC-6-8
3256224069881;M2-CC-6-8
3256224069911;M2-CC-6-8
3256224069928;M2-CC-6-8
3256224069935;M2-CC-6-8
3256224069942;M2-CC-6-8
3256224069959;M2-CC-6-8
3256224069966;M2-CC-6-8
3256224069973;M2-CC-6-8
3256224069980;M2-CC-6-8
3256224070016;M2-CC-6-8
3256224070023;M2-CC-6-8
3256224070054;M2-CC-6-8
3256226761691;M2-CC-6-8
3256226761707;M2-CC-6-8
3256226761714;M2-CC-6-8
3256226761721;M2-CC-6-8
3256226761738;M2-CC-6-8
3256226761769;M2-CC-6-8
3256226761776;M2-CC-6-8
3256226761783;M2-CC-6-8
3256226761790;M2-CC-6-8
3256226761806;M2-CC-6-8
3256226761813;M2-CC-6-8
3443440290117;M2-CC-6-8
3520190092922;M2-CC-6-8
3520190093189;M2-CC-6-8
3520190925503;M2-CC-6-8
3520190931238;M2-CC-6-8
3520190932570;M2-CC-6-8
3520190932754;M2-CC-6-8
3520190932815;M2-CC-6-8
3520190940544;M2-CC-6-8
3520190942340;M2-CC-6-8
3520190942357;M2-CC-6-8
3520190942395;M2-CC-6-8
3520190942425;M2-CC-6-8
3520190942432;M2-CC-6-8
3520190942562;M2-CC-6-8
3104739161500;M2-CC-6-9
3177800254067;M2-CC-6-9
3177800254074;M2-CC-6-9
3177800254128;M2-CC-6-9
3177802415459;M2-CC-6-9
3178040189225;M2-CC-6-9
3178040189263;M2-CC-6-9
3178040212558;M2-CC-6-9
3178040278714;M2-CC-6-9
3178040323629;M2-CC-6-9
3178040333772;M2-CC-6-9
3178040380622;M2-CC-6-9
3178040486683;M2-CC-6-9
3178040572225;M2-CC-6-9
3178040648524;M2-CC-6-9
3178040650787;M2-CC-6-9
3178040660502;M2-CC-6-9
3178040667402;M2-CC-6-9
3178040674561;M2-CC-6-9
3178040698284;M2-CC-6-9
3178041304450;M2-CC-6-9
3178041305488;M2-CC-6-9
3178041305860;M2-CC-6-9
3178041305877;M2-CC-6-9
3178041305884;M2-CC-6-9
3178041310611;M2-CC-6-9
3178041310628;M2-CC-6-9
3178041312462;M2-CC-6-9
3178041314190;M2-CC-6-9
3178041318310;M2-CC-6-9
3178041318693;M2-CC-6-9
3178041331852;M2-CC-6-9
3178041332002;M2-CC-6-9
3178041336994;M2-CC-6-9
3178041362382;M2-CC-6-9
3178046662517;M2-CC-6-9
3184410212400;M2-CC-6-9
3184410212844;M2-CC-6-9
3184410443637;M2-CC-6-9
3184410467008;M2-CC-6-9
3184410470114;M2-CC-6-9
3255460144444;M2-CC-6-9
3255460146509;M2-CC-6-9
3255460156607;M2-CC-6-9
3255460161106;M2-CC-6-9
3255460193893;M2-CC-6-9
3256226114152;M2-CC-6-9
3256226114299;M2-CC-6-9
3256226114312;M2-CC-6-9
3256226114329;M2-CC-6-9
3256226114343;M2-CC-6-9
3283988151439;M2-CC-6-9
3283988294099;M2-CC-6-9
3435390610053;M2-CC-6-9
3435390610060;M2-CC-6-9
3435390610077;M2-CC-6-9
3435390610107;M2-CC-6-9
3435390610121;M2-CC-6-9
3549212483937;M2-CC-6-9
4015000417228;M2-CC-6-9
4015000417310;M2-CC-6-9
4015000417327;M2-CC-6-9
4015000417471;M2-CC-6-9
4015000433259;M2-CC-6-9
4026700346558;M2-CC-6-9
4026700364958;M2-CC-6-9
4026700369403;M2-CC-6-9
4026700412055;M2-CC-6-9
5410091260408;M2-CC-6-9
5410091260415;M2-CC-6-9
5410091262204;M2-CC-6-9
5410091262549;M2-CC-6-9
5410091323455;M2-CC-6-9
3256225057863;M2-CC-7-1
3355662200037;M2-CC-7-1
3355662200129;M2-CC-7-1
3417068800010;M2-CC-7-1
3760045336072;M2-CC-7-1
3760045337000;M2-CC-7-1
3760167700140;M2-CC-7-1
3760167707828;M2-CC-7-1
3175980090802;M2-CC-7-10
3221320074275;M2-CC-7-10
3221320088005;M2-CC-7-10
3221320088012;M2-CC-7-10
3221320088029;M2-CC-7-10
3221320088043;M2-CC-7-10
3221320088050;M2-CC-7-10
3221320088067;M2-CC-7-10
3221320088081;M2-CC-7-10
3221320088098;M2-CC-7-10
3221320088104;M2-CC-7-10
3221320088166;M2-CC-7-10
3221320088807;M2-CC-7-10
3221320088883;M2-CC-7-10
3221320088890;M2-CC-7-10
3221320094150;M2-CC-7-10
3221320094167;M2-CC-7-10
3221320094402;M2-CC-7-10
3221320094419;M2-CC-7-10
3221320094426;M2-CC-7-10
3221320094433;M2-CC-7-10
3221320094440;M2-CC-7-10
3221320094457;M2-CC-7-10
3221320094501;M2-CC-7-10
3221320094518;M2-CC-7-10
3221320094532;M2-CC-7-10
3221320094549;M2-CC-7-10
3221320094556;M2-CC-7-10
3221320094563;M2-CC-7-10
3221320094624;M2-CC-7-10
3221320094648;M2-CC-7-10
3221320094686;M2-CC-7-10
3221320094693;M2-CC-7-10
3221320094792;M2-CC-7-10
3221320094815;M2-CC-7-10
3221320094822;M2-CC-7-10
3221320094860;M2-CC-7-10
3221320110058;M2-CC-7-10
3221320110102;M2-CC-7-10
3221320110126;M2-CC-7-10
3221320110133;M2-CC-7-10
3221320110652;M2-CC-7-10
3221320110904;M2-CC-7-10
3221320110911;M2-CC-7-10
3221320110928;M2-CC-7-10
3221320112113;M2-CC-7-10
3221320112137;M2-CC-7-10
3221320112267;M2-CC-7-10
3221320112328;M2-CC-7-10
3221320112342;M2-CC-7-10
3221320112618;M2-CC-7-10
3221320200124;M2-CC-7-10
3221320701508;M2-CC-7-10
3221320701522;M2-CC-7-10
3221320701539;M2-CC-7-10
3221320701720;M2-CC-7-10
3221320702819;M2-CC-7-10
3221320702833;M2-CC-7-10
3221320703021;M2-CC-7-10
3221321901068;M2-CC-7-10
3221321901075;M2-CC-7-10
3221321901815;M2-CC-7-10
3221321901907;M2-CC-7-10
3221321901914;M2-CC-7-10
3221321901921;M2-CC-7-10
3221321901938;M2-CC-7-10
3221321901945;M2-CC-7-10
3221321903901;M2-CC-7-10
3221321903925;M2-CC-7-10
3221321904007;M2-CC-7-10
3221321904014;M2-CC-7-10
3221321904106;M2-CC-7-10
3221321904113;M2-CC-7-10
3221321904120;M2-CC-7-10
3221321904137;M2-CC-7-10
3221321904205;M2-CC-7-10
3221321904212;M2-CC-7-10
3221321907046;M2-CC-7-10
3221321907169;M2-CC-7-10
3221321940029;M2-CC-7-10
3221325060211;M2-CC-7-10
3221325515544;M2-CC-7-10
3256224059158;M2-CC-7-10
3256224059165;M2-CC-7-10
3256224059172;M2-CC-7-10
3256227459184;M2-CC-7-10
3256227459207;M2-CC-7-10
3256227459214;M2-CC-7-10
3256227459221;M2-CC-7-10
3256227459238;M2-CC-7-10
3256228972255;M2-CC-7-10
3256228972262;M2-CC-7-10
3507020013999;M2-CC-7-10
3760242644529;M2-CC-7-10
5038580004281;M2-CC-7-10
5038580005684;M2-CC-7-10
5038580059755;M2-CC-7-10
7612720201112;M2-CC-7-10
7612720201136;M2-CC-7-10
7612720201235;M2-CC-7-10
7612720201419;M2-CC-7-10
7612720201624;M2-CC-7-10
7612720201914;M2-CC-7-10
7612720841042;M2-CC-7-10
7612720841219;M2-CC-7-10
7612720841738;M2-CC-7-10
7612720841844;M2-CC-7-10
3221320061428;M2-CC-7-11
3221320061442;M2-CC-7-11
3221320061459;M2-CC-7-11
3221320061473;M2-CC-7-11
3221320061503;M2-CC-7-11
3221320061602;M2-CC-7-11
3221320061619;M2-CC-7-11
3221320061633;M2-CC-7-11
3221320061664;M2-CC-7-11
3221320091609;M2-CC-7-11
3221320091616;M2-CC-7-11
3221320091623;M2-CC-7-11
3221320091630;M2-CC-7-11
3221320091647;M2-CC-7-11
3221320091654;M2-CC-7-11
3221320091661;M2-CC-7-11
3221320091685;M2-CC-7-11
3221320091692;M2-CC-7-11
3221320091708;M2-CC-7-11
3221320091722;M2-CC-7-11
3221320092149;M2-CC-7-11
3221320092194;M2-CC-7-11
3221320092217;M2-CC-7-11
3221320092927;M2-CC-7-11
3221320094471;M2-CC-7-11
3221320094488;M2-CC-7-11
3221320094495;M2-CC-7-11
3221320094754;M2-CC-7-11
3221320094778;M2-CC-7-11
3221320094785;M2-CC-7-11
3221320112465;M2-CC-7-11
3221320200025;M2-CC-7-11
3221320200032;M2-CC-7-11
3221320200049;M2-CC-7-11
3221320200056;M2-CC-7-11
3221320200254;M2-CC-7-11
3221320200322;M2-CC-7-11
3221320200339;M2-CC-7-11
3221321905004;M2-CC-7-11
3256224059073;M2-CC-7-11
3256224059097;M2-CC-7-11
3256224059110;M2-CC-7-11
3256224059134;M2-CC-7-11
3256224059141;M2-CC-7-11
3256226096304;M2-CC-7-11
3256226096311;M2-CC-7-11
3256226097400;M2-CC-7-11
3256226385347;M2-CC-7-11
3256226402457;M2-CC-7-11
3256227459191;M2-CC-7-11
3256228972446;M2-CC-7-11
3760045330100;M2-CC-7-2
3760045330162;M2-CC-7-2
3760045330216;M2-CC-7-2
3760045330223;M2-CC-7-2
3760045330230;M2-CC-7-2
3760045331121;M2-CC-7-2
3760045339639;M2-CC-7-2
3138520016793;M2-CC-7-3
3138520016847;M2-CC-7-3
3138520016885;M2-CC-7-3
3138520283072;M2-CC-7-3
3138522069179;M2-CC-7-3
3138522110444;M2-CC-7-3
3138522128111;M2-CC-7-3
3138522128135;M2-CC-7-3
3178040668621;M2-CC-7-3
3178040668645;M2-CC-7-3
3178040677739;M2-CC-7-3
3178040677760;M2-CC-7-3
3178041303989;M2-CC-7-3
3178041303996;M2-CC-7-3
3178041320665;M2-CC-7-3
3178041357449;M2-CC-7-3
3178041357531;M2-CC-7-3
3178041365567;M2-CC-7-3
3178041367110;M2-CC-7-3
3240211008847;M2-CC-7-3
3240211008878;M2-CC-7-3
3240211009127;M2-CC-7-3
3240211009615;M2-CC-7-3
3240211009622;M2-CC-7-3
3256220065276;M2-CC-7-3
3256220173766;M2-CC-7-3
3256220173773;M2-CC-7-3
3256220173780;M2-CC-7-3
3256221960396;M2-CC-7-3
3256221960471;M2-CC-7-3
3256222976389;M2-CC-7-3
3256225048847;M2-CC-7-3
3256225791750;M2-CC-7-3
3256225791781;M2-CC-7-3
3256225791798;M2-CC-7-3
3256226388119;M2-CC-7-3
3256227461972;M2-CC-7-3
3256227547058;M2-CC-7-3
3256227904042;M2-CC-7-3
3700124900183;M2-CC-7-3
3700124900602;M2-CC-7-3
8008004071097;M2-CC-7-3
8008004100834;M2-CC-7-3
8710315000443;M2-CC-7-3
8710315030723;M2-CC-7-3
8710315995299;M2-CC-7-3
3256223683873;M2-CC-7-4
3256223683880;M2-CC-7-4
3256223683897;M2-CC-7-4
3256223683903;M2-CC-7-4
3256223683910;M2-CC-7-4
3256223683927;M2-CC-7-4
3256223683934;M2-CC-7-4
3256223683958;M2-CC-7-4
3256223683972;M2-CC-7-4
3256223684047;M2-CC-7-4
3256223684054;M2-CC-7-4
3256223684061;M2-CC-7-4
3256223684078;M2-CC-7-4
3256226096267;M2-CC-7-4
3256226096274;M2-CC-7-4
3256227459252;M2-CC-7-4
3256227459269;M2-CC-7-4
3425901106724;M2-CC-7-4
3425901106748;M2-CC-7-4
3425901106762;M2-CC-7-4
3425901107653;M2-CC-7-4
3425901107899;M2-CC-7-4
3425901108001;M2-CC-7-4
3425901108018;M2-CC-7-4
3425901108667;M2-CC-7-4
3425901108698;M2-CC-7-4
3425901108728;M2-CC-7-4
3425901108889;M2-CC-7-4
3425901109114;M2-CC-7-4
3425901109138;M2-CC-7-4
3425901109145;M2-CC-7-4
3425901110714;M2-CC-7-4
3425901110806;M2-CC-7-4
3425901110813;M2-CC-7-4
3425901148243;M2-CC-7-4
3425901148410;M2-CC-7-4
3540709000880;M2-CC-7-4
3540709100177;M2-CC-7-4
3660992022991;M2-CC-7-4
3256223683941;M2-CC-7-5
3256223683965;M2-CC-7-5
3256223683996;M2-CC-7-5
3256223684009;M2-CC-7-5
3256223684016;M2-CC-7-5
3256223684023;M2-CC-7-5
3256223684030;M2-CC-7-5
3256226096281;M2-CC-7-5
3293491933033;M2-CC-7-5
3293491935631;M2-CC-7-5
3425901106717;M2-CC-7-5
3425901106731;M2-CC-7-5
3425901106755;M2-CC-7-5
3425901107790;M2-CC-7-5
3425901107837;M2-CC-7-5
3425901107844;M2-CC-7-5
3425901107851;M2-CC-7-5
3425901107868;M2-CC-7-5
3425901107875;M2-CC-7-5
3425901107882;M2-CC-7-5
3425901107929;M2-CC-7-5
3425901107943;M2-CC-7-5
3425901108315;M2-CC-7-5
3425901108711;M2-CC-7-5
3425901108902;M2-CC-7-5
3425901109121;M2-CC-7-5
3425901109244;M2-CC-7-5
3425901110561;M2-CC-7-5
3425901110707;M2-CC-7-5
3425901110905;M2-CC-7-5
3165141079630;M2-CC-7-6
3165141154689;M2-CC-7-6
3165141250756;M2-CC-7-6
3165141250787;M2-CC-7-6
3165141250794;M2-CC-7-6
3165141275483;M2-CC-7-6
3165141465105;M2-CC-7-6
3165143250815;M2-CC-7-6
3165143314739;M2-CC-7-6
3165143539309;M2-CC-7-6
3221320050002;M2-CC-7-6
3221320050019;M2-CC-7-6
3221320050217;M2-CC-7-6
3221320050408;M2-CC-7-6
3221320060025;M2-CC-7-6
3221320060049;M2-CC-7-6
3221320060056;M2-CC-7-6
3221320060063;M2-CC-7-6
3221320060070;M2-CC-7-6
3221320060087;M2-CC-7-6
3221320060094;M2-CC-7-6
3221320060100;M2-CC-7-6
3221320060124;M2-CC-7-6
3221320060148;M2-CC-7-6
3221320060155;M2-CC-7-6
3221320060179;M2-CC-7-6
3221320060223;M2-CC-7-6
3221320060230;M2-CC-7-6
3221320060247;M2-CC-7-6
3221320060278;M2-CC-7-6
3221320060308;M2-CC-7-6
3221320060421;M2-CC-7-6
3221320060438;M2-CC-7-6
3221320060605;M2-CC-7-6
3221320060612;M2-CC-7-6
3221320060629;M2-CC-7-6
3221320060803;M2-CC-7-6
3221320060827;M2-CC-7-6
3221320060834;M2-CC-7-6
3221320061015;M2-CC-7-6
3221320061022;M2-CC-7-6
3221320061077;M2-CC-7-6
3221320061084;M2-CC-7-6
3221322120222;M2-CC-7-6
3221322120239;M2-CC-7-6
3221322334162;M2-CC-7-6
3221322334179;M2-CC-7-6
3221322740420;M2-CC-7-6
3221323000080;M2-CC-7-6
3221323000103;M2-CC-7-6
3221323000141;M2-CC-7-6
3221323000165;M2-CC-7-6
3221323000172;M2-CC-7-6
3221323001032;M2-CC-7-6
3221323006075;M2-CC-7-6
3256224059196;M2-CC-7-6
3256224059202;M2-CC-7-6
3256227459177;M2-CC-7-6
3306430000014;M2-CC-7-6
3306430000045;M2-CC-7-6
3306430000052;M2-CC-7-6
3306430000137;M2-CC-7-6
3306430000236;M2-CC-7-6
3306437037044;M2-CC-7-6
3425901111070;M2-CC-7-6
4047023121387;M2-CC-7-6
4047023121424;M2-CC-7-6
4047024603745;M2-CC-7-6
4047024647077;M2-CC-7-6
4047024647107;M2-CC-7-6
4047024647114;M2-CC-7-6
4047024647121;M2-CC-7-6
4047024685406;M2-CC-7-6
4047024749023;M2-CC-7-6
4047024749030;M2-CC-7-6
4047024886353;M2-CC-7-6
4047024886377;M2-CC-7-6
4047024886414;M2-CC-7-6
4047024886421;M2-CC-7-6
4047025020169;M2-CC-7-6
5010218004436;M2-CC-7-6
5010218330801;M2-CC-7-6
3165141228670;M2-CC-7-7
3165141228793;M2-CC-7-7
3165143241721;M2-CC-7-7
3165143241769;M2-CC-7-7
3165143586389;M2-CC-7-7
3221320050651;M2-CC-7-7
3221320050682;M2-CC-7-7
3221321037309;M2-CC-7-7
3221321127437;M2-CC-7-7
3221321127475;M2-CC-7-7
3221321127529;M2-CC-7-7
3221321227335;M2-CC-7-7
3221321227342;M2-CC-7-7
3221321227359;M2-CC-7-7
3221321227601;M2-CC-7-7
3221321227618;M2-CC-7-7
3221321323020;M2-CC-7-7
3221321323037;M2-CC-7-7
3221321323099;M2-CC-7-7
3221321323129;M2-CC-7-7
3221321323211;M2-CC-7-7
3221321323235;M2-CC-7-7
3221321323242;M2-CC-7-7
3221321323259;M2-CC-7-7
3221321323266;M2-CC-7-7
3221321323273;M2-CC-7-7
3221321323280;M2-CC-7-7
3221324636004;M2-CC-7-7
3221324636011;M2-CC-7-7
3221324636073;M2-CC-7-7
3221325402042;M2-CC-7-7
3221325402059;M2-CC-7-7
3221325403162;M2-CC-7-7
3221325403179;M2-CC-7-7
3221325403339;M2-CC-7-7
3221325510310;M2-CC-7-7
3221325510327;M2-CC-7-7
3221325510457;M2-CC-7-7
3221325528766;M2-CC-7-7
3221325539069;M2-CC-7-7
3221325539854;M2-CC-7-7
3221325539861;M2-CC-7-7
3221325539878;M2-CC-7-7
3221326800182;M2-CC-7-7
3221326800212;M2-CC-7-7
3221326800229;M2-CC-7-7
3221326800267;M2-CC-7-7
3221326800304;M2-CC-7-7
3221326800410;M2-CC-7-7
3221326800458;M2-CC-7-7
3221326852013;M2-CC-7-7
3221326852051;M2-CC-7-7
3221326852075;M2-CC-7-7
3221326852082;M2-CC-7-7
3256228033314;M2-CC-7-7
3256228033376;M2-CC-7-7
3256228033406;M2-CC-7-7
3256228033468;M2-CC-7-7
3256228033482;M2-CC-7-7
3256228033499;M2-CC-7-7
3256228033505;M2-CC-7-7
3256228033598;M2-CC-7-7
3256229529472;M2-CC-7-7
3256229530256;M2-CC-7-7
3256229530379;M2-CC-7-7
3284939051341;M2-CC-7-7
3561868911268;M2-CC-7-7
3664944310174;M2-CC-7-7
4015962774001;M2-CC-7-7
4015962774100;M2-CC-7-7
4047023479297;M2-CC-7-7
4047023479310;M2-CC-7-7
4047023479372;M2-CC-7-7
4047023479389;M2-CC-7-7
4047023479549;M2-CC-7-7
4047023479594;M2-CC-7-7
4047024448100;M2-CC-7-7
4047024448117;M2-CC-7-7
4047024716698;M2-CC-7-7
4047024886407;M2-CC-7-7
4047026554144;M2-CC-7-7
3221320110379;M2-CC-7-8
3221320113035;M2-CC-7-8
3221321651413;M2-CC-7-8
3284936481011;M2-CC-7-8
3284936481035;M2-CC-7-8
3284936481042;M2-CC-7-8
3284936481059;M2-CC-7-8
3284936481066;M2-CC-7-8
3284936481073;M2-CC-7-8
3284936481080;M2-CC-7-8
3284936481097;M2-CC-7-8
3284936481103;M2-CC-7-8
3284936481110;M2-CC-7-8
3284936482018;M2-CC-7-8
3284936482025;M2-CC-7-8
3284936482032;M2-CC-7-8
4047024079090;M2-CC-7-8
4047024079106;M2-CC-7-8
4047024079113;M2-CC-7-8
4047024079120;M2-CC-7-8
4047024079137;M2-CC-7-8
4047024079144;M2-CC-7-8
4047024079168;M2-CC-7-8
4047024079212;M2-CC-7-8
4047024079250;M2-CC-7-8
4047024079304;M2-CC-7-8
4047024079380;M2-CC-7-8
4047024079403;M2-CC-7-8
4047024081956;M2-CC-7-8
4047024295858;M2-CC-7-8
4047025098786;M2-CC-7-8
4047025137508;M2-CC-7-8
4047025137515;M2-CC-7-8
4047025137522;M2-CC-7-8
4047025137539;M2-CC-7-8
4047025137546;M2-CC-7-8
4047025137553;M2-CC-7-8
4047025137560;M2-CC-7-8
4047025137577;M2-CC-7-8
4047025137591;M2-CC-7-8
4047025137607;M2-CC-7-8
4047025137614;M2-CC-7-8
4047025137638;M2-CC-7-8
3221320051016;M2-CC-7-9
3221320073384;M2-CC-7-9
3221320073391;M2-CC-7-9
3221320073667;M2-CC-7-9
3221320074343;M2-CC-7-9
3221320074367;M2-CC-7-9
3221320075739;M2-CC-7-9
3221320090718;M2-CC-7-9
3221320090732;M2-CC-7-9
3221320090770;M2-CC-7-9
3221320090800;M2-CC-7-9
3221320090817;M2-CC-7-9
3221320090824;M2-CC-7-9
3221320095355;M2-CC-7-9
3221321614517;M2-CC-7-9
3221321651369;M2-CC-7-9
3221321651567;M2-CC-7-9
3221321678557;M2-CC-7-9
3221321678755;M2-CC-7-9
3221324075001;M2-CC-7-9
3221324632419;M2-CC-7-9
3221324632570;M2-CC-7-9
3221324632648;M2-CC-7-9
3221324831805;M2-CC-7-9
3221324833120;M2-CC-7-9
3221324833304;M2-CC-7-9
3221324836718;M2-CC-7-9
3221324836725;M2-CC-7-9
3221324836756;M2-CC-7-9
3221324850226;M2-CC-7-9
3221325401199;M2-CC-7-9
3221325403155;M2-CC-7-9
3221325403193;M2-CC-7-9
3221325403209;M2-CC-7-9
3221325403223;M2-CC-7-9
3221325536105;M2-CC-7-9
3221325537003;M2-CC-7-9
3221325537058;M2-CC-7-9
3221325537089;M2-CC-7-9
3221325539007;M2-CC-7-9
3221325539014;M2-CC-7-9
3221325539021;M2-CC-7-9
3221325539038;M2-CC-7-9
3221325539113;M2-CC-7-9
3221325539229;M2-CC-7-9
3382140073487;M2-CC-7-9
3225280807300;M2-CC-8-1
3225280821801;M2-CC-8-1
3225280821900;M2-CC-8-1
3225280823201;M2-CC-8-1
3225280824109;M2-CC-8-1
3225280859200;M2-CC-8-1
3437015041839;M2-CC-8-1
3437017029682;M2-CC-8-1
3437017031005;M2-CC-8-1
3437018013178;M2-CC-8-1
3437018013260;M2-CC-8-1
3437018032971;M2-CC-8-1
3437019009651;M2-CC-8-1
3700476001286;M2-CC-8-1
3700476001774;M2-CC-8-1
3700476020706;M2-CC-8-1
3760147600019;M2-CC-8-1
4003046004519;M2-CC-8-1
5010993484096;M2-CC-8-1
5010993948444;M2-CC-8-1
3032163601753;M2-CC-8-10
3437012232544;M2-CC-8-10
3437012233145;M2-CC-8-10
3467452068106;M2-CC-8-10
3467452068144;M2-CC-8-10
4006333059247;M2-CC-8-10
8410788910088;M2-CC-8-10
0778988559444;M2-CC-8-11
0884978311203;M2-CC-8-11
0884978311210;M2-CC-8-11
3417765513053;M2-CC-8-11
3437012029489;M2-CC-8-11
3437012031840;M2-CC-8-11
3437012126881;M2-CC-8-11
3437012127192;M2-CC-8-11
3437019024982;M2-CC-8-11
3700802101529;M2-CC-8-11
4005556261581;M2-CC-8-11
4005556261796;M2-CC-8-11
4005556275977;M2-CC-8-11
4005556276233;M2-CC-8-11
4006333080883;M2-CC-8-11
4894680021341;M2-CC-8-11
4894680021365;M2-CC-8-11
0090159820567;M2-CC-8-12
0090159823025;M2-CC-8-12
3437012028864;M2-CC-8-12
3437012127147;M2-CC-8-12
3437012127543;M2-CC-8-12
3437012232360;M2-CC-8-12
3467452046470;M2-CC-8-12
4008332300450;M2-CC-8-12
4008332301426;M2-CC-8-12
4891813202608;M2-CC-8-12
4891813212515;M2-CC-8-12
4891813846567;M2-CC-8-12
4891813880929;M2-CC-8-12
4893933960451;M2-CC-8-12
8001011636044;M2-CC-8-12
0071662074531;M2-CC-8-2
0778988268575;M2-CC-8-2
3028760480495;M2-CC-8-2
3154149041015;M2-CC-8-2
3154149070213;M2-CC-8-2
3181860310069;M2-CC-8-2
3437012035831;M2-CC-8-2
4005556180288;M2-CC-8-2
4005556181421;M2-CC-8-2
4005556185405;M2-CC-8-2
4005556186280;M2-CC-8-2
4005556240111;M2-CC-8-2
5010994169008;M2-CC-8-2
8005125522026;M2-CC-8-2
8720077212060;M2-CC-8-2
3028760416371;M2-CC-8-3
3181860230152;M2-CC-8-3
3181860230183;M2-CC-8-3
3555801286025;M2-CC-8-3
3555801423338;M2-CC-8-3
3555801630040;M2-CC-8-3
3700476011353;M2-CC-8-3
8005125522620;M2-CC-8-3
8005125525607;M2-CC-8-3
8711808832190;M2-CC-8-3
8711808832541;M2-CC-8-3
8711808833302;M2-CC-8-3
8720077181465;M2-CC-8-3
3032163121039;M2-CC-8-4
3181860179031;M2-CC-8-4
3262190415003;M2-CC-8-4
3280250016861;M2-CC-8-4
3373910045001;M2-CC-8-4
3437012127635;M2-CC-8-4
3700802102007;M2-CC-8-4
3700802103103;M2-CC-8-4
3700994304883;M2-CC-8-4
3700994305156;M2-CC-8-4
3760062017251;M2-CC-8-4
4005556096596;M2-CC-8-4
4006592064310;M2-CC-8-4
8005125521074;M2-CC-8-4
8005125522637;M2-CC-8-4
8005125522835;M2-CC-8-4
8005125523474;M2-CC-8-4
8005125930234;M2-CC-8-4
8056379081128;M2-CC-8-4
0628136606943;M2-CC-8-5
0628136653169;M2-CC-8-5
0628136653282;M2-CC-8-5
0628136655187;M2-CC-8-5
3437012237990;M2-CC-8-5
3437019025057;M2-CC-8-5
4005556070114;M2-CC-8-5
4005556093908;M2-CC-8-5
4005556109807;M2-CC-8-5
4005556145003;M2-CC-8-5
4005556866908;M2-CC-8-5
8005125081073;M2-CC-8-5
8005125350582;M2-CC-8-5
8005125522521;M2-CC-8-5
8005125523153;M2-CC-8-5
8005125624874;M2-CC-8-5
8005125625437;M2-CC-8-5
8412668157675;M2-CC-8-5
0681147036345;M2-CC-8-6
3296580428007;M2-CC-8-6
3417761636053;M2-CC-8-6
3417761636756;M2-CC-8-6
3417761707050;M2-CC-8-6
3417761938058;M2-CC-8-6
3417761938355;M2-CC-8-6
3417761963050;M2-CC-8-6
3417761963555;M2-CC-8-6
3417765022494;M2-CC-8-6
3417765185557;M2-CC-8-6
3417765185656;M2-CC-8-6
3417765193057;M2-CC-8-6
3417765200557;M2-CC-8-6
3417765204050;M2-CC-8-6
3417765204852;M2-CC-8-6
3417765248054;M2-CC-8-6
3417765248559;M2-CC-8-6
3417765318856;M2-CC-8-6
3417765465550;M2-CC-8-6
3417766080059;M2-CC-8-6
3437012127383;M2-CC-8-6
3555801423345;M2-CC-8-6
3664944281351;M2-CC-8-6
3700514306373;M2-CC-8-6
3700802104223;M2-CC-8-6
4005556007820;M2-CC-8-6
4891813886006;M2-CC-8-6
5011666065550;M2-CC-8-6
5011666732582;M2-CC-8-6
8005125524501;M2-CC-8-6
4008789091000;M2-CC-8-7
4008789093233;M2-CC-8-7
4008789703781;M2-CC-8-7
4008789705785;M2-CC-8-7
4008789708083;M2-CC-8-7
4008789708267;M2-CC-8-7
4008789708274;M2-CC-8-7
4008789709059;M2-CC-8-7
4008789709332;M2-CC-8-7
4008789709851;M2-CC-8-7
4008789709981;M2-CC-8-7
4008789711601;M2-CC-8-7
3437012027584;M2-CC-8-8
3437012029571;M2-CC-8-8
3437012030393;M2-CC-8-8
3437012031826;M2-CC-8-8
3437012126935;M2-CC-8-8
3437012127109;M2-CC-8-8
3437012127215;M2-CC-8-8
3437012127567;M2-CC-8-8
3437012232551;M2-CC-8-8
3437012232568;M2-CC-8-8
3437019026641;M2-CC-8-8
4001702009540;M2-CC-8-8
4001702010263;M2-CC-8-8
4001702010300;M2-CC-8-8
4001702030513;M2-CC-8-8
4006333080678;M2-CC-8-8
0093577161434;M2-CC-8-9
0715843157599;M2-CC-8-9
3437012029441;M2-CC-8-9
3437012126249;M2-CC-8-9
3437012126928;M2-CC-8-9
3437012127154;M2-CC-8-9
3437015025495;M2-CC-8-9
3437018033305;M2-CC-8-9
3467452062579;M2-CC-8-9
4001702010034;M2-CC-8-9
4001702010225;M2-CC-8-9
4001702030469;M2-CC-8-9
4001702030957;M2-CC-8-9
4001702034856;M2-CC-8-9
0090159154280;M2-CC-9-2
0090159311010;M2-CC-9-2
0090159313007;M2-CC-9-2
0093577320930;M2-CC-9-2
0093577513936;M2-CC-9-2
0887961991451;M2-CC-9-2
3437012001287;M2-CC-9-2
3467452035856;M2-CC-9-2
3467452042632;M2-CC-9-2
3467452051559;M2-CC-9-2
3467452061572;M2-CC-9-2
3467452065464;M2-CC-9-2
3467452065488;M2-CC-9-2
3467452070512;M2-CC-9-2
3551093191511;M2-CC-9-2
3551093192518;M2-CC-9-2
4891761196639;M2-CC-9-2
4893993300099;M2-CC-9-2
4893993300129;M2-CC-9-2
4893993304509;M2-CC-9-2
4893993314003;M2-CC-9-2
4893993316328;M2-CC-9-2
4893993321025;M2-CC-9-2
4893993510702;M2-CC-9-2
5050841713411;M2-CC-9-2
8001011531332;M2-CC-9-2
8001011531387;M2-CC-9-2
8001011531516;M2-CC-9-2
8001011531660;M2-CC-9-2
8001011531677;M2-CC-9-2
0090159310211;M2-CC-9-3
0194735034123;M2-CC-9-3
0630996416679;M2-CC-9-3
0778988191330;M2-CC-9-3
0887961583823;M2-CC-9-3
0887961607512;M2-CC-9-3
0887961943757;M2-CC-9-3
3181860598603;M2-CC-9-3
3437012029243;M2-CC-9-3
3437012127130;M2-CC-9-3
3467452066317;M2-CC-9-3
3663506010040;M2-CC-9-3
3663506010422;M2-CC-9-3
3663506011580;M2-CC-9-3
3663506016905;M2-CC-9-3
3700802101611;M2-CC-9-3
3700802102694;M2-CC-9-3
4893993220007;M2-CC-9-3
5010993467129;M2-CC-9-3
8001011634552;M2-CC-9-3
8410779101914;M2-CC-9-3
3437012011057;M2-CC-9-4
4891813880592;M2-CC-9-4
4891813880677;M2-CC-9-4
5010993716289;M2-CC-9-4
5010993725038;M2-CC-9-4
5010993732319;M2-CC-9-4
5010993874965;M2-CC-9-4
6946441306100;M2-CC-9-4
0045496428570;M2-CC-9-5
0045496431686;M2-CC-9-5
0045496431693;M2-CC-9-5
0045496453596;M2-CC-9-5
0045496453657;M2-CC-9-5
0045496472474;M2-CC-9-5
0045496473129;M2-CC-9-5
0045496475123;M2-CC-9-5
0045496476472;M2-CC-9-5
0045496477042;M2-CC-9-5
0045496477189;M2-CC-9-5
0045496478568;M2-CC-9-5
0045496478650;M2-CC-9-5
0045496478735;M2-CC-9-5
0045496479015;M2-CC-9-5
0045496479220;M2-CC-9-5
0045496479398;M2-CC-9-5
0045496479480;M2-CC-9-5
0045496479633;M2-CC-9-5
0045496479794;M2-CC-9-5
0045496479886;M2-CC-9-5
0045496479954;M2-CC-9-5
0045496511173;M2-CC-9-5
0045496512156;M2-CC-9-5
0045496512514;M2-CC-9-5
0045496512613;M2-CC-9-5
0045496520250;M2-CC-9-5
0045496524012;M2-CC-9-5
0617885006210;M2-CC-9-5
0617885023941;M2-CC-9-5
0617885039416;M2-CC-9-5
0617885050916;M2-CC-9-5
0663293112074;M2-CC-9-5
0663293112456;M2-CC-9-5
0663293112753;M2-CC-9-5
0711719423294;M2-CC-9-5
0711719423898;M2-CC-9-5
0711719424994;M2-CC-9-5
0711719454113;M2-CC-9-5
0711719571704;M2-CC-9-5
0711719575986;M2-CC-9-5
0711719576730;M2-CC-9-5
0711719926863;M2-CC-9-5
0711719989264;M2-CC-9-5
0731855063062;M2-CC-9-5
0731855081509;M2-CC-9-5
0741835116626;M2-CC-9-5
0778988009406;M2-CC-9-5
0778988397671;M2-CC-9-5
0778988419403;M2-CC-9-5
0778988421604;M2-CC-9-5
0810050910286;M2-CC-9-5
0812370015498;M2-CC-9-5
0849803053048;M2-CC-9-5
0849803053055;M2-CC-9-5
0849803063580;M2-CC-9-5
0849803065713;M2-CC-9-5
0889698109888;M2-CC-9-5
0889698119153;M2-CC-9-5
0889698231916;M2-CC-9-5
0889698315289;M2-CC-9-5
0889698422390;M2-CC-9-5
0889698504034;M2-CC-9-5
0889698504041;M2-CC-9-5
0889698544627;M2-CC-9-5
0889698556156;M2-CC-9-5
0889698573665;M2-CC-9-5
0889698573689;M2-CC-9-5
0889698650427;M2-CC-9-5
0889698656528;M2-CC-9-5
0889698721066;M2-CC-9-5
0889842196368;M2-CC-9-5
0889842654714;M2-CC-9-5
3256223368329;M2-CC-9-5
3296580369003;M2-CC-9-5
3296580369102;M2-CC-9-5
3307215733080;M2-CC-9-5
3307215913109;M2-CC-9-5
3307216257622;M2-CC-9-5
3307216258247;M2-CC-9-5
3307216269632;M2-CC-9-5
3307216269991;M2-CC-9-5
3307219952258;M2-CC-9-5
3328170274418;M2-CC-9-5
3368954093125;M2-CC-9-5
3368957325919;M2-CC-9-5
3375510010731;M2-CC-9-5
3391892002362;M2-CC-9-5
3391892003086;M2-CC-9-5
3391892024197;M2-CC-9-5
3499550340785;M2-CC-9-5
3499550340914;M2-CC-9-5
3505377145455;M2-CC-9-5
3512899117471;M2-CC-9-5
3663266042930;M2-CC-9-5
3663266042947;M2-CC-9-5
3663266046389;M2-CC-9-5
3663266047539;M2-CC-9-5
3663266048109;M2-CC-9-5
3664794262661;M2-CC-9-5
3665361022237;M2-CC-9-5
3665361049524;M2-CC-9-5
3700372710114;M2-CC-9-5
3700372710725;M2-CC-9-5
3700372710749;M2-CC-9-5
3700372710787;M2-CC-9-5
3700891701938;M2-CC-9-5
3700891701976;M2-CC-9-5
3700891705516;M2-CC-9-5
3701276505240;M2-CC-9-5
3701417802146;M2-CC-9-5
3701417802399;M2-CC-9-5
3701529501531;M2-CC-9-5
3701529510113;M2-CC-9-5
3760156484389;M2-CC-9-5
3760158113720;M2-CC-9-5
3760167641610;M2-CC-9-5
3760178625364;M2-CC-9-5
3760178625425;M2-CC-9-5
3760178626422;M2-CC-9-5
3760178626453;M2-CC-9-5
3760210999644;M2-CC-9-5
3800157258630;M2-CC-9-5
4006333058684;M2-CC-9-5
4006333061387;M2-CC-9-5
4006333064500;M2-CC-9-5
4006333068775;M2-CC-9-5
4006333068805;M2-CC-9-5
4006333068836;M2-CC-9-5
4012927103081;M2-CC-9-5
4012927110577;M2-CC-9-5
4012927111024;M2-CC-9-5
4012927112168;M2-CC-9-5
4020628611675;M2-CC-9-5
4020628765040;M2-CC-9-5
4064635420110;M2-CC-9-5
5010993324224;M2-CC-9-5
5010993459391;M2-CC-9-5
5021290071445;M2-CC-9-5
5021290073050;M2-CC-9-5
5021290095052;M2-CC-9-5
5021290096592;M2-CC-9-5
5026555070638;M2-CC-9-5
5026555358477;M2-CC-9-5
5026555358996;M2-CC-9-5
5026555421225;M2-CC-9-5
5026555422048;M2-CC-9-5
5030917116766;M2-CC-9-5
5030917147760;M2-CC-9-5
5030917162329;M2-CC-9-5
5030917203404;M2-CC-9-5
5030917238949;M2-CC-9-5
5030917298288;M2-CC-9-5
5030934125369;M2-CC-9-5
5030935122343;M2-CC-9-5
5030936125374;M2-CC-9-5
5030940112889;M2-CC-9-5
5030940121928;M2-CC-9-5
5030944125182;M2-CC-9-5
5035224124305;M2-CC-9-5
5035228116375;M2-CC-9-5
5035228116412;M2-CC-9-5
5035228125117;M2-CC-9-5
5035228125186;M2-CC-9-5
5050574254533;M2-CC-9-5
5051265738677;M2-CC-9-5
5051889486251;M2-CC-9-5
5051889514022;M2-CC-9-5
5051889685951;M2-CC-9-5
5051889685968;M2-CC-9-5
5051889712657;M2-CC-9-5
5055060902684;M2-CC-9-5
5055060902837;M2-CC-9-5
5055060953303;M2-CC-9-5
5055060953457;M2-CC-9-5
5055277051779;M2-CC-9-5
5055394010482;M2-CC-9-5
5055394010499;M2-CC-9-5
5055394013117;M2-CC-9-5
5055394013216;M2-CC-9-5
5055394015326;M2-CC-9-5
5055394021914;M2-CC-9-5
5055964717834;M2-CC-9-5
5055964717841;M2-CC-9-5
5055964717858;M2-CC-9-5
5055964718046;M2-CC-9-5
5055964738549;M2-CC-9-5
5055964738556;M2-CC-9-5
5055964766542;M2-CC-9-5
5055964766566;M2-CC-9-5
5056635604194;M2-CC-9-5
5060718148505;M2-CC-9-5
5425025591749;M2-CC-9-5
5425025593774;M2-CC-9-5
5425025593781;M2-CC-9-5
5425025593798;M2-CC-9-5
5425025593804;M2-CC-9-5
5425025593835;M2-CC-9-5
5425025609598;M2-CC-9-5
5425025609833;M2-CC-9-5
5425025609840;M2-CC-9-5
5425025612925;M2-CC-9-5
6925281960802;M2-CC-9-5
8057168507447;M2-CC-9-5
8154030101519;M2-CC-9-5
8445484241020;M2-CC-9-5
8683465506663;M2-CC-9-5
8713439249910;M2-CC-9-5
0820650554797;M2-CC-9-6
0820650554964;M2-CC-9-6
0887961834598;M2-CC-9-6
0887961852233;M2-CC-9-6
0887961928761;M2-CC-9-6
0887961950779;M2-CC-9-6
3296580367306;M2-CC-9-6
3296580369201;M2-CC-9-6
3296580802999;M2-CC-9-6
3296580803071;M2-CC-9-6
3296580803088;M2-CC-9-6
3701405803575;M2-CC-9-6
3701405803629;M2-CC-9-6
4006333068812;M2-CC-9-6
4006333074257;M2-CC-9-6
0039897859910;M2-CC-9-7
0192995403031;M2-CC-9-7
0192995405561;M2-CC-9-7
0192995408753;M2-CC-9-7
0192995409194;M2-CC-9-7
0192995411173;M2-CC-9-7
0192995411180;M2-CC-9-7
0194735068920;M2-CC-9-7
0630996411704;M2-CC-9-7
0630996635070;M2-CC-9-7
0630996635094;M2-CC-9-7
0887961403473;M2-CC-9-7
0887961714418;M2-CC-9-7
0887961852578;M2-CC-9-7
0887961852820;M2-CC-9-7
5054131073605;M2-CC-9-7
3256220508476;M2-EE-5-1
3256220508490;M2-EE-5-1
3256220509312;M2-EE-5-1
3256220509374;M2-EE-5-1
3256220509381;M2-EE-5-1
3256220509404;M2-EE-5-1
3256220509466;M2-EE-5-1
3256220509480;M2-EE-5-1
3256220862394;M2-EE-5-1
3256220862400;M2-EE-5-1
3256220862462;M2-EE-5-1
3256220862561;M2-EE-5-1
3256221405248;M2-EE-5-1
3256221654738;M2-EE-5-1
3256221654745;M2-EE-5-1
3256222988757;M2-EE-5-1
3256223378564;M2-EE-5-1
3256224373773;M2-EE-5-1
3256224373780;M2-EE-5-1
3256224373797;M2-EE-5-1
3256224373803;M2-EE-5-1
3256224373964;M2-EE-5-1
3256224373971;M2-EE-5-1
3256224373988;M2-EE-5-1
3256225054855;M2-EE-5-1
3256225054862;M2-EE-5-1
3256225054879;M2-EE-5-1
3256225054886;M2-EE-5-1
3256225054893;M2-EE-5-1
3256225054909;M2-EE-5-1
3256225055159;M2-EE-5-1
3256225055166;M2-EE-5-1
3256225055173;M2-EE-5-1
3256225058846;M2-EE-5-1
3256225058853;M2-EE-5-1
3256225058860;M2-EE-5-1
3256225058877;M2-EE-5-1
3256225058884;M2-EE-5-1
3256225058891;M2-EE-5-1
3256225058907;M2-EE-5-1
3256225059287;M2-EE-5-1
3256225059386;M2-EE-5-1
3256225059393;M2-EE-5-1
3256225059416;M2-EE-5-1
3256225059478;M2-EE-5-1
3256225059492;M2-EE-5-1
3256225722419;M2-EE-5-1
3256225722426;M2-EE-5-1
3256225722433;M2-EE-5-1
3256228124432;M2-EE-5-1
3256228124449;M2-EE-5-1
3256228124456;M2-EE-5-1
3256228124463;M2-EE-5-1
3256228124470;M2-EE-5-1
3256228267320;M2-EE-5-1
3256228267337;M2-EE-5-1
3256228267344;M2-EE-5-1
3368951789137;M2-EE-5-1
3368951789151;M2-EE-5-1
3368951789236;M2-EE-5-1
3368951789250;M2-EE-5-1
3368951789281;M2-EE-5-1
3368951789311;M2-EE-5-1
3040522401074;M2-EE-5-2
3040522401081;M2-EE-5-2
3040522401098;M2-EE-5-2
3040523093261;M2-EE-5-2
3040523093278;M2-EE-5-2
3040523093285;M2-EE-5-2
3040523093292;M2-EE-5-2
3040523313208;M2-EE-5-2
3040523313215;M2-EE-5-2
3040523313222;M2-EE-5-2
3040523313239;M2-EE-5-2
3040527436439;M2-EE-5-2
3040529163128;M2-EE-5-2
3040529163135;M2-EE-5-2
3040529163142;M2-EE-5-2
3174550412211;M2-EE-5-2
3174550412228;M2-EE-5-2
3174550412235;M2-EE-5-2
3174551651107;M2-EE-5-2
3174551651336;M2-EE-5-2
3174551652104;M2-EE-5-2
3174551652333;M2-EE-5-2
3174551652364;M2-EE-5-2
3174551653101;M2-EE-5-2
3174551653330;M2-EE-5-2
3174551715106;M2-EE-5-2
3174551716103;M2-EE-5-2
3256220508919;M2-EE-5-2
3256221981476;M2-EE-5-2
3256227094002;M2-EE-5-2
3256227094019;M2-EE-5-2
3256227094026;M2-EE-5-2
3368951789182;M2-EE-5-2
3368951789489;M2-EE-5-2
3368951789496;M2-EE-5-2
3368951789502;M2-EE-5-2
3610860318022;M2-EE-5-2
3610860318053;M2-EE-5-2
3610860318084;M2-EE-5-2
3610861327603;M2-EE-5-2
3610861327634;M2-EE-5-2
3610861327665;M2-EE-5-2
3610861327696;M2-EE-5-2
3610862818612;M2-EE-5-2
3610862818643;M2-EE-5-2
3610862818674;M2-EE-5-2
3610862818704;M2-EE-5-2
3610862818766;M2-EE-5-2
3610862818797;M2-EE-5-2
3610862818827;M2-EE-5-2
3610862818858;M2-EE-5-2
3610862818889;M2-EE-5-2
3040523227192;M2-EE-5-3
3040523227222;M2-EE-5-3
3040523536683;M2-EE-5-3
3040523751871;M2-EE-5-3
3174550002740;M2-EE-5-3
3174550451968;M2-EE-5-3
3174550452019;M2-EE-5-3
3174550476879;M2-EE-5-3
3174550477074;M2-EE-5-3
3174550481743;M2-EE-5-3
3174550481750;M2-EE-5-3
3174550631223;M2-EE-5-3
3174550631230;M2-EE-5-3
3174551583613;M2-EE-5-3
3174551583620;M2-EE-5-3
3174551637385;M2-EE-5-3
3174551637422;M2-EE-5-3
3174551637446;M2-EE-5-3
3256220792394;M2-EE-5-3
3256220796385;M2-EE-5-3
3256220796415;M2-EE-5-3
3256221110722;M2-EE-5-3
3256221658965;M2-EE-5-3
3256221658972;M2-EE-5-3
3256221688634;M2-EE-5-3
3256221689303;M2-EE-5-3
3256221884739;M2-EE-5-3
3256222989396;M2-EE-5-3
3256222989402;M2-EE-5-3
3256222989426;M2-EE-5-3
3256222989433;M2-EE-5-3
3256222989464;M2-EE-5-3
3256222989471;M2-EE-5-3
3256222989488;M2-EE-5-3
3256223378779;M2-EE-5-3
3256225052417;M2-EE-5-3
3256225052462;M2-EE-5-3
3256225052479;M2-EE-5-3
3256225058501;M2-EE-5-3
3256225058570;M2-EE-5-3
3256225733187;M2-EE-5-3
3256225735471;M2-EE-5-3
3256225735594;M2-EE-5-3
3256226755140;M2-EE-5-3
3256226756406;M2-EE-5-3
3256226756420;M2-EE-5-3
3256227448300;M2-EE-5-3
3256227449468;M2-EE-5-3
3256228124197;M2-EE-5-3
3256228265722;M2-EE-5-3
3256228674005;M2-EE-5-3
3256228674012;M2-EE-5-3
3256228674036;M2-EE-5-3
3256229540071;M2-EE-5-3
3256229540088;M2-EE-5-3
3256229689961;M2-EE-5-3
3368951782992;M2-EE-5-3
3368951783029;M2-EE-5-3
3368951783050;M2-EE-5-3
3368951783340;M2-EE-5-3
3368951805486;M2-EE-5-3
3368951805493;M2-EE-5-3
3368951805509;M2-EE-5-3
3610862635653;M2-EE-5-3
3040522808460;M2-EE-5-4
3040522808484;M2-EE-5-4
3040523063424;M2-EE-5-4
3040523081916;M2-EE-5-4
3040523227536;M2-EE-5-4
3040523410396;M2-EE-5-4
3040523410402;M2-EE-5-4
3040523548624;M2-EE-5-4
3040523548631;M2-EE-5-4
3040523751888;M2-EE-5-4
3040523751895;M2-EE-5-4
3040523921038;M2-EE-5-4
3040523921052;M2-EE-5-4
3040526176169;M2-EE-5-4
3174550356164;M2-EE-5-4
3174550551507;M2-EE-5-4
3174551347925;M2-EE-5-4
3174551583699;M2-EE-5-4
3174551583767;M2-EE-5-4
3185290536365;M2-EE-5-4
3185290536372;M2-EE-5-4
3185290558824;M2-EE-5-4
3185290558831;M2-EE-5-4
3185290799777;M2-EE-5-4
3185290823878;M2-EE-5-4
3185290840639;M2-EE-5-4
3185291454965;M2-EE-5-4
3185291543676;M2-EE-5-4
3256220117951;M2-EE-5-4
3256221110340;M2-EE-5-4
3256221110357;M2-EE-5-4
3256222787237;M2-EE-5-4
3256222989037;M2-EE-5-4
3256222989044;M2-EE-5-4
3256224060666;M2-EE-5-4
3256224374206;M2-EE-5-4
3256227082689;M2-EE-5-4
3256227736735;M2-EE-5-4
3256227736759;M2-EE-5-4
3256227737596;M2-EE-5-4
3256227739255;M2-EE-5-4
3256227739262;M2-EE-5-4
3256227739309;M2-EE-5-4
3256227739316;M2-EE-5-4
3256227739361;M2-EE-5-4
3256228096036;M2-EE-5-4
3256228096043;M2-EE-5-4
3256228096067;M2-EE-5-4
3256228096159;M2-EE-5-4
3256228096296;M2-EE-5-4
3256228096319;M2-EE-5-4
3256228099297;M2-EE-5-4
3256228099303;M2-EE-5-4
3256228101105;M2-EE-5-4
3256228101129;M2-EE-5-4
3256228124326;M2-EE-5-4
3256228125385;M2-EE-5-4
3256228674067;M2-EE-5-4
3256228837608;M2-EE-5-4
3256228837615;M2-EE-5-4
3256229255586;M2-EE-5-4
3256229255722;M2-EE-5-4
3256229255838;M2-EE-5-4
3256229255845;M2-EE-5-4
3256229255913;M2-EE-5-4
3256229255937;M2-EE-5-4
3256229256132;M2-EE-5-4
3256229529892;M2-EE-5-4
3256229529915;M2-EE-5-4
3256229544161;M2-EE-5-4
3368951782886;M2-EE-5-4
3610861001312;M2-EE-5-4
3610861004962;M2-EE-5-4
3610861004993;M2-EE-5-4
3610862233415;M2-EE-5-4
3610862636360;M2-EE-5-4
3610862706018;M2-EE-5-4
3610862706247;M2-EE-5-4
3664944463894;M2-EE-5-4
3163382712934;M2-EE-5-5
3163382712941;M2-EE-5-5
3163382712965;M2-EE-5-5
3163382712989;M2-EE-5-5
3256220511667;M2-EE-5-5
3256220512923;M2-EE-5-5
3256220513203;M2-EE-5-5
3256220528146;M2-EE-5-5
3256220613316;M2-EE-5-5
3256220618281;M2-EE-5-5
3256220625432;M2-EE-5-5
3256220638562;M2-EE-5-5
3256225421497;M2-EE-5-5
3256228096302;M2-EE-5-5
3256228096326;M2-EE-5-5
3256228101112;M2-EE-5-5
3256229256149;M2-EE-5-5
3256229588325;M2-EE-5-5
3256229588332;M2-EE-5-5
3256229588493;M2-EE-5-5
3368951551925;M2-EE-5-5
3368951654046;M2-EE-5-5
3368951823077;M2-EE-5-5
3368952377425;M2-EE-5-5
3560231653798;M2-EE-5-5
3560231653996;M2-EE-5-5
3560239433163;M2-EE-5-5
3610860471420;M2-EE-5-5
3610860471451;M2-EE-5-5
3610860759245;M2-EE-5-5
3610860759436;M2-EE-5-5
3610860759467;M2-EE-5-5
3610861174122;M2-EE-5-5
3610861284692;M2-EE-5-5
3610861284876;M2-EE-5-5
3610861284906;M2-EE-5-5
3610862412070;M2-EE-5-5
3610862794817;M2-EE-5-5
3610862794848;M2-EE-5-5
3661733070509;M2-EE-5-5
3256220517676;M2-EE-5-6
3256220518499;M2-EE-5-6
3256220518567;M2-EE-5-6
3256220528078;M2-EE-5-6
3256220528108;M2-EE-5-6
3256220528177;M2-EE-5-6
3256220726368;M2-EE-5-6
3256220727174;M2-EE-5-6
3368953129337;M2-EE-5-6
3368954868884;M2-EE-5-6
3368954868891;M2-EE-5-6
3368954868921;M2-EE-5-6
3368954868938;M2-EE-5-6
3560231655181;M2-EE-5-6
3574380652267;M2-EE-5-6
3574380652274;M2-EE-5-6
3661733070493;M2-EE-5-6
3661733070523;M2-EE-5-6
3661733070530;M2-EE-5-6
3226090171032;M2-EE-5-7
3256220729970;M2-EE-5-7
3256220737197;M2-EE-5-7
3256220737319;M2-EE-5-7
3256220737555;M2-EE-5-7
3256220737708;M2-EE-5-7
3368953590267;M2-EE-5-7
3368953590274;M2-EE-5-7
3368953590281;M2-EE-5-7
3368953590373;M2-EE-5-7
3368954900867;M2-EE-5-7
3368954900874;M2-EE-5-7
3368954900881;M2-EE-5-7
3368954900898;M2-EE-5-7
3368954901307;M2-EE-5-7
3368954901314;M2-EE-5-7
3368954901321;M2-EE-5-7
3368954901338;M2-EE-5-7
3560231653750;M2-EE-5-7
3560231653774;M2-EE-5-7
3560238658154;M2-EE-5-7
3560238658161;M2-EE-5-7
3574380658696;M2-EE-5-7
3574380658702;M2-EE-5-7
3574380658719;M2-EE-5-7
3574380658726;M2-EE-5-7
3661733070479;M2-EE-5-7
3661733070547;M2-EE-5-7
3661733070554;M2-EE-5-7
3664944619635;M2-EE-5-7
3664944619642;M2-EE-5-7
3256227573330;M2-EE-7-1
3256228336347;M2-EE-7-1
3256228720092;M2-EE-7-1
3256228720122;M2-EE-7-1
3256228720344;M2-EE-7-1
3256228720450;M2-EE-7-1
3256228781703;M2-EE-7-1
3256228787538;M2-EE-7-1
3256229112414;M2-EE-7-1
3256229129474;M2-EE-7-1
3256229134546;M2-EE-7-1
3256229135222;M2-EE-7-1
3256229154605;M2-EE-7-1
3368950450007;M2-EE-7-1
3368950450038;M2-EE-7-1
3368950454159;M2-EE-7-1
3368951643538;M2-EE-7-1
3368951644863;M2-EE-7-1
3447620527369;M2-EE-7-1
7640182547899;M2-EE-7-1
3256229074842;M2-EE-7-2
3256229074903;M2-EE-7-2
3256229075047;M2-EE-7-2
3256229133907;M2-EE-7-2
3256229134935;M2-EE-7-2
3256229135079;M2-EE-7-2
3256229165632;M2-EE-7-2
3256229166448;M2-EE-7-2
3256229223202;M2-EE-7-2
3256229224421;M2-EE-7-2
3256229225862;M2-EE-7-2
3256229245235;M2-EE-7-2
3256229246607;M2-EE-7-2
3368950449865;M2-EE-7-2
3368950467746;M2-EE-7-2
3368950529635;M2-EE-7-2
3368950596095;M2-EE-7-2
3368950660680;M2-EE-7-2
3368950660949;M2-EE-7-2
3164704119295;M2-EE-7-3
3231760659772;M2-EE-7-3
3231760663496;M2-EE-7-3
3231760663557;M2-EE-7-3
3256229144125;M2-EE-7-3
3256229161108;M2-EE-7-3
3256229162518;M2-EE-7-3
3256229226968;M2-EE-7-3
3256229243781;M2-EE-7-3
3368950465988;M2-EE-7-3
3368950466459;M2-EE-7-3
3368950467708;M2-EE-7-3
3368950549237;M2-EE-7-3
3368950551131;M2-EE-7-3
3368950552930;M2-EE-7-3
3368950553340;M2-EE-7-3
3447627528000;M2-EE-7-3
3231760671361;M2-EE-7-4
3231760671415;M2-EE-7-4
3231760671453;M2-EE-7-4
3231760697804;M2-EE-7-4
3256228443519;M2-EE-7-4
3256228530295;M2-EE-7-4
3256228682277;M2-EE-7-4
3256228685131;M2-EE-7-4
3256228685360;M2-EE-7-4
3256228685476;M2-EE-7-4
3256228685940;M2-EE-7-4
3256228692689;M2-EE-7-4
3256228692863;M2-EE-7-4
3256228699169;M2-EE-7-4
3256228699329;M2-EE-7-4
3256228717122;M2-EE-7-4
3256228858856;M2-EE-7-4
3256228859525;M2-EE-7-4
3256228987761;M2-EE-7-4
3256228999917;M2-EE-7-4
3256229001978;M2-EE-7-4
3256229003897;M2-EE-7-4
3256229005174;M2-EE-7-4
3256229042094;M2-EE-7-4
3256229105829;M2-EE-7-4
3256229106314;M2-EE-7-4
3368959748105;M2-EE-7-4
3480399654843;M2-EE-7-4
3256228715418;M2-EE-7-5
3256229004870;M2-EE-7-5
3256229004955;M2-EE-7-5
3256229009684;M2-EE-7-5
3256229009769;M2-EE-7-5
3256229041929;M2-EE-7-5
3256229041998;M2-EE-7-5
3256229042025;M2-EE-7-5
3256229382398;M2-EE-7-5
3256229382558;M2-EE-7-5
3256229382831;M2-EE-7-5
3043374623373;M2-EE-7-6
3043374623403;M2-EE-7-6
3231760615600;M2-EE-7-6
3231760695671;M2-EE-7-6
3231760695732;M2-EE-7-6
3231760695770;M2-EE-7-6
3231760695855;M2-EE-7-6
3231760695886;M2-EE-7-6
3231760695909;M2-EE-7-6
3231760695930;M2-EE-7-6
3231760696043;M2-EE-7-6
3231760696050;M2-EE-7-6
3231760696777;M2-EE-7-6
3231760697071;M2-EE-7-6
3231760701938;M2-EE-7-6
3256228989918;M2-EE-7-6
3256229010208;M2-EE-7-6
3256229010437;M2-EE-7-6
3231760654586;M2-EE-7-7
3231760654616;M2-EE-7-7
3231760671118;M2-EE-7-7
3231760674072;M2-EE-7-7
3231760696852;M2-EE-7-7
3231760697026;M2-EE-7-7
3256228797148;M2-EE-7-7
3256228981073;M2-EE-7-7
3256228981769;M2-EE-7-7
3256228997067;M2-EE-7-7
3256229002432;M2-EE-7-7
3256229002647;M2-EE-7-7
3256229010833;M2-EE-7-7
3256229103788;M2-EE-7-7
3256226969097;M2-EE-7-8
3256227444258;M2-EE-7-8
3256227444395;M2-EE-7-8
3256228989970;M2-EE-7-8
3256228998408;M2-EE-7-8
3256229008588;M2-EE-7-8
3256229011151;M2-EE-7-8
3256229011632;M2-EE-7-8
3256229042254;M2-EE-7-8
3256229380417;M2-EE-7-8
3256229419117;M2-EE-7-8
3368950525798;M2-EE-7-8
3368957528334;M2-EE-7-8
3700034030109;M2-EE-7-8
3700034030864;M2-EE-7-8
3043370573351;M2-EE-7-9
3043370573368;M2-EE-7-9
3043370573375;M2-EE-7-9
3043370573382;M2-EE-7-9
3043370573399;M2-EE-7-9
3043370573405;M2-EE-7-9
3043370573412;M2-EE-7-9
3043373083659;M2-EE-7-9
3043373083710;M2-EE-7-9
3043373083734;M2-EE-7-9
3043373083765;M2-EE-7-9
3043373083796;M2-EE-7-9
3043373083802;M2-EE-7-9
3043373083840;M2-EE-7-9
3043373083857;M2-EE-7-9
3368952703255;M2-EE-7-9
3368959418619;M2-EE-7-9
3368959418626;M2-EE-7-9
3368959418633;M2-EE-7-9
3368959418640;M2-EE-7-9
3368959418701;M2-EE-7-9
3368959418718;M2-EE-7-9
3368959418725;M2-EE-7-9
3368959418732;M2-EE-7-9
3368959523467;M2-EE-7-9
3368959523665;M2-EE-7-9
3368959523870;M2-EE-7-9
3368959523955;M2-EE-7-9
3368959524082;M2-EE-7-9
3368959527410;M2-EE-7-9
0000030075214;M2-FF-1-1
3014680004521;M2-FF-1-1
3014680009175;M2-FF-1-1
3014680087890;M2-FF-1-1
3017625073309;M2-FF-1-1
3518161001325;M2-FF-1-1
3518161001332;M2-FF-1-1
3518161003725;M2-FF-1-1
3538280038934;M2-FF-1-1
3538280038941;M2-FF-1-1
3609200001847;M2-FF-1-1
3664346306553;M2-FF-1-1
4008400390529;M2-FF-1-1
4009900024150;M2-FF-1-1
4009900451246;M2-FF-1-1
4009900452205;M2-FF-1-1
4009900461450;M2-FF-1-1
4009900470025;M2-FF-1-1
4009900470049;M2-FF-1-1
4009900483889;M2-FF-1-1
4009900483940;M2-FF-1-1
4009900483971;M2-FF-1-1
4009900485708;M2-FF-1-1
4009900489706;M2-FF-1-1
4009900536783;M2-FF-1-1
4014400900897;M2-FF-1-1
4014400907902;M2-FF-1-1
5000159303774;M2-FF-1-1
5000357103350;M2-FF-1-1
5000357103459;M2-FF-1-1
5412841601240;M2-FF-1-1
5700626124108;M2-FF-1-1
0000057026749;M2-FF-1-1
7610700009888;M2-FF-1-1
7610700011867;M2-FF-1-1
7610700012130;M2-FF-1-1
7610700013632;M2-FF-1-1
7610700015209;M2-FF-1-1
7610700015407;M2-FF-1-1
7610700015421;M2-FF-1-1
7610700015445;M2-FF-1-1
7610700015469;M2-FF-1-1
7610700015483;M2-FF-1-1
7610700612477;M2-FF-1-1
7610700626368;M2-FF-1-1
7610700626689;M2-FF-1-1
7610700901137;M2-FF-1-1
7610700922361;M2-FF-1-1
7622201430962;M2-FF-1-1
7622210203960;M2-FF-1-1
7622210579614;M2-FF-1-1
7622210600233;M2-FF-1-1
7622210600257;M2-FF-1-1
7622210615534;M2-FF-1-1
7622210615572;M2-FF-1-1
7622210642523;M2-FF-1-1
7622210663443;M2-FF-1-1
7622210721662;M2-FF-1-1
7622210722256;M2-FF-1-1
7622210722522;M2-FF-1-1
7622210722621;M2-FF-1-1
7622210722706;M2-FF-1-1
7622210723178;M2-FF-1-1
8000500119358;M2-FF-1-1
8000500184219;M2-FF-1-1
8000500203873;M2-FF-1-1
8000500379325;M2-FF-1-1
8000500379349;M2-FF-1-1
0000080725725;M2-FF-1-1
0000080730217;M2-FF-1-1
0000080749493;M2-FF-1-1
0000080803522;M2-FF-1-1
0000080817246;M2-FF-1-1
0000080835424;M2-FF-1-1
0000080911784;M2-FF-1-1
0000080935490;M2-FF-1-1
0000080935902;M2-FF-1-1
0000080962175;M2-FF-1-1
0000087108651;M2-FF-1-1
0000087108712;M2-FF-1-1
0000087311495;M2-FF-1-1
9044400231009;M2-FF-1-1
9044400820227;M2-FF-1-1
3031440040711;M2-GG-10-1
3031440060214;M2-GG-10-1
3031440077182;M2-GG-10-1
3031440077205;M2-GG-10-1
3031440077212;M2-GG-10-1
3031440077243;M2-GG-10-1
3031440077250;M2-GG-10-1
3031440077274;M2-GG-10-1
3031441160036;M2-GG-10-1
3031441160043;M2-GG-10-1
3031441160067;M2-GG-10-1
3031441160074;M2-GG-10-1
3031441160081;M2-GG-10-1
3031441160104;M2-GG-10-1
3031441200022;M2-GG-10-1
3031441200039;M2-GG-10-1
3031441200206;M2-GG-10-1
3031441200213;M2-GG-10-1
3031441200268;M2-GG-10-1
3031441200275;M2-GG-10-1
3031441200282;M2-GG-10-1
3031441200299;M2-GG-10-1
3031441200305;M2-GG-10-1
3031441200336;M2-GG-10-1
3031441200343;M2-GG-10-1
3031441200350;M2-GG-10-1
3031441200367;M2-GG-10-1
3031441200374;M2-GG-10-1
3031441200381;M2-GG-10-1
3031441200428;M2-GG-10-1
3031441200435;M2-GG-10-1
3031441200442;M2-GG-10-1
3031441200503;M2-GG-10-1
3031441202217;M2-GG-10-1
3031441202224;M2-GG-10-1
3031441202231;M2-GG-10-1
3031441202408;M2-GG-10-1
3031441202415;M2-GG-10-1
3031441202422;M2-GG-10-1
3031441202439;M2-GG-10-1
3031449447177;M2-GG-10-1
3031449447184;M2-GG-10-1
3031449447191;M2-GG-10-1
3178040686755;M2-GG-10-1
3178041321792;M2-GG-10-1
3256227455742;M2-GG-10-1
3256228103741;M2-GG-10-1
3256228415516;M2-GG-6-5
3331849022029;M2-GG-10-1
3331849024009;M2-GG-10-1
3331849024016;M2-GG-10-1
3331849024023;M2-GG-10-1
3331849024030;M2-GG-10-1
3474393025808;M2-GG-10-1
3660992017164;M2-GG-10-1
3666085950479;M2-GG-10-1
5011522145037;M2-GG-10-1
5060811770177;M2-GG-10-1
5902751439540;M2-GG-10-1
3133200037242;M2-GG-1-1
3133200065603;M2-GG-1-1
3133200065665;M2-GG-1-1
3133200074346;M2-GG-1-1
3228061018506;M2-GG-1-1
3256220856126;M2-GG-1-1
3256220856133;M2-GG-1-1
3256221135732;M2-GG-1-1
3256221135749;M2-GG-1-1
3256223682098;M2-GG-1-1
3256224755258;M2-GG-1-1
3256226755690;M2-GG-1-1
3256226757717;M2-GG-1-1
3256226757847;M2-GG-1-1
3256227455759;M2-GG-1-1
3660992017034;M2-GG-1-1
3660992017041;M2-GG-1-1
7322540783650;M2-GG-1-1
7322540809213;M2-GG-1-1
7322540809848;M2-GG-1-1
7322541054278;M2-GG-1-1
7322541086507;M2-GG-1-1
7322541087061;M2-GG-1-1
3160920521317;M2-GG-1-10
3256228557278;M2-GG-1-10
3256228557339;M2-GG-1-10
3256228557360;M2-GG-1-10
3256229716797;M2-GG-1-10
3256229716865;M2-GG-1-10
4068884000086;M2-GG-1-10
4068884000529;M2-GG-1-10
4210201157786;M2-GG-1-10
5054563049063;M2-GG-1-10
5054563098535;M2-GG-1-10
5054563117960;M2-GG-1-10
5054563121189;M2-GG-1-10
5054563195463;M2-GG-1-10
5054563195517;M2-GG-1-10
5054563205872;M2-GG-1-10
5054563206633;M2-GG-1-10
5054563206688;M2-GG-1-10
5054563206978;M2-GG-1-10
5054563211361;M2-GG-1-10
5054563211712;M2-GG-1-10
5054563236425;M2-GG-1-10
5054563236524;M2-GG-1-10
5054563236579;M2-GG-1-10
5054563236623;M2-GG-1-10
5054563236678;M2-GG-1-10
5054563238849;M2-GG-1-10
5054563240859;M2-GG-1-10
5054563244741;M2-GG-1-10
5054563258977;M2-GG-1-10
5054563288370;M2-GG-1-10
5054563288424;M2-GG-1-10
5054563288523;M2-GG-1-10
5054563948960;M2-GG-1-10
7046110071519;M2-GG-1-10
7046110075562;M2-GG-1-10
7610108056446;M2-GG-1-10
8001090679611;M2-GG-1-10
8001090917577;M2-GG-1-10
8001090918444;M2-GG-1-10
8001090999917;M2-GG-1-10
8006540721209;M2-GG-1-10
8006540773116;M2-GG-1-10
8006540774731;M2-GG-1-10
8006540804155;M2-GG-1-10
8006540882177;M2-GG-1-10
8006540882351;M2-GG-1-10
8006540895139;M2-GG-1-10
8006540895238;M2-GG-1-10
8006540895511;M2-GG-1-10
8006540895672;M2-GG-1-10
8006540895764;M2-GG-1-10
8006540895832;M2-GG-1-10
8006540896013;M2-GG-1-10
8006540896136;M2-GG-1-10
8700216034968;M2-GG-1-10
8700216126342;M2-GG-1-10
8700216196178;M2-GG-1-10
8700216423410;M2-GG-1-10
8700216456869;M2-GG-1-10
8700216612272;M2-GG-1-10
8700216666817;M2-GG-1-10
8700216666985;M2-GG-1-10
8700216667104;M2-GG-1-10
8700216667111;M2-GG-1-10
8700216667227;M2-GG-1-10
8700216667463;M2-GG-1-10
8700216667500;M2-GG-1-10
8700216667555;M2-GG-1-10
8700216667562;M2-GG-1-10
8718951651678;M2-GG-1-10
3286010065438;M2-GG-1-2
3286010065445;M2-GG-1-2
3286010065483;M2-GG-1-2
3286010065506;M2-GG-1-2
3286010066121;M2-GG-1-2
3286010066152;M2-GG-1-2
3286010066190;M2-GG-1-2
3286010066206;M2-GG-1-2
3286010066237;M2-GG-1-2
3286010067296;M2-GG-1-2
3286010072498;M2-GG-1-2
3286010072764;M2-GG-1-2
3286010073594;M2-GG-1-2
3286010073921;M2-GG-1-2
3286010073945;M2-GG-1-2
3286010073952;M2-GG-1-2
3286010073976;M2-GG-1-2
3286010073983;M2-GG-1-2
3286010074034;M2-GG-1-2
3286010074041;M2-GG-1-2
3286010074058;M2-GG-1-2
3286010074065;M2-GG-1-2
3286010074096;M2-GG-1-2
3286010074119;M2-GG-1-2
3286010074744;M2-GG-1-2
3286010075581;M2-GG-1-2
3286010076069;M2-GG-1-2
3286010076083;M2-GG-1-2
3286010076311;M2-GG-1-2
3286010076359;M2-GG-1-2
3286010076618;M2-GG-1-2
3286010076649;M2-GG-1-2
3286010076656;M2-GG-1-2
3286010076663;M2-GG-1-2
3286010076717;M2-GG-1-2
3286010076731;M2-GG-1-2
3286010076762;M2-GG-1-2
3286010076779;M2-GG-1-2
3286010082480;M2-GG-1-2
3286010082831;M2-GG-1-2
3286010082862;M2-GG-1-2
3286010082879;M2-GG-1-2
3286010082893;M2-GG-1-2
3286010082909;M2-GG-1-2
3286010082916;M2-GG-1-2
3286010082923;M2-GG-1-2
3286010082947;M2-GG-1-2
3286010082954;M2-GG-1-2
3286010082961;M2-GG-1-2
3286010083487;M2-GG-1-2
3286010083609;M2-GG-1-2
3286010083678;M2-GG-1-2
3286010083883;M2-GG-1-2
3286010084583;M2-GG-1-2
3286010084590;M2-GG-1-2
3286010084613;M2-GG-1-2
3286010084620;M2-GG-1-2
3286010084637;M2-GG-1-2
3286010084651;M2-GG-1-2
3286010084668;M2-GG-1-2
3286010084675;M2-GG-1-2
3286010084682;M2-GG-1-2
3286010084743;M2-GG-1-2
3286010086730;M2-GG-1-2
3286010090874;M2-GG-1-2
3286010092304;M2-GG-1-2
3286010092311;M2-GG-1-2
3286010092335;M2-GG-1-2
3286010092342;M2-GG-1-2
3286010092366;M2-GG-1-2
3286010092373;M2-GG-1-2
3286010095138;M2-GG-1-2
3286010096296;M2-GG-1-2
3286010096319;M2-GG-1-2
3286010096326;M2-GG-1-2
3286010096333;M2-GG-1-2
3286010096340;M2-GG-1-2
3286010096364;M2-GG-1-2
3286010101587;M2-GG-1-2
3286010103567;M2-GG-1-2
3286010108197;M2-GG-1-2
3286010108203;M2-GG-1-2
3286010108258;M2-GG-1-2
3286010109903;M2-GG-1-2
3286010109965;M2-GG-1-2
3286010110008;M2-GG-1-2
3286010110022;M2-GG-1-2
3286010111142;M2-GG-1-2
3286010112941;M2-GG-1-2
3286010112965;M2-GG-1-2
3286010116345;M2-GG-1-2
3160920608469;M2-GG-1-3
3160920640827;M2-GG-1-3
3160920641107;M2-GG-1-3
3160920641381;M2-GG-1-3
3160920641749;M2-GG-1-3
3160920641787;M2-GG-1-3
3160920641800;M2-GG-1-3
3160920642005;M2-GG-1-3
3160920642203;M2-GG-1-3
3160920642265;M2-GG-1-3
3160920642562;M2-GG-1-3
3160920642586;M2-GG-1-3
3160920642609;M2-GG-1-3
3160920642623;M2-GG-1-3
3160920643040;M2-GG-1-3
3160920643705;M2-GG-1-3
3160920643767;M2-GG-1-3
3160920643804;M2-GG-1-3
3160920643880;M2-GG-1-3
3160920643965;M2-GG-1-3
3160920643989;M2-GG-1-3
3160920644047;M2-GG-1-3
3160920644085;M2-GG-1-3
3160920644184;M2-GG-1-3
3160920644542;M2-GG-1-3
3160920644566;M2-GG-1-3
3160920644580;M2-GG-1-3
3160920644603;M2-GG-1-3
3160920644627;M2-GG-1-3
3160920644641;M2-GG-1-3
3160920644665;M2-GG-1-3
3160920644702;M2-GG-1-3
3160920644726;M2-GG-1-3
3160920644849;M2-GG-1-3
3160920644863;M2-GG-1-3
3160920644900;M2-GG-1-3
3160920645044;M2-GG-1-3
3160920645105;M2-GG-1-3
3160920645129;M2-GG-1-3
3160920645143;M2-GG-1-3
3160920645365;M2-GG-1-3
3160920645488;M2-GG-1-3
3160920645501;M2-GG-1-3
3160920645525;M2-GG-1-3
3160920645549;M2-GG-1-3
3160920645563;M2-GG-1-3
3160920645600;M2-GG-1-3
3160920645624;M2-GG-1-3
3160920645648;M2-GG-1-3
3160920645686;M2-GG-1-3
3160920645709;M2-GG-1-3
3160920645747;M2-GG-1-3
3160920645761;M2-GG-1-3
3160920645785;M2-GG-1-3
3160920645792;M2-GG-1-3
3160920645822;M2-GG-1-3
3160920645969;M2-GG-1-3
3160920646027;M2-GG-1-3
3160920646041;M2-GG-1-3
3160920646065;M2-GG-1-3
3160920646089;M2-GG-1-3
3160920646102;M2-GG-1-3
3160920646126;M2-GG-1-3
3160920646188;M2-GG-1-3
3160920646201;M2-GG-1-3
3160920646249;M2-GG-1-3
3160920651724;M2-GG-1-3
3160920651748;M2-GG-1-3
3160920651786;M2-GG-1-3
3160920651809;M2-GG-1-3
3160920651823;M2-GG-1-3
3160920651861;M2-GG-1-3
3160920651885;M2-GG-1-3
3160920651908;M2-GG-1-3
3160920651922;M2-GG-1-3
3160920651946;M2-GG-1-3
3160920651984;M2-GG-1-3
3160920652103;M2-GG-1-3
3160920652226;M2-GG-1-3
3160920652240;M2-GG-1-3
3160920652288;M2-GG-1-3
3160920652301;M2-GG-1-3
3160920652424;M2-GG-1-3
3160920652455;M2-GG-1-3
3160920670206;M2-GG-1-3
3160920671005;M2-GG-1-3
3160920671326;M2-GG-1-3
3160920671500;M2-GG-1-3
3160920671746;M2-GG-1-3
3160920671760;M2-GG-1-3
3160920671807;M2-GG-1-3
3160920671821;M2-GG-1-3
3160920671845;M2-GG-1-3
3160920671869;M2-GG-1-3
3160920711145;M2-GG-1-3
3160920711305;M2-GG-1-3
3160920711428;M2-GG-1-3
3160920712425;M2-GG-1-3
3160920712524;M2-GG-1-3
3160920712722;M2-GG-1-3
3160920712746;M2-GG-1-3
3160920712807;M2-GG-1-3
3160920712821;M2-GG-1-3
3160920780004;M2-GG-1-3
3160920780042;M2-GG-1-3
3160920780103;M2-GG-1-3
3160920780189;M2-GG-1-3
3160920780226;M2-GG-1-3
3059944118590;M2-GG-1-4
3059944118606;M2-GG-1-4
3059944118613;M2-GG-1-4
3059944118873;M2-GG-1-4
3059944118880;M2-GG-1-4
3059944118897;M2-GG-1-4
3059947001196;M2-GG-1-4
3059948001430;M2-GG-1-4
3059948001447;M2-GG-1-4
3059948001478;M2-GG-1-4
3059948001904;M2-GG-1-4
3059948002154;M2-GG-1-4
3059948002406;M2-GG-1-4
3059948002413;M2-GG-1-4
3059948003687;M2-GG-1-4
3059948003694;M2-GG-1-4
3059948006237;M2-GG-1-4
3059948006275;M2-GG-1-4
3059948007074;M2-GG-1-4
3059948007142;M2-GG-1-4
3059948010661;M2-GG-1-4
3059948010678;M2-GG-1-4
3059948010692;M2-GG-1-4
3059948010708;M2-GG-1-4
3059948010715;M2-GG-1-4
3059948010722;M2-GG-1-4
3059949932085;M2-GG-1-4
3059949932238;M2-GG-1-4
3059949932252;M2-GG-1-4
3059949932719;M2-GG-1-4
3059949932740;M2-GG-1-4
3059949932887;M2-GG-1-4
3059949932900;M2-GG-1-4
3059949932924;M2-GG-1-4
3059949933136;M2-GG-1-4
3059949933198;M2-GG-1-4
3059949933440;M2-GG-1-4
3160920508431;M2-GG-1-4
3160920508448;M2-GG-1-4
3160920508493;M2-GG-1-4
3160920508929;M2-GG-1-4
3160920508936;M2-GG-1-4
3160920508967;M2-GG-1-4
3160920508974;M2-GG-1-4
3160920509001;M2-GG-1-4
3160920509261;M2-GG-1-4
3160920509384;M2-GG-1-4
3160920509414;M2-GG-1-4
3160920509438;M2-GG-1-4
3160920509445;M2-GG-1-4
3160920509469;M2-GG-1-4
3160920509537;M2-GG-1-4
3160920509544;M2-GG-1-4
3160920509605;M2-GG-1-4
3160920509810;M2-GG-1-4
3160920509933;M2-GG-1-4
3160920960697;M2-GG-1-4
3160920960703;M2-GG-1-4
3160920960710;M2-GG-1-4
3160920960734;M2-GG-1-4
3160920960741;M2-GG-1-4
3160920960758;M2-GG-1-4
3160920960765;M2-GG-1-4
3160920960772;M2-GG-1-4
3160920961151;M2-GG-1-4
3160920965357;M2-GG-1-4
3160920965371;M2-GG-1-4
3160920965395;M2-GG-1-4
3160920965746;M2-GG-1-4
3160920965760;M2-GG-1-4
3160920965777;M2-GG-1-4
3160920965791;M2-GG-1-4
3160920965814;M2-GG-1-4
3160920965975;M2-GG-1-4
3341170287004;M2-GG-1-4
3346029200319;M2-GG-1-4
3450270016596;M2-GG-1-4
3532281432500;M2-GG-1-4
3532281460503;M2-GG-1-4
3532281606505;M2-GG-1-4
3532281631507;M2-GG-1-4
3532281631705;M2-GG-1-4
3532281658504;M2-GG-1-4
3532281692508;M2-GG-1-4
3532281694205;M2-GG-1-4
5000438001353;M2-GG-1-4
5000438001513;M2-GG-1-4
5000438002336;M2-GG-1-4
5011831090509;M2-GG-1-4
5038483225400;M2-GG-1-4
5038483238189;M2-GG-1-4
5038483364345;M2-GG-1-4
5038483435373;M2-GG-1-4
5038483849255;M2-GG-1-4
5038483965962;M2-GG-1-4
5052197001327;M2-GG-1-4
5052197009620;M2-GG-1-4
5052197023350;M2-GG-1-4
5052197038965;M2-GG-1-4
5052197041682;M2-GG-1-4
5052197043808;M2-GG-1-4
3045206502009;M2-GG-1-5
3045206503006;M2-GG-1-5
3160920501319;M2-GG-1-5
3160920501562;M2-GG-1-5
3160920502057;M2-GG-1-5
3160920502118;M2-GG-1-5
3160920503016;M2-GG-1-5
3160920504983;M2-GG-1-5
3160920506925;M2-GG-1-5
3160920508011;M2-GG-1-5
3160920508080;M2-GG-1-5
3160920508141;M2-GG-1-5
3160920508318;M2-GG-1-5
3160920521171;M2-GG-1-5
3160920964176;M2-GG-1-5
3160920965906;M2-GG-1-5
3256220548717;M2-GG-1-5
3256221135046;M2-GG-1-5
3256221980202;M2-GG-1-5
3256221980226;M2-GG-1-5
3256221980257;M2-GG-1-5
3256221980264;M2-GG-1-5
3256221980271;M2-GG-1-5
3256221980288;M2-GG-1-5
3256221980295;M2-GG-1-5
3256221980301;M2-GG-1-5
3256221980318;M2-GG-1-5
3256221980325;M2-GG-1-5
3256221980349;M2-GG-1-5
3256222240145;M2-GG-1-5
3256222723785;M2-GG-1-5
3256222724034;M2-GG-1-5
3256222724157;M2-GG-1-5
3256222794723;M2-GG-1-5
3256222794747;M2-GG-1-5
3256223684702;M2-GG-1-5
3256225048427;M2-GG-1-5
3256225048465;M2-GG-1-5
3256225768943;M2-GG-1-5
3256226689865;M2-GG-1-5
3256226689988;M2-GG-1-5
3256226760243;M2-GG-1-5
3435171100247;M2-GG-1-5
3435171190057;M2-GG-1-5
3435171190163;M2-GG-1-5
3435171190194;M2-GG-1-5
3435171200053;M2-GG-1-5
3435171410001;M2-GG-1-5
3435173461001;M2-GG-1-5
3532678549729;M2-GG-1-5
3532678572345;M2-GG-1-5
3532678572819;M2-GG-1-5
3532678587844;M2-GG-1-5
3532678588834;M2-GG-1-5
3532678589336;M2-GG-1-5
3532678590745;M2-GG-1-5
3532678593456;M2-GG-1-5
3532678593463;M2-GG-1-5
3532678593470;M2-GG-1-5
3532678600062;M2-GG-1-5
3532678600086;M2-GG-1-5
3532678600116;M2-GG-1-5
3532678600420;M2-GG-1-5
3532679426012;M2-GG-1-5
3532679426739;M2-GG-1-5
3532679427736;M2-GG-1-5
8006540470800;M2-GG-1-5
8700216746618;M2-GG-1-5
3160920501104;M2-GG-1-6
3160920501173;M2-GG-1-6
3160920501180;M2-GG-1-6
3160920501197;M2-GG-1-6
3160920501333;M2-GG-1-6
3160920501401;M2-GG-1-6
3160920501425;M2-GG-1-6
3160920501531;M2-GG-1-6
3160920501586;M2-GG-1-6
3160920501593;M2-GG-1-6
3160920501616;M2-GG-1-6
3160920501630;M2-GG-1-6
3160920501661;M2-GG-1-6
3160920501678;M2-GG-1-6
3160920501692;M2-GG-1-6
3160920501715;M2-GG-1-6
3160920501722;M2-GG-1-6
3160920501739;M2-GG-1-6
3160920502095;M2-GG-1-6
3160920502163;M2-GG-1-6
3160920502200;M2-GG-1-6
3160920502309;M2-GG-1-6
3160920502316;M2-GG-1-6
3160920502392;M2-GG-1-6
3160920502422;M2-GG-1-6
3160920502507;M2-GG-1-6
3160920502538;M2-GG-1-6
3160920502545;M2-GG-1-6
3160920502606;M2-GG-1-6
3160920502613;M2-GG-1-6
3160920503047;M2-GG-1-6
3160920503207;M2-GG-1-6
3160920503306;M2-GG-1-6
3160920503405;M2-GG-1-6
3160920503504;M2-GG-1-6
3160920503702;M2-GG-1-6
3160920503740;M2-GG-1-6
3160920504013;M2-GG-1-6
3160920504105;M2-GG-1-6
3160920504204;M2-GG-1-6
3160920504303;M2-GG-1-6
3160920504310;M2-GG-1-6
3160920504334;M2-GG-1-6
3160920504518;M2-GG-1-6
3160920504525;M2-GG-1-6
3160920504556;M2-GG-1-6
3160920504716;M2-GG-1-6
3160920504754;M2-GG-1-6
3160920504952;M2-GG-1-6
3160920505171;M2-GG-1-6
3160920505188;M2-GG-1-6
3160920505386;M2-GG-1-6
3160920505652;M2-GG-1-6
3160920506093;M2-GG-1-6
3160920506116;M2-GG-1-6
3160920506147;M2-GG-1-6
3160920506154;M2-GG-1-6
3160920506192;M2-GG-1-6
3160920506208;M2-GG-1-6
3160920506604;M2-GG-1-6
3160920506628;M2-GG-1-6
3160920506963;M2-GG-1-6
3160920507700;M2-GG-1-6
3160920508028;M2-GG-1-6
3160920508035;M2-GG-1-6
3160920508097;M2-GG-1-6
3160920508134;M2-GG-1-6
3160920508158;M2-GG-1-6
5410036303856;M2-GG-1-6
3059944203296;M2-GG-1-7
3059944203302;M2-GG-1-7
3094900666210;M2-GG-1-7
3094905000743;M2-GG-1-7
3094905000750;M2-GG-1-7
3256220558846;M2-GG-1-7
3256220660594;M2-GG-1-7
3256220660761;M2-GG-1-7
3256226089436;M2-GG-1-7
3256226089443;M2-GG-1-7
3256228667519;M2-GG-1-7
3256228976086;M2-GG-1-7
3256228976093;M2-GG-1-7
3532678605920;M2-GG-1-7
3574661806525;M2-GG-1-7
3574661811321;M2-GG-1-7
3574661811345;M2-GG-1-7
3574661811352;M2-GG-1-7
3574661811383;M2-GG-1-7
3574661811420;M2-GG-1-7
5054563051400;M2-GG-1-7
5054563202437;M2-GG-1-7
5054563202567;M2-GG-1-7
5054563205827;M2-GG-1-7
5054563206428;M2-GG-1-7
5054563948571;M2-GG-1-7
8700216620796;M2-GG-1-7
8700216620901;M2-GG-1-7
8700216620932;M2-GG-1-7
8700216621151;M2-GG-1-7
8700216621236;M2-GG-1-7
8700216623223;M2-GG-1-7
8700216623421;M2-GG-1-7
8700216623520;M2-GG-1-7
8700216623629;M2-GG-1-7
8711700550963;M2-GG-1-7
8718951484627;M2-GG-1-7
8718951484672;M2-GG-1-7
8718951484887;M2-GG-1-7
8718951563469;M2-GG-1-7
8718951612303;M2-GG-1-7
8718951612334;M2-GG-1-7
8718951656826;M2-GG-1-7
8718951656857;M2-GG-1-7
8718951656888;M2-GG-1-7
8718951684225;M2-GG-1-7
8718951684898;M2-GG-1-7
8718951691292;M2-GG-1-7
8718951696235;M2-GG-1-7
8718951713765;M2-GG-1-7
8718951713840;M2-GG-1-7
8718951732148;M2-GG-1-7
8720181086267;M2-GG-1-7
3014230002076;M2-GG-1-8
3014230002601;M2-GG-1-8
3256227739057;M2-GG-1-8
3256228411297;M2-GG-1-8
3256228912244;M2-GG-1-8
3256229714588;M2-GG-1-8
3256229714618;M2-GG-1-8
3256229714649;M2-GG-1-8
3256229714656;M2-GG-1-8
3256229714663;M2-GG-1-8
3256229717039;M2-GG-1-8
3256229717268;M2-GG-1-8
3331300031645;M2-GG-1-8
3331300032963;M2-GG-1-8
3331300040845;M2-GG-1-8
3700376700357;M2-GG-1-8
3760365007539;M2-GG-1-8
3760365007546;M2-GG-1-8
3760365007553;M2-GG-1-8
3760365007560;M2-GG-1-8
3760365007584;M2-GG-1-8
3760365007591;M2-GG-1-8
3760365007607;M2-GG-1-8
3760365007614;M2-GG-1-8
5054563149954;M2-GG-1-8
5054563157782;M2-GG-1-8
5054563158574;M2-GG-1-8
7046110028001;M2-GG-1-8
8710447328095;M2-GG-1-8
8710522417379;M2-GG-1-8
8710522672969;M2-GG-1-8
8710522673034;M2-GG-1-8
8710522673065;M2-GG-1-8
8710522673072;M2-GG-1-8
8710522675311;M2-GG-1-8
8710522712115;M2-GG-1-8
8710604781879;M2-GG-1-8
8712561122924;M2-GG-1-8
8718951570276;M2-GG-1-8
8718951570313;M2-GG-1-8
8718951570375;M2-GG-1-8
8718951602526;M2-GG-1-8
8718951602564;M2-GG-1-8
8718951643628;M2-GG-1-8
8718951643666;M2-GG-1-8
8718951650626;M2-GG-1-8
8718951650664;M2-GG-1-8
8720181030550;M2-GG-1-8
8720181031076;M2-GG-1-8
8720181048869;M2-GG-1-8
8720181206542;M2-GG-1-8
8720181206559;M2-GG-1-8
8720181207051;M2-GG-1-8
8720181207068;M2-GG-1-8
8720181229909;M2-GG-1-8
8720181236310;M2-GG-1-8
8720181236341;M2-GG-1-8
8720181237713;M2-GG-1-8
8720181237737;M2-GG-1-8
8720181239304;M2-GG-1-8
8720181239311;M2-GG-1-8
8720181275739;M2-GG-1-8
8720181275784;M2-GG-1-8
8720181320750;M2-GG-1-8
8720181327148;M2-GG-1-8
8720181327155;M2-GG-1-8
8720181416316;M2-GG-1-8
8720181418891;M2-GG-1-8
8720181418907;M2-GG-1-8
8720181419089;M2-GG-1-8
8720181419096;M2-GG-1-8
8720181419102;M2-GG-1-8
8720181419119;M2-GG-1-8
8720181419683;M2-GG-1-8
8720181419690;M2-GG-1-8
8720181419706;M2-GG-1-8
8720181419713;M2-GG-1-8
8720181419720;M2-GG-1-8
8720181419737;M2-GG-1-8
8720181426971;M2-GG-1-8
8720181503757;M2-GG-1-8
8720181503764;M2-GG-1-8
8720181503771;M2-GG-1-8
8720181683329;M2-GG-1-8
8720181684258;M2-GG-1-8
8720181696978;M2-GG-1-8
8720181697029;M2-GG-1-8
8720181698088;M2-GG-1-8
8720181698101;M2-GG-1-8
8720181698125;M2-GG-1-8
8720181699528;M2-GG-1-8
3014230002625;M2-GG-1-9
3015810597326;M2-GG-1-9
3031440403066;M2-GG-1-9
3031440403554;M2-GG-1-9
3031440403653;M2-GG-1-9
3031440404001;M2-GG-1-9
3031440404018;M2-GG-1-9
3031440404025;M2-GG-1-9
3031440404032;M2-GG-1-9
3031440404049;M2-GG-1-9
3058320024012;M2-GG-1-9
3094901304302;M2-GG-1-9
3094901304319;M2-GG-1-9
3094901330004;M2-GG-1-9
3094901390008;M2-GG-1-9
3094905001115;M2-GG-1-9
3160920521188;M2-GG-1-9
3160920521195;M2-GG-1-9
3160920521218;M2-GG-1-9
3160920521225;M2-GG-1-9
3160920521232;M2-GG-1-9
3160920521249;M2-GG-1-9
3160920521263;M2-GG-1-9
3160920521287;M2-GG-1-9
3160920521294;M2-GG-1-9
3160920521331;M2-GG-1-9
3160920521386;M2-GG-1-9
3160920521393;M2-GG-1-9
3160920521416;M2-GG-1-9
3160920521423;M2-GG-1-9
3160920521621;M2-GG-1-9
3256228557377;M2-GG-1-9
3256228912251;M2-GG-1-9
3256229714519;M2-GG-1-9
3256229714557;M2-GG-1-9
3256229716902;M2-GG-1-9
3256229716926;M2-GG-1-9
3256229716933;M2-GG-1-9
3256229716988;M2-GG-1-9
3256229717015;M2-GG-1-9
3256229717053;M2-GG-1-9
3256229717060;M2-GG-1-9
3256229717121;M2-GG-1-9
3256229717138;M2-GG-1-9
3256229717183;M2-GG-1-9
3256229717213;M2-GG-1-9
3256229717220;M2-GG-1-9
3256229717237;M2-GG-1-9
3331300032062;M2-GG-1-9
3331300042061;M2-GG-1-9
3346020064668;M2-GG-1-9
3346020064675;M2-GG-1-9
3346020064682;M2-GG-1-9
3517360017281;M2-GG-1-9
3517360018271;M2-GG-1-9
3517360018288;M2-GG-1-9
3760365007522;M2-GG-1-9
4068883000209;M2-GG-1-9
4068883000216;M2-GG-1-9
4068883000223;M2-GG-1-9
4068883000230;M2-GG-1-9
4068883000254;M2-GG-1-9
4068883000261;M2-GG-1-9
5054563016584;M2-GG-1-9
5054563016591;M2-GG-1-9
5054563057235;M2-GG-1-9
5054563288240;M2-GG-1-9
5054563288325;M2-GG-1-9
5054563288622;M2-GG-1-9
5410373124008;M2-GG-1-9
7038513866304;M2-GG-1-9
8700216386814;M2-GG-1-9
8710522605516;M2-GG-1-9
8710522605523;M2-GG-1-9
8710522712108;M2-GG-1-9
8718951224254;M2-GG-1-9
8718951543553;M2-GG-1-9
8718951544239;M2-GG-1-9
8718951544260;M2-GG-1-9
8718951544536;M2-GG-1-9
8718951544840;M2-GG-1-9
8718951546851;M2-GG-1-9
8718951548732;M2-GG-1-9
8718951580299;M2-GG-1-9
8718951580442;M2-GG-1-9
8718951616462;M2-GG-1-9
8718951616738;M2-GG-1-9
8718951679269;M2-GG-1-9
8718951679542;M2-GG-1-9
8718951693012;M2-GG-1-9
8718951707399;M2-GG-1-9
8718951715073;M2-GG-1-9
8718951716308;M2-GG-1-9
8718951719187;M2-GG-1-9
8720181501784;M2-GG-1-9
8720181501791;M2-GG-1-9
8720181501814;M2-GG-1-9
8720181502804;M2-GG-1-9
8720181502811;M2-GG-1-9
8720181502880;M2-GG-1-9
8720181502897;M2-GG-1-9
3256221415599;M2-GG-2-1
3256221979060;M2-GG-2-1
3256224066606;M2-GG-2-1
3256225042579;M2-GG-2-1
3256225743933;M2-GG-2-1
5029053019598;M2-GG-2-1
5029053028620;M2-GG-2-1
5029053033211;M2-GG-2-1
5029053562186;M2-GG-2-1
5029053563909;M2-GG-2-1
5029053572284;M2-GG-2-1
5029054046357;M2-GG-2-1
7322542005514;M2-GG-2-1
7322542005705;M2-GG-2-1
7322542006405;M2-GG-2-1
7322542333624;M2-GG-2-1
8006540761939;M2-GG-2-10
8700216618588;M2-GG-2-10
8720181616723;M2-GG-2-10
8720181616730;M2-GG-2-10
8720181616747;M2-GG-2-10
8720182594280;M2-GG-2-10
8720182595584;M2-GG-2-10
8720182595737;M2-GG-2-10
8720182730039;M2-GG-2-10
8720182730367;M2-GG-2-10
3133200074704;M2-GG-2-2
3133200155007;M2-GG-2-2
3133200161565;M2-GG-2-2
3133200165013;M2-GG-2-2
3256224060963;M2-GG-2-2
3256224066590;M2-GG-2-2
3256225110810;M2-GG-2-2
3256225110865;M2-GG-2-2
3256226397166;M2-GG-2-2
3256227554773;M2-GG-2-2
3256228104854;M2-GG-2-2
3256228992932;M2-GG-2-2
3256229528697;M2-GG-2-2
3770003444633;M2-GG-2-2
5029053573717;M2-GG-2-2
5029053579290;M2-GG-2-2
5029053579504;M2-GG-2-2
5029053579986;M2-GG-2-2
5029053580005;M2-GG-2-2
5029053583228;M2-GG-2-2
7322541074146;M2-GG-2-2
7322541367392;M2-GG-2-2
7322542007532;M2-GG-2-2
3133200153102;M2-GG-2-3
3152210002422;M2-GG-2-3
3178041364744;M2-GG-2-3
3256221979084;M2-GG-2-3
3256221979091;M2-GG-2-3
3660992012800;M2-GG-2-3
5029053038759;M2-GG-2-3
5029053578309;M2-GG-2-3
5029053579146;M2-GG-2-3
5029053579160;M2-GG-2-3
5029053579184;M2-GG-2-3
5029053579276;M2-GG-2-3
5029053580890;M2-GG-2-3
3140100047868;M2-GG-2-4
3140100047875;M2-GG-2-4
3140100047882;M2-GG-2-4
3140100047899;M2-GG-2-4
3140100143058;M2-GG-2-4
3140100143065;M2-GG-2-4
3140100143089;M2-GG-2-4
3140100143096;M2-GG-2-4
3140100143119;M2-GG-2-4
3140100251203;M2-GG-2-4
3140100289343;M2-GG-2-4
3140100323054;M2-GG-2-4
3140100323061;M2-GG-2-4
3256228452610;M2-GG-2-4
3256228452627;M2-GG-2-4
3256228930804;M2-GG-2-4
3256228930811;M2-GG-2-4
3256228930828;M2-GG-2-4
3256228930835;M2-GG-2-4
3256228930842;M2-GG-2-4
3256228930859;M2-GG-2-4
3574661574035;M2-GG-2-4
3574661701318;M2-GG-2-4
3574661701356;M2-GG-2-4
3600523232468;M2-GG-2-4
3600523232475;M2-GG-2-4
3600523582471;M2-GG-2-4
3600523900787;M2-GG-2-4
3600524123031;M2-GG-2-4
3600524173784;M2-GG-2-4
3600524187293;M2-GG-2-4
3600551175003;M2-GG-2-4
3600551175027;M2-GG-2-4
3600551175041;M2-GG-2-4
3600551175102;M2-GG-2-4
3600551175225;M2-GG-2-4
8006540329528;M2-GG-2-4
8700216155960;M2-GG-2-4
8700216208222;M2-GG-2-4
8700216208734;M2-GG-2-4
8700216279963;M2-GG-2-4
8720181601927;M2-GG-2-4
8720181601958;M2-GG-2-4
8720181601965;M2-GG-2-4
8720181607332;M2-GG-2-4
8720181607752;M2-GG-2-4
8720181607813;M2-GG-2-4
8720181607820;M2-GG-2-4
8720181607837;M2-GG-2-4
8720181607868;M2-GG-2-4
3014230021404;M2-GG-2-5
3014230022401;M2-GG-2-5
3050070004047;M2-GG-2-5
3178040478220;M2-GG-2-5
3178040671843;M2-GG-2-5
3178040671867;M2-GG-2-5
3178040689657;M2-GG-2-5
3178040693326;M2-GG-2-5
3178041318440;M2-GG-2-5
3178048344503;M2-GG-2-5
3256228911254;M2-GG-2-5
3256228911278;M2-GG-2-5
3256228911551;M2-GG-2-5
3256228911568;M2-GG-2-5
3256228911575;M2-GG-2-5
3256228913906;M2-GG-2-5
3286010070241;M2-GG-2-5
3286010084965;M2-GG-2-5
3468080154957;M2-GG-2-5
3600524076122;M2-GG-2-5
3600524076139;M2-GG-2-5
3600524076146;M2-GG-2-5
3600524076665;M2-GG-2-5
3600524143190;M2-GG-2-5
3600551071596;M2-GG-2-5
3600551071626;M2-GG-2-5
3600551071633;M2-GG-2-5
3600551071657;M2-GG-2-5
3600551071664;M2-GG-2-5
3600551072074;M2-GG-2-5
3600551072098;M2-GG-2-5
3600551072111;M2-GG-2-5
3600551074337;M2-GG-2-5
3600551146300;M2-GG-2-5
3616303443474;M2-GG-2-5
3616303443955;M2-GG-2-5
3616304240423;M2-GG-2-5
3616304240652;M2-GG-2-5
3616305824882;M2-GG-2-5
3616305953612;M2-GG-2-5
3616305953643;M2-GG-2-5
3616307110631;M2-GG-2-5
3616307110778;M2-GG-2-5
3616307161008;M2-GG-2-5
5060896575643;M2-GG-2-5
0000059082958;M2-GG-2-5
8712561803274;M2-GG-2-5
8720181601941;M2-GG-2-5
8720181607776;M2-GG-2-5
8720181607806;M2-GG-2-5
8720181607851;M2-GG-2-5
8720181607875;M2-GG-2-5
8720181607905;M2-GG-2-5
0810169970270;M2-GG-2-6
0810169970287;M2-GG-2-6
3256228452375;M2-GG-2-6
3256228452382;M2-GG-2-6
3256228914439;M2-GG-2-6
3256228914453;M2-GG-2-6
3286010074171;M2-GG-2-6
3450601040238;M2-GG-2-6
3600522107781;M2-GG-2-6
3600522372554;M2-GG-2-6
3600522632665;M2-GG-2-6
3600523438075;M2-GG-2-6
3600523462469;M2-GG-2-6
3600524027094;M2-GG-2-6
3600524076702;M2-GG-2-6
3600524143121;M2-GG-2-6
3600551067360;M2-GG-2-6
3600551145914;M2-GG-2-6
3600551145945;M2-GG-2-6
3600551145969;M2-GG-2-6
3600551146041;M2-GG-2-6
3600551146065;M2-GG-2-6
3600551146133;M2-GG-2-6
3600551146140;M2-GG-2-6
3600551146157;M2-GG-2-6
3600551146188;M2-GG-2-6
3600551146232;M2-GG-2-6
3600551146263;M2-GG-2-6
3600551146294;M2-GG-2-6
3600551146362;M2-GG-2-6
3600551146423;M2-GG-2-6
3600551154411;M2-GG-2-6
3600551155012;M2-GG-2-6
3600551155036;M2-GG-2-6
3600551159577;M2-GG-2-6
0000059092537;M2-GG-2-6
0000059092544;M2-GG-2-6
0000059092551;M2-GG-2-6
0000059095446;M2-GG-2-6
0000059095453;M2-GG-2-6
0000059096061;M2-GG-2-6
0000059096078;M2-GG-2-6
0000059099208;M2-GG-2-6
8711700934466;M2-GG-2-6
8711700934497;M2-GG-2-6
8717644256152;M2-GG-2-6
8718951273719;M2-GG-2-6
8720181061981;M2-GG-2-6
8720181072130;M2-GG-2-6
8720181077654;M2-GG-2-6
8720181077708;M2-GG-2-6
8720181213847;M2-GG-2-6
8720181213854;M2-GG-2-6
8720181297571;M2-GG-2-6
8720181297618;M2-GG-2-6
8720181300554;M2-GG-2-6
8720181418389;M2-GG-2-6
8720181548147;M2-GG-2-6
8720181548154;M2-GG-2-6
8720181548161;M2-GG-2-6
8720181548192;M2-GG-2-6
8720181548369;M2-GG-2-6
8720181548376;M2-GG-2-6
8720181548383;M2-GG-2-6
8720181548406;M2-GG-2-6
8720181548413;M2-GG-2-6
8720181548437;M2-GG-2-6
8720181548444;M2-GG-2-6
8720181548451;M2-GG-2-6
8720181555664;M2-GG-2-6
8720181555695;M2-GG-2-6
8720181662720;M2-GG-2-6
3014230021039;M2-GG-2-7
3014230021237;M2-GG-2-7
3014230022036;M2-GG-2-7
3017565100073;M2-GG-2-7
3017565410073;M2-GG-2-7
3031440040506;M2-GG-2-7
3031449312000;M2-GG-2-7
3031449312024;M2-GG-2-7
3031449312031;M2-GG-2-7
3031449312048;M2-GG-2-7
3031449313021;M2-GG-2-7
3031449314011;M2-GG-2-7
3050070004016;M2-GG-2-7
3050070004023;M2-GG-2-7
3052503107257;M2-GG-2-7
3058320052015;M2-GG-2-7
3058320052022;M2-GG-2-7
3058320052039;M2-GG-2-7
3058325014407;M2-GG-2-7
3059944025928;M2-GG-2-7
3059944026000;M2-GG-2-7
3059948003311;M2-GG-2-7
3059948006183;M2-GG-2-7
3178040478282;M2-GG-2-7
3178040643413;M2-GG-2-7
3178040689640;M2-GG-2-7
3178048344510;M2-GG-2-7
3181730332221;M2-GG-2-7
3256228452450;M2-GG-2-7
3256228452474;M2-GG-2-7
3256228452481;M2-GG-2-7
3256228452498;M2-GG-2-7
3256228452511;M2-GG-2-7
3256228452580;M2-GG-2-7
3256228452597;M2-GG-2-7
3286010085412;M2-GG-2-7
3326240006099;M2-GG-2-7
3326240006112;M2-GG-2-7
3357555040010;M2-GG-2-7
3379500280661;M2-GG-2-7
3379501540443;M2-GG-2-7
3379501550442;M2-GG-2-7
3379501560441;M2-GG-2-7
3379501720128;M2-GG-2-7
3379501760469;M2-GG-2-7
3379502790632;M2-GG-2-7
3379502800638;M2-GG-2-7
3430750793537;M2-GG-2-7
3430750793605;M2-GG-2-7
3468080259591;M2-GG-2-7
3600520297118;M2-GG-2-7
3600520301174;M2-GG-2-7
3600521602485;M2-GG-2-7
3600521667125;M2-GG-2-7
3600522334002;M2-GG-2-7
3600523526031;M2-GG-2-7
3600523526048;M2-GG-2-7
3600524073893;M2-GG-2-7
3600524075705;M2-GG-2-7
3600524125745;M2-GG-2-7
3600524125943;M2-GG-2-7
3600524181345;M2-GG-2-7
3600524190422;M2-GG-2-7
3600524191030;M2-GG-2-7
3600524195625;M2-GG-2-7
3600550290066;M2-GG-2-7
3600551178387;M2-GG-2-7
3616303322144;M2-GG-2-7
3616305447067;M2-GG-2-7
3616306128170;M2-GG-2-7
5060144644923;M2-GG-2-7
5060144644930;M2-GG-2-7
5060144644961;M2-GG-2-7
5060144644978;M2-GG-2-7
5060144647436;M2-GG-2-7
5060144647634;M2-GG-2-7
5060896572659;M2-GG-2-7
5060896577524;M2-GG-2-7
7702018602070;M2-GG-2-7
7702018602117;M2-GG-2-7
7702018607402;M2-GG-2-7
8001841705477;M2-GG-2-7
8001841705552;M2-GG-2-7
8001841705590;M2-GG-2-7
8006540299326;M2-GG-2-7
8006540663950;M2-GG-2-7
8006540936788;M2-GG-2-7
8700216036658;M2-GG-2-7
8700216064361;M2-GG-2-7
8700216074384;M2-GG-2-7
8700216165211;M2-GG-2-7
8712561803847;M2-GG-2-7
8717163962084;M2-GG-2-7
8720039303621;M2-GG-2-7
8720181343513;M2-GG-2-7
8720181343520;M2-GG-2-7
8720181343537;M2-GG-2-7
3010351750315;M2-GG-2-8
3015810608817;M2-GG-2-8
3024876050119;M2-GG-2-8
3181730117767;M2-GG-2-8
3181730117804;M2-GG-2-8
3181730117965;M2-GG-2-8
3181730125007;M2-GG-2-8
3181730152324;M2-GG-2-8
3256228656964;M2-GG-2-8
3256228656971;M2-GG-2-8
3256228656988;M2-GG-2-8
3256228656995;M2-GG-2-8
3256228657008;M2-GG-2-8
3256228657015;M2-GG-2-8
3256228657022;M2-GG-2-8
3256228657039;M2-GG-2-8
3600551113784;M2-GG-2-8
3600551113791;M2-GG-2-8
3600551117409;M2-GG-2-8
3600551124353;M2-GG-2-8
3600551124360;M2-GG-2-8
3660992017140;M2-GG-2-8
7702018603961;M2-GG-2-8
7702018604067;M2-GG-2-8
7702018605378;M2-GG-2-8
7702018621255;M2-GG-2-8
8001090420749;M2-GG-2-8
8001090427380;M2-GG-2-8
8001090428356;M2-GG-2-8
8001090442819;M2-GG-2-8
8001090457998;M2-GG-2-8
8001090614407;M2-GG-2-8
8006540661666;M2-GG-2-8
8006540762110;M2-GG-2-8
8006540765371;M2-GG-2-8
8006540765654;M2-GG-2-8
8006540765739;M2-GG-2-8
8006540765814;M2-GG-2-8
8006540885499;M2-GG-2-8
8006540885550;M2-GG-2-8
8700216304498;M2-GG-2-8
8700216331814;M2-GG-2-8
8700216479479;M2-GG-2-8
8700216479622;M2-GG-2-8
8700216479851;M2-GG-2-8
8700216480161;M2-GG-2-8
8700216504508;M2-GG-2-8
8700216504690;M2-GG-2-8
8700216506830;M2-GG-2-8
8700216506885;M2-GG-2-8
8700216518543;M2-GG-2-8
8700216518604;M2-GG-2-8
8700216518789;M2-GG-2-8
8700216519021;M2-GG-2-8
8700216561105;M2-GG-2-8
8700216607858;M2-GG-2-8
8700216618755;M2-GG-2-8
8700216619004;M2-GG-2-8
8710103997146;M2-GG-2-8
8720689028905;M2-GG-2-8
8720689029100;M2-GG-2-8
3014260207618;M2-GG-2-9
3014260208950;M2-GG-2-9
3086123170513;M2-GG-2-9
3086123220614;M2-GG-2-9
3086123298651;M2-GG-2-9
3086123437579;M2-GG-2-9
3086123644885;M2-GG-2-9
3086123644977;M2-GG-2-9
3086123644984;M2-GG-2-9
3086126692586;M2-GG-2-9
3086127500170;M2-GG-2-9
3256226651763;M2-GG-2-9
3256229738836;M2-GG-2-9
3256229738843;M2-GG-2-9
3256229738850;M2-GG-2-9
3256229738867;M2-GG-2-9
3256229739482;M2-GG-2-9
3256229739635;M2-GG-2-9
3256229739642;M2-GG-2-9
3660992017195;M2-GG-2-9
3660992017232;M2-GG-2-9
4027800009008;M2-GG-2-9
4027800038831;M2-GG-2-9
4027800068302;M2-GG-2-9
4027800103607;M2-GG-2-9
4027800104109;M2-GG-2-9
4027800104161;M2-GG-2-9
4027800121403;M2-GG-2-9
4027800130603;M2-GG-2-9
4027800205301;M2-GG-2-9
4027800205400;M2-GG-2-9
4027800216505;M2-GG-2-9
4027800230907;M2-GG-2-9
4027800239504;M2-GG-2-9
4027800274109;M2-GG-2-9
4027800299805;M2-GG-2-9
4027800348107;M2-GG-2-9
4027800348503;M2-GG-2-9
4027800348800;M2-GG-2-9
4027800372508;M2-GG-2-9
4027800372607;M2-GG-2-9
4027800383801;M2-GG-2-9
4027800402205;M2-GG-2-9
4027800402342;M2-GG-2-9
4027800402373;M2-GG-2-9
4027800402502;M2-GG-2-9
4027800404100;M2-GG-2-9
4027800438808;M2-GG-2-9
4027800460205;M2-GG-2-9
4027800509805;M2-GG-2-9
4027800509904;M2-GG-2-9
4027800513604;M2-GG-2-9
4027800712700;M2-GG-2-9
5060144646323;M2-GG-2-9
5060144646330;M2-GG-2-9
7702018417759;M2-GG-2-9
7702018417841;M2-GG-2-9
7702018466689;M2-GG-2-9
7702018467266;M2-GG-2-9
7702018490417;M2-GG-2-9
7702018541850;M2-GG-2-9
7702018550784;M2-GG-2-9
7702018619139;M2-GG-2-9
8006540741115;M2-GG-2-9
8006540743768;M2-GG-2-9
3178041337335;M2-GG-3-1
3178041349994;M2-GG-3-1
3178041350051;M2-GG-3-1
3450601026218;M2-GG-3-1
3450601026256;M2-GG-3-1
3468080150874;M2-GG-3-1
3468080405721;M2-GG-3-1
3549620007008;M2-GG-3-1
3549620007039;M2-GG-3-1
3549620007183;M2-GG-3-1
3549620007206;M2-GG-3-1
3549620007619;M2-GG-3-1
3549620007657;M2-GG-3-1
3549621007847;M2-GG-3-1
3549621007854;M2-GG-3-1
3574661568478;M2-GG-3-1
3574661568492;M2-GG-3-1
3574661568867;M2-GG-3-1
3574661568881;M2-GG-3-1
3574661568928;M2-GG-3-1
3574661601496;M2-GG-3-1
3574661659732;M2-GG-3-1
3574661659749;M2-GG-3-1
3574661659756;M2-GG-3-1
3574661659763;M2-GG-3-1
3600551020211;M2-GG-3-1
3600551053660;M2-GG-3-1
3600551053684;M2-GG-3-1
3600551053707;M2-GG-3-1
3600551053714;M2-GG-3-1
3600551053721;M2-GG-3-1
3600551053745;M2-GG-3-1
3600551053776;M2-GG-3-1
3600551053806;M2-GG-3-1
3600551053844;M2-GG-3-1
3600551053851;M2-GG-3-1
3600551053875;M2-GG-3-1
3600551053882;M2-GG-3-1
3600551054087;M2-GG-3-1
3600551054131;M2-GG-3-1
3600551054148;M2-GG-3-1
3600551055015;M2-GG-3-1
3600551072227;M2-GG-3-1
3600551072241;M2-GG-3-1
3600551125541;M2-GG-3-1
3600551125572;M2-GG-3-1
3600551132914;M2-GG-3-1
3600551171548;M2-GG-3-1
3600551171555;M2-GG-3-1
3600551171562;M2-GG-3-1
3600551171678;M2-GG-3-1
3600551171685;M2-GG-3-1
3600551174822;M2-GG-3-1
3600551174846;M2-GG-3-1
3600551174860;M2-GG-3-1
3600551174907;M2-GG-3-1
3600551175065;M2-GG-3-1
3600551175201;M2-GG-3-1
8718951153400;M2-GG-3-1
8718951153776;M2-GG-3-1
8718951154322;M2-GG-3-1
8718951263895;M2-GG-3-1
8718951395633;M2-GG-3-1
8718951395695;M2-GG-3-1
8718951721937;M2-GG-3-1
8718951722026;M2-GG-3-1
8718951722729;M2-GG-3-1
8718951722781;M2-GG-3-1
8718951722996;M2-GG-3-1
8718951739475;M2-GG-3-1
3141380052818;M2-GG-3-2
3141380054911;M2-GG-3-2
3141380054959;M2-GG-3-2
3141380054966;M2-GG-3-2
3141380059626;M2-GG-3-2
3141380059633;M2-GG-3-2
3141380059664;M2-GG-3-2
3141389959835;M2-GG-3-2
3141389959873;M2-GG-3-2
3178041327978;M2-GG-3-2
3178041354493;M2-GG-3-2
3178041354516;M2-GG-3-2
3178041354530;M2-GG-3-2
3178041354554;M2-GG-3-2
3256229526716;M2-GG-3-2
3468080154933;M2-GG-3-2
3468080154988;M2-GG-3-2
3468080155022;M2-GG-3-2
3517360012767;M2-GG-3-2
3517360021103;M2-GG-3-2
3574661065427;M2-GG-3-2
3574661148441;M2-GG-3-2
3574661254494;M2-GG-3-2
3574661319308;M2-GG-3-2
3574661353463;M2-GG-3-2
3574661522159;M2-GG-3-2
3574661522173;M2-GG-3-2
3574661568898;M2-GG-3-2
3574661578088;M2-GG-3-2
3574661578224;M2-GG-3-2
3574661578255;M2-GG-3-2
3574661578286;M2-GG-3-2
3574661578361;M2-GG-3-2
3574661578422;M2-GG-3-2
3574661578453;M2-GG-3-2
3574661601601;M2-GG-3-2
3574661601618;M2-GG-3-2
3574661601656;M2-GG-3-2
3574661601663;M2-GG-3-2
3574661608273;M2-GG-3-2
3574661608549;M2-GG-3-2
3574661701240;M2-GG-3-2
3600551053929;M2-GG-3-2
3600551054032;M2-GG-3-2
3760207116986;M2-GG-3-2
3760207117051;M2-GG-3-2
3045206501460;M2-GG-3-3
3045206501668;M2-GG-3-3
3058326073946;M2-GG-3-3
3178041360319;M2-GG-3-3
3256226396558;M2-GG-3-3
3256226396657;M2-GG-3-3
3256228250780;M2-GG-3-3
3256229526570;M2-GG-3-3
3256229526587;M2-GG-3-3
3256229526624;M2-GG-3-3
3256229526631;M2-GG-3-3
3256229526648;M2-GG-3-3
3256229526655;M2-GG-3-3
3256229526662;M2-GG-3-3
3256229526679;M2-GG-3-3
3256229526686;M2-GG-3-3
3256229526693;M2-GG-3-3
3256229526709;M2-GG-3-3
3256229526723;M2-GG-3-3
3256229526747;M2-GG-3-3
3256229526754;M2-GG-3-3
3256229526761;M2-GG-3-3
3256229526778;M2-GG-3-3
3256229526785;M2-GG-3-3
3256229526792;M2-GG-3-3
3286010021977;M2-GG-3-3
3286010049483;M2-GG-3-3
3286010060242;M2-GG-3-3
3286010070333;M2-GG-3-3
3286010070340;M2-GG-3-3
3286010070357;M2-GG-3-3
3286010070364;M2-GG-3-3
3286010070371;M2-GG-3-3
3286010070401;M2-GG-3-3
3383482301269;M2-GG-3-3
3383482301276;M2-GG-3-3
3450601100345;M2-GG-3-3
3450601100475;M2-GG-3-3
3517360012750;M2-GG-3-3
3517360012774;M2-GG-3-3
3517360019865;M2-GG-3-3
3517360022803;M2-GG-3-3
3549620007145;M2-GG-3-3
3549620007626;M2-GG-3-3
3574661653594;M2-GG-3-3
3574661699493;M2-GG-3-3
3574661699608;M2-GG-3-3
3574661699615;M2-GG-3-3
3574661699653;M2-GG-3-3
3574661700533;M2-GG-3-3
3574661700540;M2-GG-3-3
3574661700755;M2-GG-3-3
3574661700762;M2-GG-3-3
3574661700809;M2-GG-3-3
3574661700816;M2-GG-3-3
3574661700830;M2-GG-3-3
3574661700847;M2-GG-3-3
3574661700908;M2-GG-3-3
3574661700915;M2-GG-3-3
3574661700960;M2-GG-3-3
3574661700977;M2-GG-3-3
3574661701004;M2-GG-3-3
3574661701059;M2-GG-3-3
3574661701172;M2-GG-3-3
3574661701257;M2-GG-3-3
3574661701264;M2-GG-3-3
3574661701295;M2-GG-3-3
3574661701301;M2-GG-3-3
3574661701387;M2-GG-3-3
3574661701394;M2-GG-3-3
3574661701431;M2-GG-3-3
3574661701851;M2-GG-3-3
3574661708485;M2-GG-3-3
3574661708492;M2-GG-3-3
3574661709109;M2-GG-3-3
3574661709116;M2-GG-3-3
3574661753379;M2-GG-3-3
3574661753386;M2-GG-3-3
3574661768816;M2-GG-3-3
3574661774176;M2-GG-3-3
3574661787459;M2-GG-3-3
3574661787466;M2-GG-3-3
3574661787473;M2-GG-3-3
3574661787480;M2-GG-3-3
3574661801872;M2-GG-3-3
3600551054025;M2-GG-3-3
3600551125220;M2-GG-3-3
3600551125237;M2-GG-3-3
3600551132099;M2-GG-3-3
3600551132136;M2-GG-3-3
3600551132150;M2-GG-3-3
3600551132174;M2-GG-3-3
3600551132181;M2-GG-3-3
3600551132204;M2-GG-3-3
3600551132211;M2-GG-3-3
3600551132778;M2-GG-3-3
3600551132792;M2-GG-3-3
3600551132808;M2-GG-3-3
3600551132815;M2-GG-3-3
3600551132822;M2-GG-3-3
3600551132860;M2-GG-3-3
3600551132877;M2-GG-3-3
3600551132891;M2-GG-3-3
3600551132907;M2-GG-3-3
3600551132921;M2-GG-3-3
3616303444075;M2-GG-3-3
3616303444174;M2-GG-3-3
3616303444365;M2-GG-3-3
3760207117044;M2-GG-3-3
3760207118010;M2-GG-3-3
3760207118492;M2-GG-3-3
4000388176904;M2-GG-3-3
4005900930170;M2-GG-3-3
4005900932518;M2-GG-3-3
8710447381021;M2-GG-3-3
8710447445945;M2-GG-3-3
8710447446010;M2-GG-3-3
8710847972706;M2-GG-3-3
8710847972720;M2-GG-3-3
8712561593335;M2-GG-3-3
8712561594424;M2-GG-3-3
8718951087569;M2-GG-3-3
8718951481213;M2-GG-3-3
8718951487659;M2-GG-3-3
8718951488441;M2-GG-3-3
8718951544352;M2-GG-3-3
8718951544413;M2-GG-3-3
8718951544444;M2-GG-3-3
8718951544475;M2-GG-3-3
8718951544505;M2-GG-3-3
8718951544710;M2-GG-3-3
8718951544741;M2-GG-3-3
8718951544772;M2-GG-3-3
8718951545373;M2-GG-3-3
8718951546134;M2-GG-3-3
8718951546165;M2-GG-3-3
8718951558403;M2-GG-3-3
8718951558441;M2-GG-3-3
8718951558489;M2-GG-3-3
8718951559431;M2-GG-3-3
8718951559479;M2-GG-3-3
8718951561564;M2-GG-3-3
8718951562158;M2-GG-3-3
8718951562301;M2-GG-3-3
8718951564428;M2-GG-3-3
8718951565913;M2-GG-3-3
8718951565975;M2-GG-3-3
8718951566125;M2-GG-3-3
8718951566156;M2-GG-3-3
8718951567108;M2-GG-3-3
8718951567276;M2-GG-3-3
8718951567351;M2-GG-3-3
8718951580244;M2-GG-3-3
8718951581036;M2-GG-3-3
8718951581098;M2-GG-3-3
8718951589056;M2-GG-3-3
8718951589513;M2-GG-3-3
8718951589575;M2-GG-3-3
8718951589605;M2-GG-3-3
8718951647527;M2-GG-3-3
8718951648586;M2-GG-3-3
8718951653573;M2-GG-3-3
8718951653610;M2-GG-3-3
8720181015380;M2-GG-3-3
8720181015397;M2-GG-3-3
8720181158384;M2-GG-3-3
8720181158391;M2-GG-3-3
8720181158407;M2-GG-3-3
8720181198557;M2-GG-3-3
8720181199547;M2-GG-3-3
8720181202049;M2-GG-3-3
8720181222481;M2-GG-3-3
8720181222559;M2-GG-3-3
8720181222634;M2-GG-3-3
8720181297656;M2-GG-3-3
8720181421761;M2-GG-3-3
8720181421815;M2-GG-3-3
8720181424809;M2-GG-3-3
8720181457418;M2-GG-3-3
8720181460067;M2-GG-3-3
8720181460142;M2-GG-3-3
8720181466397;M2-GG-3-3
8720181466410;M2-GG-3-3
8720181466519;M2-GG-3-3
8720181471650;M2-GG-3-3
8720181471704;M2-GG-3-3
8720181477553;M2-GG-3-3
8720181479922;M2-GG-3-3
8720181481529;M2-GG-3-3
8720181490101;M2-GG-3-3
8720181490118;M2-GG-3-3
8720181490125;M2-GG-3-3
8720181503320;M2-GG-3-3
8720181503337;M2-GG-3-3
8720181503368;M2-GG-3-3
8720182523877;M2-GG-3-3
8720182523891;M2-GG-3-3
3181730076262;M2-GG-3-4
3181730076286;M2-GG-3-4
3574661151250;M2-GG-3-4
3574661655031;M2-GG-3-4
3574661655055;M2-GG-3-4
3574661655062;M2-GG-3-4
3600550984866;M2-GG-3-4
3600550984873;M2-GG-3-4
3600551017907;M2-GG-3-4
3600551017914;M2-GG-3-4
3600551019970;M2-GG-3-4
3600551054247;M2-GG-3-4
3600551054285;M2-GG-3-4
3600551054308;M2-GG-3-4
3600551054315;M2-GG-3-4
3600551054339;M2-GG-3-4
3600551054346;M2-GG-3-4
3600551054353;M2-GG-3-4
3600551054384;M2-GG-3-4
3600551054445;M2-GG-3-4
3600551054469;M2-GG-3-4
3600551054476;M2-GG-3-4
3600551054483;M2-GG-3-4
3600551054490;M2-GG-3-4
3600551054506;M2-GG-3-4
3600551125244;M2-GG-3-4
3600551132082;M2-GG-3-4
3600551132143;M2-GG-3-4
3600551136202;M2-GG-3-4
3660992015672;M2-GG-3-4
8718951185913;M2-GG-3-4
8718951241275;M2-GG-3-4
8718951241664;M2-GG-3-4
8718951385481;M2-GG-3-4
8718951385726;M2-GG-3-4
8718951388499;M2-GG-3-4
8718951388703;M2-GG-3-4
8718951388765;M2-GG-3-4
8718951416741;M2-GG-3-4
8718951416895;M2-GG-3-4
8718951417106;M2-GG-3-4
8718951417830;M2-GG-3-4
8718951480780;M2-GG-3-4
8718951480827;M2-GG-3-4
8718951480995;M2-GG-3-4
8718951481039;M2-GG-3-4
8718951481107;M2-GG-3-4
8718951481299;M2-GG-3-4
8718951481336;M2-GG-3-4
8718951481367;M2-GG-3-4
8718951481459;M2-GG-3-4
8718951481497;M2-GG-3-4
8718951481534;M2-GG-3-4
8718951481572;M2-GG-3-4
8718951565395;M2-GG-3-4
8718951566002;M2-GG-3-4
8718951566033;M2-GG-3-4
8718951567191;M2-GG-3-4
8718951660519;M2-GG-3-4
8718951664012;M2-GG-3-4
3178040429628;M2-GG-3-5
3178040683167;M2-GG-3-5
3178041335010;M2-GG-3-5
3178041344937;M2-GG-3-5
3178041344951;M2-GG-3-5
3600550166668;M2-GG-3-5
3600550178104;M2-GG-3-5
3600551055206;M2-GG-3-5
3600551055619;M2-GG-3-5
3600551147192;M2-GG-3-5
3600551177748;M2-GG-3-5
3600551177861;M2-GG-3-5
5037156227482;M2-GG-3-5
5037156227499;M2-GG-3-5
5037156227505;M2-GG-3-5
5037156227512;M2-GG-3-5
5037156227574;M2-GG-3-5
5037156232035;M2-GG-3-5
5037156232059;M2-GG-3-5
5037156232066;M2-GG-3-5
5037156251234;M2-GG-3-5
5037156262940;M2-GG-3-5
8001090677860;M2-GG-3-5
8001090900784;M2-GG-3-5
8001090901651;M2-GG-3-5
8001841136929;M2-GG-3-5
8001841235080;M2-GG-3-5
8001841235110;M2-GG-3-5
8001841250472;M2-GG-3-5
8001841250595;M2-GG-3-5
8001841407463;M2-GG-3-5
8001841444406;M2-GG-3-5
8001841501000;M2-GG-3-5
8001841501093;M2-GG-3-5
8001841501611;M2-GG-3-5
8001841990293;M2-GG-3-5
8006540084526;M2-GG-3-5
8006540088784;M2-GG-3-5
8006540126349;M2-GG-3-5
8006540687505;M2-GG-3-5
8006540687680;M2-GG-3-5
8006540687741;M2-GG-3-5
8006540687772;M2-GG-3-5
8006540687833;M2-GG-3-5
8006540687987;M2-GG-3-5
8700216156097;M2-GG-3-5
8700216156783;M2-GG-3-5
8700216207911;M2-GG-3-5
8700216208277;M2-GG-3-5
8700216208444;M2-GG-3-5
8700216208468;M2-GG-3-5
8700216319546;M2-GG-3-5
3014230560033;M2-GG-3-6
3331300061734;M2-GG-3-6
3331300061741;M2-GG-3-6
3331300062632;M2-GG-3-6
3331300062656;M2-GG-3-6
3331300062939;M2-GG-3-6
3331300062946;M2-GG-3-6
3331300062984;M2-GG-3-6
3383482302204;M2-GG-3-6
3600521141564;M2-GG-3-6
3600521756805;M2-GG-3-6
3600522191094;M2-GG-3-6
3600522214656;M2-GG-3-6
3600522410874;M2-GG-3-6
3600523493449;M2-GG-3-6
3600523493975;M2-GG-3-6
3600523682676;M2-GG-3-6
3600523682683;M2-GG-3-6
3600523900503;M2-GG-3-6
3600523924868;M2-GG-3-6
3600523925063;M2-GG-3-6
3600523925100;M2-GG-3-6
3600523925308;M2-GG-3-6
3600523925506;M2-GG-3-6
3600523925735;M2-GG-3-6
3600523925858;M2-GG-3-6
3600523925933;M2-GG-3-6
3600523937813;M2-GG-3-6
3600523970032;M2-GG-3-6
3600523970599;M2-GG-3-6
3600524029531;M2-GG-3-6
3600524029777;M2-GG-3-6
3600524030889;M2-GG-3-6
3600524042455;M2-GG-3-6
3600540989338;M2-GG-3-6
3600550038736;M2-GG-3-6
3600550038743;M2-GG-3-6
3600550075069;M2-GG-3-6
3600550153415;M2-GG-3-6
3600550153491;M2-GG-3-6
3600550153538;M2-GG-3-6
3600550255560;M2-GG-3-6
3600550260229;M2-GG-3-6
3600550274660;M2-GG-3-6
3600550274783;M2-GG-3-6
3600550312379;M2-GG-3-6
3600550456035;M2-GG-3-6
3600550806700;M2-GG-3-6
3600550817560;M2-GG-3-6
3600550817584;M2-GG-3-6
3600550817591;M2-GG-3-6
3600550949261;M2-GG-3-6
3600550949278;M2-GG-3-6
3600551049427;M2-GG-3-6
3600551177779;M2-GG-3-6
3600551177830;M2-GG-3-6
3600551177854;M2-GG-3-6
3760201135372;M2-GG-3-6
5010724526798;M2-GG-3-6
5010724527504;M2-GG-3-6
5010724529836;M2-GG-3-6
8006540423295;M2-GG-3-6
8006540445525;M2-GG-3-6
8006540445556;M2-GG-3-6
8006540445587;M2-GG-3-6
8006540524831;M2-GG-3-6
8700216343923;M2-GG-3-6
8700216532556;M2-GG-3-6
8700216532662;M2-GG-3-6
3140100366433;M2-GG-3-7
3178041348614;M2-GG-3-7
3178041348690;M2-GG-3-7
3256228834874;M2-GG-3-7
3256228834881;M2-GG-3-7
3256228974716;M2-GG-3-7
3256228974747;M2-GG-3-7
3256228974808;M2-GG-3-7
3256228974815;M2-GG-3-7
3256228974846;M2-GG-3-7
3256228974853;M2-GG-3-7
3256228974891;M2-GG-3-7
3256228974921;M2-GG-3-7
3286010022097;M2-GG-3-7
3327520003241;M2-GG-3-7
3327520006037;M2-GG-3-7
3327520006051;M2-GG-3-7
3327520006068;M2-GG-3-7
3327520006075;M2-GG-3-7
3450601028939;M2-GG-3-7
3468080409712;M2-GG-3-7
3468080409729;M2-GG-3-7
3517360021417;M2-GG-3-7
3574661629810;M2-GG-3-7
3574661629889;M2-GG-3-7
3574661762364;M2-GG-3-7
3600522215370;M2-GG-3-7
3600522448433;M2-GG-3-7
3600522450580;M2-GG-3-7
3600523199204;M2-GG-3-7
3600523203307;M2-GG-3-7
3600523203758;M2-GG-3-7
3600523214464;M2-GG-3-7
3600523583270;M2-GG-3-7
3600523583805;M2-GG-3-7
3600523586301;M2-GG-3-7
3600523709625;M2-GG-3-7
3600523709649;M2-GG-3-7
3600523755714;M2-GG-3-7
3600523755721;M2-GG-3-7
3600523882120;M2-GG-3-7
3600523882304;M2-GG-3-7
3600523899708;M2-GG-3-7
3600523925148;M2-GG-3-7
3600523925186;M2-GG-3-7
3600523925223;M2-GG-3-7
3600523925469;M2-GG-3-7
3600523925773;M2-GG-3-7
3600523934201;M2-GG-3-7
3600523970209;M2-GG-3-7
3600524033705;M2-GG-3-7
3600524098629;M2-GG-3-7
3600524098698;M2-GG-3-7
3600524138585;M2-GG-3-7
3600524139667;M2-GG-3-7
3600541970373;M2-GG-3-7
3600541982062;M2-GG-3-7
3600541982109;M2-GG-3-7
3600541982260;M2-GG-3-7
3600541982307;M2-GG-3-7
3600542129244;M2-GG-3-7
3600542129527;M2-GG-3-7
3600542132183;M2-GG-3-7
3600542221054;M2-GG-3-7
3600542289818;M2-GG-3-7
3600542289825;M2-GG-3-7
3600542289856;M2-GG-3-7
3600542290227;M2-GG-3-7
3600542290234;M2-GG-3-7
3600542290241;M2-GG-3-7
3600542372398;M2-GG-3-7
3600542372831;M2-GG-3-7
3600542374118;M2-GG-3-7
3600542389402;M2-GG-3-7
3600542430449;M2-GG-3-7
3600542430975;M2-GG-3-7
3600542502658;M2-GG-3-7
3600542523288;M2-GG-3-7
3600542613262;M2-GG-3-7
3600542613279;M2-GG-3-7
3600542613286;M2-GG-3-7
3600542613293;M2-GG-3-7
3600542613309;M2-GG-3-7
3600542613323;M2-GG-3-7
3600551032115;M2-GG-3-7
3600551032153;M2-GG-3-7
3600551056081;M2-GG-3-7
3760207118478;M2-GG-3-7
3760207119062;M2-GG-3-7
3760209549904;M2-GG-3-7
5033871000164;M2-GG-3-7
5033871000188;M2-GG-3-7
8006540084267;M2-GG-3-7
8006540508473;M2-GG-3-7
8006540508589;M2-GG-3-7
8710522643907;M2-GG-3-7
8710522643990;M2-GG-3-7
8710522644010;M2-GG-3-7
8710522644034;M2-GG-3-7
8710522644041;M2-GG-3-7
8710522644058;M2-GG-3-7
8710522881460;M2-GG-3-7
8717163752388;M2-GG-3-7
8717163752401;M2-GG-3-7
3054089462775;M2-GG-3-8
3054089462935;M2-GG-3-8
3058326050497;M2-GG-3-8
3058326050534;M2-GG-3-8
3140100366389;M2-GG-3-8
3140100366396;M2-GG-3-8
3140100366402;M2-GG-3-8
3140100366426;M2-GG-3-8
3140100366440;M2-GG-3-8
3140100366457;M2-GG-3-8
3178041355056;M2-GG-3-8
3178041355094;M2-GG-3-8
3178041355643;M2-GG-3-8
3178041355667;M2-GG-3-8
3256228974730;M2-GG-3-8
3256228974792;M2-GG-3-8
3256228974839;M2-GG-3-8
3256228974884;M2-GG-3-8
3286010022042;M2-GG-3-8
3286010022059;M2-GG-3-8
3286010022066;M2-GG-3-8
3286010022073;M2-GG-3-8
3286010022080;M2-GG-3-8
3286010022110;M2-GG-3-8
3286010064615;M2-GG-3-8
3327520003203;M2-GG-3-8
3327520003258;M2-GG-3-8
3450601028892;M2-GG-3-8
3517360014198;M2-GG-3-8
3517360017410;M2-GG-3-8
3517360017656;M2-GG-3-8
3517360019988;M2-GG-3-8
3517360021202;M2-GG-3-8
3517360021394;M2-GG-3-8
3517360021400;M2-GG-3-8
3517360026405;M2-GG-3-8
3517360026412;M2-GG-3-8
3574661460451;M2-GG-3-8
3574661537429;M2-GG-3-8
3574661537436;M2-GG-3-8
3574661537450;M2-GG-3-8
3574661537467;M2-GG-3-8
3574661539126;M2-GG-3-8
3574661569765;M2-GG-3-8
3574661574042;M2-GG-3-8
3574661574370;M2-GG-3-8
3574661574394;M2-GG-3-8
3574661574561;M2-GG-3-8
3574661574608;M2-GG-3-8
3574661574639;M2-GG-3-8
3574661574691;M2-GG-3-8
3574661574745;M2-GG-3-8
3574661574752;M2-GG-3-8
3574661575209;M2-GG-3-8
3574661593524;M2-GG-3-8
3574661593951;M2-GG-3-8
3574661593968;M2-GG-3-8
3574661598949;M2-GG-3-8
3574661650340;M2-GG-3-8
3574661809922;M2-GG-3-8
3600524098384;M2-GG-3-8
3600524098599;M2-GG-3-8
3600524098605;M2-GG-3-8
3600524098667;M2-GG-3-8
3600524098674;M2-GG-3-8
3600524098681;M2-GG-3-8
3600524100292;M2-GG-3-8
3600524143619;M2-GG-3-8
3600524143671;M2-GG-3-8
3600542118958;M2-GG-3-8
3600542271332;M2-GG-3-8
3600542368131;M2-GG-3-8
3600542368179;M2-GG-3-8
3600542368216;M2-GG-3-8
3600542417839;M2-GG-3-8
3600542417853;M2-GG-3-8
3600542418553;M2-GG-3-8
3600542441971;M2-GG-3-8
3600542525688;M2-GG-3-8
3600542525848;M2-GG-3-8
3600542525893;M2-GG-3-8
3600542599160;M2-GG-3-8
3600542624305;M2-GG-3-8
3600551119854;M2-GG-3-8
3600551119861;M2-GG-3-8
3760207114845;M2-GG-3-8
3760207115019;M2-GG-3-8
3760207115033;M2-GG-3-8
5037156279467;M2-GG-3-8
5037156286342;M2-GG-3-8
5037156286359;M2-GG-3-8
0022796970053;M2-GG-3-9
0022796970060;M2-GG-3-9
0022796976017;M2-GG-3-9
0022796976024;M2-GG-3-9
0022796976116;M2-GG-3-9
0022796976123;M2-GG-3-9
3054089436943;M2-GG-3-9
3054089452233;M2-GG-3-9
3054089452356;M2-GG-3-9
3054089452394;M2-GG-3-9
3054089452479;M2-GG-3-9
3054089462812;M2-GG-3-9
3054089462898;M2-GG-3-9
3054089463017;M2-GG-3-9
3058326071843;M2-GG-3-9
3140100403794;M2-GG-3-9
3140100403800;M2-GG-3-9
3141380083010;M2-GG-3-9
3256224359630;M2-GG-3-9
3256226087296;M2-GG-3-9
3256226087326;M2-GG-3-9
3256228323583;M2-GG-3-9
3256228323590;M2-GG-3-9
3256228587398;M2-GG-3-9
3256228587411;M2-GG-3-9
3256228974662;M2-GG-3-9
3256228974679;M2-GG-3-9
3256228974686;M2-GG-3-9
3256228974693;M2-GG-3-9
3256228974709;M2-GG-3-9
3256228974723;M2-GG-3-9
3256228974754;M2-GG-3-9
3256228974761;M2-GG-3-9
3256228974778;M2-GG-3-9
3256228974785;M2-GG-3-9
3256228974822;M2-GG-3-9
3256228974860;M2-GG-3-9
3256228974877;M2-GG-3-9
3256228974907;M2-GG-3-9
3256228974914;M2-GG-3-9
3256228974938;M2-GG-3-9
3327520006020;M2-GG-3-9
3574661231372;M2-GG-3-9
3574661574554;M2-GG-3-9
3574661711003;M2-GG-3-9
3574661761909;M2-GG-3-9
3574661761923;M2-GG-3-9
3574661801841;M2-GG-3-9
3574661804996;M2-GG-3-9
3574661805009;M2-GG-3-9
3574661805023;M2-GG-3-9
3574661805030;M2-GG-3-9
3600523800926;M2-GG-3-9
3600523975310;M2-GG-3-9
3600524074500;M2-GG-3-9
3600524074784;M2-GG-3-9
3600524078522;M2-GG-3-9
3600524098414;M2-GG-3-9
3600524098421;M2-GG-3-9
3600524098438;M2-GG-3-9
3600524098445;M2-GG-3-9
3600524098476;M2-GG-3-9
3600524098483;M2-GG-3-9
3600524098513;M2-GG-3-9
3600524098537;M2-GG-3-9
3600524098544;M2-GG-3-9
3600524098568;M2-GG-3-9
3600524098582;M2-GG-3-9
3600524099459;M2-GG-3-9
3600524099503;M2-GG-3-9
3600524099510;M2-GG-3-9
3600524100308;M2-GG-3-9
3600524102968;M2-GG-3-9
3600524102975;M2-GG-3-9
3600524103897;M2-GG-3-9
3600524103927;M2-GG-3-9
3600524104054;M2-GG-3-9
3600524143664;M2-GG-3-9
3600524143725;M2-GG-3-9
3600540539397;M2-GG-3-9
3600541204638;M2-GG-3-9
3600541887930;M2-GG-3-9
3600542376211;M2-GG-3-9
3600542376297;M2-GG-3-9
3600542417891;M2-GG-3-9
3600542418492;M2-GG-3-9
3600542418737;M2-GG-3-9
3600542418836;M2-GG-3-9
3600542441643;M2-GG-3-9
3600542442312;M2-GG-3-9
3600542502467;M2-GG-3-9
3600542509244;M2-GG-3-9
3600542509602;M2-GG-3-9
3600542509848;M2-GG-3-9
3600542520829;M2-GG-3-9
3600542522557;M2-GG-3-9
3600542523318;M2-GG-3-9
3600542523325;M2-GG-3-9
3600542525626;M2-GG-3-9
3600542525633;M2-GG-3-9
3600542525657;M2-GG-3-9
3600542525671;M2-GG-3-9
3600542525695;M2-GG-3-9
3600542525701;M2-GG-3-9
3600542525756;M2-GG-3-9
3600542525763;M2-GG-3-9
3600542525770;M2-GG-3-9
3600542525800;M2-GG-3-9
3600542525817;M2-GG-3-9
3600542525831;M2-GG-3-9
3600542527118;M2-GG-3-9
3600542527132;M2-GG-3-9
3600542527156;M2-GG-3-9
3600542527194;M2-GG-3-9
3600542527200;M2-GG-3-9
3600542527224;M2-GG-3-9
3600542527231;M2-GG-3-9
3600542527248;M2-GG-3-9
3600542527255;M2-GG-3-9
3600542527262;M2-GG-3-9
3600542527286;M2-GG-3-9
3600542527293;M2-GG-3-9
3600542567411;M2-GG-3-9
3600551071091;M2-GG-3-9
3600551102962;M2-GG-3-9
3600551103037;M2-GG-3-9
3600551103044;M2-GG-3-9
3600551103068;M2-GG-3-9
3600551103075;M2-GG-3-9
3600551133003;M2-GG-3-9
3600551142128;M2-GG-3-9
3600551172309;M2-GG-3-9
3600551172323;M2-GG-3-9
3760207119031;M2-GG-3-9
8001090650948;M2-GG-3-9
8001090710499;M2-GG-3-9
8001090778406;M2-GG-3-9
8001090797100;M2-GG-3-9
8001090797124;M2-GG-3-9
8001090807526;M2-GG-3-9
8001090900777;M2-GG-3-9
8001090901606;M2-GG-3-9
8001090901620;M2-GG-3-9
8001090901729;M2-GG-3-9
8006540329597;M2-GG-3-9
8006540656600;M2-GG-3-9
8006540671610;M2-GG-3-9
8006540687536;M2-GG-3-9
8006540687567;M2-GG-3-9
8006540687598;M2-GG-3-9
8006540687710;M2-GG-3-9
8006540687802;M2-GG-3-9
8006540687864;M2-GG-3-9
8006540688328;M2-GG-3-9
8006540688359;M2-GG-3-9
8006540688380;M2-GG-3-9
8006540688410;M2-GG-3-9
8006540688472;M2-GG-3-9
8006540688502;M2-GG-3-9
8006540691991;M2-GG-3-9
8006540692028;M2-GG-3-9
8006540733080;M2-GG-3-9
8006540733134;M2-GG-3-9
8006540740361;M2-GG-3-9
8006540755853;M2-GG-3-9
8006540756010;M2-GG-3-9
8006540756072;M2-GG-3-9
8006540803912;M2-GG-3-9
8006540807620;M2-GG-3-9
8006540807651;M2-GG-3-9
8006540900024;M2-GG-3-9
8006540900048;M2-GG-3-9
8006540900086;M2-GG-3-9
8006540900116;M2-GG-3-9
8006540900147;M2-GG-3-9
8006540901281;M2-GG-3-9
8006540901311;M2-GG-3-9
8006540914663;M2-GG-3-9
8006540914700;M2-GG-3-9
8006540914731;M2-GG-3-9
8006540914847;M2-GG-3-9
8700216156950;M2-GG-3-9
8700216200516;M2-GG-3-9
8700216208529;M2-GG-3-9
8700216221917;M2-GG-3-9
8700216279949;M2-GG-3-9
8700216309820;M2-GG-3-9
8700216311236;M2-GG-3-9
8700216311243;M2-GG-3-9
8700216319584;M2-GG-3-9
8700216319614;M2-GG-3-9
8700216343916;M2-GG-3-9
8700216359535;M2-GG-3-9
8720181470981;M2-GG-3-9
3140100075977;M2-GG-4-3
3140100076035;M2-GG-4-3
3140100161656;M2-GG-4-3
3140100181289;M2-GG-4-3
3140100201048;M2-GG-4-3
3140100201079;M2-GG-4-3
3140100201086;M2-GG-4-3
3140100201116;M2-GG-4-3
3140100234732;M2-GG-4-3
3140100234749;M2-GG-4-3
3140100251968;M2-GG-4-3
3140100283563;M2-GG-4-3
3140100323047;M2-GG-4-3
3140100349689;M2-GG-4-3
3140100349696;M2-GG-4-3
3140100349795;M2-GG-4-3
3140100349801;M2-GG-4-3
3140100353891;M2-GG-4-3
3140100353907;M2-GG-4-3
3140100363968;M2-GG-4-3
3140100363982;M2-GG-4-3
3140100363999;M2-GG-4-3
3140100364002;M2-GG-4-3
3140100364033;M2-GG-4-3
3140100364040;M2-GG-4-3
3140100364064;M2-GG-4-3
3140100370133;M2-GG-4-3
3140100392784;M2-GG-4-3
3140100392791;M2-GG-4-3
3140100392814;M2-GG-4-3
3140102040027;M2-GG-4-3
3140102040034;M2-GG-4-3
3140102040041;M2-GG-4-3
3140102040096;M2-GG-4-3
3140102040157;M2-GG-4-3
3140102040218;M2-GG-4-3
3140102040249;M2-GG-4-3
3140102040294;M2-GG-4-3
3140102051009;M2-GG-4-3
3140102051030;M2-GG-4-3
3178040567122;M2-GG-4-3
3178040567207;M2-GG-4-3
3178040567245;M2-GG-4-3
3178040567283;M2-GG-4-3
3178040567320;M2-GG-4-3
3178040567368;M2-GG-4-3
3178040643802;M2-GG-4-3
3178040643819;M2-GG-4-3
3178040643826;M2-GG-4-3
3178040643833;M2-GG-4-3
3178040645776;M2-GG-4-3
3178040663312;M2-GG-4-3
3178040663329;M2-GG-4-3
3178040695832;M2-GG-4-3
3178041304900;M2-GG-4-3
3178041314282;M2-GG-4-3
3178041318488;M2-GG-4-3
3178041322546;M2-GG-4-3
3178041322553;M2-GG-4-3
3178041322560;M2-GG-4-3
3178041322577;M2-GG-4-3
3178041353786;M2-GG-4-3
3215665440017;M2-GG-4-3
3215665480013;M2-GG-4-3
3215666450015;M2-GG-4-3
3215666470013;M2-GG-4-3
3215666540938;M2-GG-4-3
3600522715849;M2-GG-4-3
3600523193288;M2-GG-4-3
3600523193295;M2-GG-4-3
3600523193318;M2-GG-4-3
3600523193325;M2-GG-4-3
3600523337613;M2-GG-4-3
3600523388073;M2-GG-4-3
3600523388097;M2-GG-4-3
3600523451111;M2-GG-4-3
3600523654147;M2-GG-4-3
3600523735754;M2-GG-4-3
3600523735761;M2-GG-4-3
3600541339101;M2-GG-4-3
3600541352377;M2-GG-4-3
3600541871656;M2-GG-4-3
4015000217095;M2-GG-4-3
3256220205825;M2-GG-4-3
3140100416060;M2-GG-4-4
3178040208148;M2-GG-4-4
3178040380233;M2-GG-4-4
3178040646452;M2-GG-4-4
3178040678842;M2-GG-4-4
3178040678859;M2-GG-4-4
3178040678866;M2-GG-4-4
3178040678873;M2-GG-4-4
3178040678880;M2-GG-4-4
3178040678903;M2-GG-4-4
3178040683822;M2-GG-4-4
3178041310987;M2-GG-4-4
3178041313650;M2-GG-4-4
3178041323925;M2-GG-4-4
3178041323932;M2-GG-4-4
3178041323956;M2-GG-4-4
3178041323970;M2-GG-4-4
3178041324007;M2-GG-4-4
3178041324021;M2-GG-4-4
3178041349239;M2-GG-4-4
3178041349277;M2-GG-4-4
3178041349338;M2-GG-4-4
3215666550029;M2-GG-4-4
3215666550036;M2-GG-4-4
3215666550067;M2-GG-4-4
3215666550111;M2-GG-4-4
3215666550210;M2-GG-4-4
3215666550227;M2-GG-4-4
3215666550234;M2-GG-4-4
3215666550487;M2-GG-4-4
3215666550630;M2-GG-4-4
3215666550807;M2-GG-4-4
3215666550838;M2-GG-4-4
3600541232426;M2-GG-4-4
3600541232679;M2-GG-4-4
3600541232778;M2-GG-4-4
3600541232976;M2-GG-4-4
3600541233126;M2-GG-4-4
3600541233379;M2-GG-4-4
3600541292390;M2-GG-4-4
3600541337138;M2-GG-4-4
3600541355576;M2-GG-4-4
3600541524392;M2-GG-4-4
3600541524415;M2-GG-4-4
3600541593701;M2-GG-4-4
3600541889361;M2-GG-4-4
3600541910799;M2-GG-4-4
3600541919297;M2-GG-4-4
3600542017961;M2-GG-4-4
3600542155281;M2-GG-4-4
3600542307024;M2-GG-4-4
3600542404471;M2-GG-4-4
3600542450966;M2-GG-4-4
3600542451147;M2-GG-4-4
3600542451239;M2-GG-4-4
3600542451321;M2-GG-4-4
3600542451413;M2-GG-4-4
3600542451505;M2-GG-4-4
3054080001669;M2-GG-4-5
3054080002048;M2-GG-4-5
3054080002055;M2-GG-4-5
3054080002178;M2-GG-4-5
3054080002468;M2-GG-4-5
3054080002826;M2-GG-4-5
3054080004455;M2-GG-4-5
3054080005056;M2-GG-4-5
3054080005315;M2-GG-4-5
3054080005353;M2-GG-4-5
3054080005377;M2-GG-4-5
3054080005407;M2-GG-4-5
3054080005452;M2-GG-4-5
3054080005490;M2-GG-4-5
3054080005582;M2-GG-4-5
3054080006992;M2-GG-4-5
3054080008606;M2-GG-4-5
3054080018797;M2-GG-4-5
3054080059943;M2-GG-4-5
3054080076384;M2-GG-4-5
3054080076391;M2-GG-4-5
3215666550043;M2-GG-4-5
3215666550050;M2-GG-4-5
3215666550142;M2-GG-4-5
3215666550166;M2-GG-4-5
3215666550500;M2-GG-4-5
3600520977720;M2-GG-4-5
3600520977744;M2-GG-4-5
3600520977751;M2-GG-4-5
3600520977768;M2-GG-4-5
3600520977775;M2-GG-4-5
3600520978635;M2-GG-4-5
3600521038512;M2-GG-4-5
3600521188064;M2-GG-4-5
3600521339725;M2-GG-4-5
3600521365533;M2-GG-4-5
3600521367209;M2-GG-4-5
3600521604793;M2-GG-4-5
3600521604809;M2-GG-4-5
3600521615621;M2-GG-4-5
3600521617731;M2-GG-4-5
3600522269960;M2-GG-4-5
3600522409458;M2-GG-4-5
3600522865179;M2-GG-4-5
3600522865193;M2-GG-4-5
3600522865216;M2-GG-4-5
3600523018420;M2-GG-4-5
3600523029600;M2-GG-4-5
3600523421725;M2-GG-4-5
3600523723331;M2-GG-4-5
3600523806805;M2-GG-4-5
3600523806812;M2-GG-4-5
3600523947331;M2-GG-4-5
3600523947430;M2-GG-4-5
3600523947485;M2-GG-4-5
3600523955152;M2-GG-4-5
3600523999101;M2-GG-4-5
3600523999118;M2-GG-4-5
3600523999125;M2-GG-4-5
3600523999163;M2-GG-4-5
3600523999170;M2-GG-4-5
3600523999187;M2-GG-4-5
3600524079680;M2-GG-4-5
3600540726728;M2-GG-4-5
3600541232525;M2-GG-4-5
3600541232877;M2-GG-4-5
3600541232921;M2-GG-4-5
3600541233171;M2-GG-4-5
3600541233270;M2-GG-4-5
3600542122894;M2-GG-4-5
3600542403177;M2-GG-4-5
3600542447393;M2-GG-4-5
3600542447553;M2-GG-4-5
3014230558054;M2-GG-4-6
3054080043317;M2-GG-4-6
3058320032024;M2-GG-4-6
3058320032031;M2-GG-4-6
3058320041033;M2-GG-4-6
3058320041040;M2-GG-4-6
3058325059705;M2-GG-4-6
3160920964701;M2-GG-4-6
3160920964718;M2-GG-4-6
3160920964794;M2-GG-4-6
3160920964831;M2-GG-4-6
3160920964848;M2-GG-4-6
3160920964862;M2-GG-4-6
3178040348684;M2-GG-4-6
3178040622326;M2-GG-4-6
3178040672802;M2-GG-4-6
3178040672826;M2-GG-4-6
3178040672932;M2-GG-4-6
3178040687042;M2-GG-4-6
3178041306218;M2-GG-4-6
3178041344142;M2-GG-4-6
3178041344166;M2-GG-4-6
3178041344777;M2-GG-4-6
3181730021101;M2-GG-4-6
3251248033702;M2-GG-4-6
3256225430796;M2-GG-4-6
3256225430802;M2-GG-4-6
3256227764684;M2-GG-4-6
3256228888556;M2-GG-4-6
3256228888723;M2-GG-4-6
3256228889041;M2-GG-4-6
3256228889096;M2-GG-4-6
3256228889461;M2-GG-4-6
3256228889669;M2-GG-4-6
3256228890085;M2-GG-4-6
3256228890122;M2-GG-4-6
3256228890160;M2-GG-4-6
3256228934208;M2-GG-4-6
3256228934918;M2-GG-4-6
3256228934949;M2-GG-4-6
3256228934956;M2-GG-4-6
3430750130776;M2-GG-4-6
3468080141278;M2-GG-4-6
3600521137840;M2-GG-4-6
3600521137888;M2-GG-4-6
3600523177677;M2-GG-4-6
3600524250164;M2-GG-4-6
3600550029246;M2-GG-4-6
3600550036626;M2-GG-4-6
3600550036633;M2-GG-4-6
3600550201659;M2-GG-4-6
3600550806496;M2-GG-4-6
3600550806502;M2-GG-4-6
3600550806526;M2-GG-4-6
3600551105949;M2-GG-4-6
5410091642037;M2-GG-4-6
8711700967617;M2-GG-4-6
3010351750766;M2-GG-4-7
3010351750773;M2-GG-4-7
3010351750926;M2-GG-4-7
3010351750957;M2-GG-4-7
3054080000013;M2-GG-4-7
3054080000020;M2-GG-4-7
3054080020028;M2-GG-4-7
3054080020035;M2-GG-4-7
3054080071747;M2-GG-4-7
3054088021362;M2-GG-4-7
3178040667730;M2-GG-4-7
3178041301183;M2-GG-4-7
3178041315913;M2-GG-4-7
3178041351348;M2-GG-4-7
3178041361330;M2-GG-4-7
3178041361378;M2-GG-4-7
3256228888495;M2-GG-4-7
3256228889188;M2-GG-4-7
3256228889256;M2-GG-4-7
3256228889317;M2-GG-4-7
3256228889591;M2-GG-4-7
3256228934215;M2-GG-4-7
3256228934222;M2-GG-4-7
3256228934239;M2-GG-4-7
3256228934253;M2-GG-4-7
3383482301092;M2-GG-4-7
3383482301108;M2-GG-4-7
3383482301290;M2-GG-4-7
3383482301306;M2-GG-4-7
3600520148939;M2-GG-4-7
3600520913094;M2-GG-4-7
3600520913117;M2-GG-4-7
3600521309810;M2-GG-4-7
3600523035625;M2-GG-4-7
3600523035632;M2-GG-4-7
3600523177660;M2-GG-4-7
3600523177837;M2-GG-4-7
3600523764174;M2-GG-4-7
3600523764181;M2-GG-4-7
3600550119220;M2-GG-4-7
3600550634037;M2-GG-4-7
3600550634044;M2-GG-4-7
3600550634051;M2-GG-4-7
3600550979695;M2-GG-4-7
3600551105956;M2-GG-4-7
3600551105963;M2-GG-4-7
3600551105970;M2-GG-4-7
3600551106076;M2-GG-4-7
3600551106557;M2-GG-4-7
3760201135556;M2-GG-4-7
3760201135563;M2-GG-4-7
3760201135587;M2-GG-4-7
3760201135594;M2-GG-4-7
3760201135624;M2-GG-4-7
3760201135631;M2-GG-4-7
3760201135976;M2-GG-4-7
3760201135990;M2-GG-4-7
3760201136010;M2-GG-4-7
3760201136034;M2-GG-4-7
3760201137550;M2-GG-4-7
3760311319846;M2-GG-4-7
3760370710066;M2-GG-4-7
3010351750421;M2-GG-4-8
3010351750445;M2-GG-4-8
3010351760116;M2-GG-4-8
3178040666290;M2-GG-4-8
3181730201480;M2-GG-4-8
3182611231725;M2-GG-4-8
3182611231756;M2-GG-4-8
3182611231770;M2-GG-4-8
3251241047522;M2-GG-4-8
3256228666536;M2-GG-4-8
3256228666543;M2-GG-4-8
3256228666550;M2-GG-4-8
3256228666567;M2-GG-4-8
3256228666574;M2-GG-4-8
3256228666598;M2-GG-4-8
3256228666611;M2-GG-4-8
3256228666628;M2-GG-4-8
3256228666635;M2-GG-4-8
3256228666642;M2-GG-4-8
3256228666659;M2-GG-4-8
3256228666666;M2-GG-4-8
3256228666673;M2-GG-4-8
3256228666680;M2-GG-4-8
3256228666697;M2-GG-4-8
3256228666703;M2-GG-4-8
3549620005028;M2-GG-4-8
3549620005035;M2-GG-4-8
3549620005509;M2-GG-4-8
3549620005516;M2-GG-4-8
3549620005578;M2-GG-4-8
3549620005585;M2-GG-4-8
3549620005592;M2-GG-4-8
3549620005844;M2-GG-4-8
3574661349701;M2-GG-4-8
3574661573601;M2-GG-4-8
3574661573618;M2-GG-4-8
3574661608563;M2-GG-4-8
3574661680996;M2-GG-4-8
3600550972412;M2-GG-4-8
3660992023677;M2-GG-4-8
8717163748367;M2-GG-4-8
3010351730522;M2-GG-4-9
3045206501200;M2-GG-4-9
3045206501408;M2-GG-4-9
3059947000052;M2-GG-4-9
3059947000953;M2-GG-4-9
3059947000960;M2-GG-4-9
3178041340496;M2-GG-4-9
3178041340557;M2-GG-4-9
3181730272565;M2-GG-4-9
3256227763335;M2-GG-4-9
3346029200197;M2-GG-4-9
3346029200289;M2-GG-4-9
3346029200296;M2-GG-4-9
3383482301313;M2-GG-4-9
3549620006001;M2-GG-4-9
3549620006049;M2-GG-4-9
3549620006056;M2-GG-4-9
3549620006070;M2-GG-4-9
3549620066005;M2-GG-4-9
3549620066012;M2-GG-4-9
3574661144900;M2-GG-4-9
3574661349794;M2-GG-4-9
3574661750675;M2-GG-4-9
3600550300345;M2-GG-4-9
3600550300352;M2-GG-4-9
3600550398052;M2-GG-4-9
3600550822472;M2-GG-4-9
3600551046358;M2-GG-4-9
3600551046365;M2-GG-4-9
3600551046372;M2-GG-4-9
3600551072234;M2-GG-4-9
3760099592394;M2-GG-4-9
3760099593377;M2-GG-4-9
5410036138496;M2-GG-4-9
5902114230685;M2-GG-4-9
8003520012944;M2-GG-4-9
8712561384025;M2-GG-4-9
8712561384261;M2-GG-4-9
8714789700045;M2-GG-4-9
8714789703015;M2-GG-4-9
3256221661767;M2-GG-5-1
3256221982237;M2-GG-5-1
3256221982244;M2-GG-5-1
3256224057628;M2-GG-5-1
3256226758257;M2-GG-5-1
3256227893766;M2-GG-5-1
3256228940131;M2-GG-5-1
3256228940148;M2-GG-5-1
3660992012794;M2-GG-5-1
7322540076554;M2-GG-5-1
7322540426311;M2-GG-5-1
7322540426465;M2-GG-5-1
7322540574876;M2-GG-5-1
7322540587555;M2-GG-5-1
7322540592412;M2-GG-5-1
7322540770377;M2-GG-5-1
7322540887624;M2-GG-5-1
7322540887648;M2-GG-5-1
7322540969573;M2-GG-5-1
3256221982251;M2-GG-5-2
3256221982268;M2-GG-5-2
3256226091583;M2-GG-5-2
3256226091620;M2-GG-5-2
3256226751456;M2-GG-5-2
3256226751463;M2-GG-5-2
3256227893759;M2-GG-5-2
3256228437891;M2-GG-5-2
3256228437907;M2-GG-5-2
4015400874829;M2-GG-5-2
4015400884095;M2-GG-5-2
7322540532852;M2-GG-5-2
7322540839913;M2-GG-5-2
7322540839920;M2-GG-5-2
7322540907216;M2-GG-5-2
7322540907230;M2-GG-5-2
7322540971446;M2-GG-5-2
7322541056531;M2-GG-5-2
7322541056746;M2-GG-5-2
7322541971261;M2-GG-5-2
7322542087183;M2-GG-5-2
7322542088135;M2-GG-5-2
7322542148228;M2-GG-5-2
8001090398338;M2-GG-5-2
8001090398383;M2-GG-5-2
8001090893277;M2-GG-5-2
8001841622439;M2-GG-5-2
8001841622453;M2-GG-5-2
8006540011393;M2-GG-5-2
8006540359761;M2-GG-5-2
8006540359792;M2-GG-5-2
3256222154992;M2-GG-5-3
3256222155050;M2-GG-5-3
3256225632893;M2-GG-5-3
3256225632909;M2-GG-5-3
3256225632916;M2-GG-5-3
3256225632930;M2-GG-5-3
3256225632947;M2-GG-5-3
3256226389642;M2-GG-5-3
3256226751395;M2-GG-5-3
3256227893773;M2-GG-5-3
3256228437860;M2-GG-5-3
3256228437877;M2-GG-5-3
3256228437884;M2-GG-5-3
4015400761136;M2-GG-5-3
4015400814900;M2-GG-5-3
4015400874799;M2-GG-5-3
7322540226058;M2-GG-5-3
7322540319972;M2-GG-5-3
7322540455304;M2-GG-5-3
7322540588156;M2-GG-5-3
7322540851922;M2-GG-5-3
7322540851984;M2-GG-5-3
7322540852424;M2-GG-5-3
7322541067056;M2-GG-5-3
7322541067094;M2-GG-5-3
7322541067889;M2-GG-5-3
7322541067971;M2-GG-5-3
7322541152073;M2-GG-5-3
7322541185316;M2-GG-5-3
7322541307916;M2-GG-5-3
7322541307992;M2-GG-5-3
8006540413241;M2-GG-5-3
8006540512586;M2-GG-5-3
8006540689011;M2-GG-5-3
8006540806395;M2-GG-5-3
8700216225007;M2-GG-5-3
8700216247689;M2-GG-5-3
8700216247795;M2-GG-5-3
8700216252621;M2-GG-5-3
3256226756321;M2-GG-5-4
3256226756338;M2-GG-5-4
3256226756345;M2-GG-5-4
3256226756598;M2-GG-5-4
3256227094606;M2-GG-5-4
3256227094613;M2-GG-5-4
3256227094620;M2-GG-5-4
3256227094637;M2-GG-5-4
3256227893711;M2-GG-5-4
3256227893735;M2-GG-5-4
3256228127693;M2-GG-5-4
3256228127709;M2-GG-5-4
3256228127716;M2-GG-5-4
3256228127723;M2-GG-5-4
3278940918823;M2-GG-5-4
3574661252414;M2-GG-5-4
3574661252629;M2-GG-5-4
3574661252643;M2-GG-5-4
3574661252650;M2-GG-5-4
3574661419435;M2-GG-5-4
3574661697611;M2-GG-5-4
3574661697628;M2-GG-5-4
3574661697635;M2-GG-5-4
3574661698090;M2-GG-5-4
3574661698182;M2-GG-5-4
3700668700737;M2-GG-5-4
3700668700744;M2-GG-5-4
3700668700751;M2-GG-5-4
3700668700768;M2-GG-5-4
4015400675464;M2-GG-5-4
4015400844570;M2-GG-5-4
7310791178165;M2-GG-5-4
7310791204819;M2-GG-5-4
7322540036107;M2-GG-5-4
7322540635249;M2-GG-5-4
7322541048314;M2-GG-5-4
7322541048673;M2-GG-5-4
7322541048727;M2-GG-5-4
7322541166377;M2-GG-5-4
7322541167107;M2-GG-5-4
7322541238111;M2-GG-5-4
7322542206461;M2-GG-5-4
7322542496800;M2-GG-5-4
8001090718464;M2-GG-5-4
8001090899101;M2-GG-5-4
8001841388724;M2-GG-5-4
8006540434703;M2-GG-5-4
3256223379028;M2-GG-5-5
3256223379035;M2-GG-5-5
3256223379042;M2-GG-5-5
3256223379059;M2-GG-5-5
3256225429127;M2-GG-5-5
3256226756253;M2-GG-5-5
3256226756260;M2-GG-5-5
3256226756277;M2-GG-5-5
3256226756284;M2-GG-5-5
3256227893742;M2-GG-5-5
3278940918403;M2-GG-5-5
3574661055527;M2-GG-5-5
3574661418858;M2-GG-5-5
3660992012749;M2-GG-5-5
3660992012763;M2-GG-5-5
7322541499833;M2-GG-5-5
8001090761187;M2-GG-5-5
8001090899071;M2-GG-5-5
8001090899132;M2-GG-5-5
8001090899163;M2-GG-5-5
8001090899194;M2-GG-5-5
8001090899224;M2-GG-5-5
8001090899255;M2-GG-5-5
8001090899286;M2-GG-5-5
8001841971049;M2-GG-5-5
8001841971223;M2-GG-5-5
8001841971261;M2-GG-5-5
8001841971766;M2-GG-5-5
8001841971957;M2-GG-5-5
8006540231142;M2-GG-5-5
8006540231173;M2-GG-5-5
8006540252468;M2-GG-5-5
8006540252499;M2-GG-5-5
8006540252529;M2-GG-5-5
8006540404645;M2-GG-5-5
8006540404768;M2-GG-5-5
8006540584316;M2-GG-5-5
8006540678435;M2-GG-5-5
8006540707951;M2-GG-5-5
8006540822340;M2-GG-5-5
8006540822463;M2-GG-5-5
8006540822494;M2-GG-5-5
8006540822647;M2-GG-5-5
8006540822678;M2-GG-5-5
8006540822760;M2-GG-5-5
8006540822791;M2-GG-5-5
8006540822883;M2-GG-5-5
8006540836637;M2-GG-5-5
8700216213868;M2-GG-5-5
3059944116817;M2-GG-5-6
3059944117388;M2-GG-5-6
3059944117463;M2-GG-5-6
3059944117951;M2-GG-5-6
3160920961069;M2-GG-5-6
3160920961144;M2-GG-5-6
3160920961199;M2-GG-5-6
3160920961212;M2-GG-5-6
3160920961229;M2-GG-5-6
3160920961236;M2-GG-5-6
3160920961243;M2-GG-5-6
3160920961267;M2-GG-5-6
3160920961274;M2-GG-5-6
3160920961281;M2-GG-5-6
3160920961298;M2-GG-5-6
3160920961311;M2-GG-5-6
3160920965333;M2-GG-5-6
3160920965388;M2-GG-5-6
3160920965593;M2-GG-5-6
3256220506557;M2-GG-5-6
3256220506588;M2-GG-5-6
3256225429141;M2-GG-5-6
3256226756352;M2-GG-5-6
3256226756369;M2-GG-5-6
3256226756383;M2-GG-5-6
3256226756390;M2-GG-5-6
3256227094644;M2-GG-5-6
3256227094651;M2-GG-5-6
3256228127747;M2-GG-5-6
3256228127754;M2-GG-5-6
3256228323637;M2-GG-5-6
3256228323644;M2-GG-5-6
3574661322742;M2-GG-5-6
3574661350639;M2-GG-5-6
3574661350806;M2-GG-5-6
3574661350820;M2-GG-5-6
3574661350837;M2-GG-5-6
3574661350851;M2-GG-5-6
3574661350868;M2-GG-5-6
3574661504605;M2-GG-5-6
3574661504698;M2-GG-5-6
3574661610931;M2-GG-5-6
3574661613888;M2-GG-5-6
3574661614243;M2-GG-5-6
4005808561377;M2-GG-5-6
4015400690252;M2-GG-5-6
4015400690344;M2-GG-5-6
0000042419822;M2-GG-5-6
7310790093100;M2-GG-5-6
7322540600087;M2-GG-5-6
7322541326764;M2-GG-5-6
7322541327129;M2-GG-5-6
7322541497792;M2-GG-5-6
7322541498676;M2-GG-5-6
7322541498775;M2-GG-5-6
7322541499666;M2-GG-5-6
7322541499710;M2-GG-5-6
7322541499895;M2-GG-5-6
7322542206041;M2-GG-5-6
7322542206072;M2-GG-5-6
8001841196077;M2-GG-5-6
8006540235935;M2-GG-5-6
8006540235980;M2-GG-5-6
8006540463147;M2-GG-5-6
8006540467916;M2-GG-5-6
0603531176574;M2-GG-5-7
0737052911601;M2-GG-5-7
0810103654938;M2-GG-5-7
3017561250116;M2-GG-5-7
3017561550018;M2-GG-5-7
3017561550025;M2-GG-5-7
3017561550032;M2-GG-5-7
3017561600010;M2-GG-5-7
3017561600034;M2-GG-5-7
3050070000025;M2-GG-5-7
3050070000032;M2-GG-5-7
3050070000179;M2-GG-5-7
3050070006454;M2-GG-5-7
3052503198163;M2-GG-5-7
3256226506018;M2-GG-5-7
3256226506056;M2-GG-5-7
3256226506100;M2-GG-5-7
3256226506155;M2-GG-5-7
3256226506209;M2-GG-5-7
3256226506254;M2-GG-5-7
3298839231925;M2-GG-5-7
3298839233233;M2-GG-5-7
3298839233257;M2-GG-5-7
3326240000059;M2-GG-5-7
3326240003814;M2-GG-5-7
3326240005351;M2-GG-5-7
3326240005368;M2-GG-5-7
3326240033606;M2-GG-5-7
3326240048754;M2-GG-5-7
3326240048761;M2-GG-5-7
3326240126612;M2-GG-5-7
3331840871626;M2-GG-5-7
3331840871732;M2-GG-5-7
3331840871800;M2-GG-5-7
3357550500014;M2-GG-5-7
3357554700014;M2-GG-5-7
3379502050125;M2-GG-5-7
3430750000666;M2-GG-5-7
3430750033862;M2-GG-5-7
3430750038409;M2-GG-5-7
3450270040126;M2-GG-5-7
3450270040522;M2-GG-5-7
3468080146846;M2-GG-5-7
3468080148017;M2-GG-5-7
3468080150096;M2-GG-5-7
3468080150553;M2-GG-5-7
3468080154810;M2-GG-5-7
3468080154872;M2-GG-5-7
3468080259201;M2-GG-5-7
3468080259355;M2-GG-5-7
3468080259409;M2-GG-5-7
3468080259928;M2-GG-5-7
3468080260276;M2-GG-5-7
3468080260450;M2-GG-5-7
3478820006422;M2-GG-5-7
3478820015899;M2-GG-5-7
3478820036429;M2-GG-5-7
3478820046428;M2-GG-5-7
3478820056434;M2-GG-5-7
3478820066426;M2-GG-5-7
3478820076432;M2-GG-5-7
3478820098755;M2-GG-5-7
3509160070245;M2-GG-5-7
3509161531950;M2-GG-5-7
3509161559053;M2-GG-5-7
3517360002638;M2-GG-5-7
3517360005028;M2-GG-5-7
3517360007282;M2-GG-5-7
3517360010640;M2-GG-5-7
3517360010930;M2-GG-5-7
3517360012514;M2-GG-5-7
3517360013467;M2-GG-5-7
3517360015690;M2-GG-5-7
3517360016406;M2-GG-5-7
3517360017519;M2-GG-5-7
3517360018639;M2-GG-5-7
3517360018646;M2-GG-5-7
3517360018653;M2-GG-5-7
3517360018660;M2-GG-5-7
3517360021141;M2-GG-5-7
3600550083279;M2-GG-5-7
3600550083293;M2-GG-5-7
3600550140361;M2-GG-5-7
3600550160017;M2-GG-5-7
3600550272543;M2-GG-5-7
3600550434033;M2-GG-5-7
3600550696035;M2-GG-5-7
3600550811483;M2-GG-5-7
3600550920840;M2-GG-5-7
3600550998856;M2-GG-5-7
3600550998870;M2-GG-5-7
3600551044095;M2-GG-5-7
3760276940017;M2-GG-5-7
3760276940147;M2-GG-5-7
3760276940178;M2-GG-5-7
3760276940185;M2-GG-5-7
8720182429278;M2-GG-5-7
3058320040210;M2-GG-5-8
3181730104286;M2-GG-5-8
3600550185263;M2-GG-5-8
3600550288292;M2-GG-5-8
3600550362404;M2-GG-5-8
3600550818772;M2-GG-5-8
3600550818789;M2-GG-5-8
3600550942408;M2-GG-5-8
3600550964653;M2-GG-5-8
3600550964660;M2-GG-5-8
3600550964677;M2-GG-5-8
3600550964684;M2-GG-5-8
3600550964691;M2-GG-5-8
3600550964721;M2-GG-5-8
3600550964738;M2-GG-5-8
3600550984606;M2-GG-5-8
3600550985917;M2-GG-5-8
3600550985948;M2-GG-5-8
3600550985962;M2-GG-5-8
3600551017877;M2-GG-5-8
3600551027661;M2-GG-5-8
3600551027708;M2-GG-5-8
3600551044101;M2-GG-5-8
3600551145952;M2-GG-5-8
3600551146201;M2-GG-5-8
3600551146249;M2-GG-5-8
3600551146355;M2-GG-5-8
3600551151618;M2-GG-5-8
4005808816118;M2-GG-5-8
4005808829958;M2-GG-5-8
4005808837359;M2-GG-5-8
4005900034847;M2-GG-5-8
4005900034991;M2-GG-5-8
4005900142337;M2-GG-5-8
4005900242914;M2-GG-5-8
4005900757883;M2-GG-5-8
4005900757920;M2-GG-5-8
4005900757968;M2-GG-5-8
4005900758002;M2-GG-5-8
4005900827746;M2-GG-5-8
4005900827777;M2-GG-5-8
0000059008484;M2-GG-5-8
0000059082781;M2-GG-5-8
0000059082804;M2-GG-5-8
0000059082934;M2-GG-5-8
0000059092285;M2-GG-5-8
0000080466437;M2-GG-5-8
8710447301005;M2-GG-5-8
8711600504141;M2-GG-5-8
8718114202372;M2-GG-5-8
8718951133426;M2-GG-5-8
8718951133464;M2-GG-5-8
8718951201897;M2-GG-5-8
8718951247024;M2-GG-5-8
8718951254183;M2-GG-5-8
8718951315457;M2-GG-5-8
8718951315518;M2-GG-5-8
8718951315709;M2-GG-5-8
8718951321014;M2-GG-5-8
8718951321526;M2-GG-5-8
8718951321588;M2-GG-5-8
8718951321793;M2-GG-5-8
8718951423114;M2-GG-5-8
8718951431980;M2-GG-5-8
8718951728103;M2-GG-5-8
8718951728134;M2-GG-5-8
8718951728356;M2-GG-5-8
8718951728417;M2-GG-5-8
8720181020872;M2-GG-5-8
8720181213991;M2-GG-5-8
8720181214011;M2-GG-5-8
8720181214028;M2-GG-5-8
8720181215162;M2-GG-5-8
8720181594830;M2-GG-5-8
0000087340570;M2-GG-5-8
0000087340761;M2-GG-5-8
0000096083819;M2-GG-5-8
3058320008227;M2-GG-5-9
3058320045260;M2-GG-5-9
3058326080593;M2-GG-5-9
3178041339964;M2-GG-5-9
3178041340243;M2-GG-5-9
3181730134696;M2-GG-5-9
3181730185407;M2-GG-5-9
3256222808284;M2-GG-5-9
3256222808338;M2-GG-5-9
3256222808345;M2-GG-5-9
3256222808352;M2-GG-5-9
3256223819340;M2-GG-5-9
3256223819784;M2-GG-5-9
3256223820162;M2-GG-5-9
3256223820209;M2-GG-5-9
3256224064534;M2-GG-5-9
3256224064541;M2-GG-5-9
3256224064558;M2-GG-5-9
3256224375203;M2-GG-5-9
3256224375227;M2-GG-5-9
3256225736577;M2-GG-5-9
3256225736584;M2-GG-5-9
3256225736591;M2-GG-5-9
3256225736607;M2-GG-5-9
3256225736614;M2-GG-5-9
3256225736621;M2-GG-5-9
3256225736638;M2-GG-5-9
3286010074195;M2-GG-5-9
3415900035309;M2-GG-5-9
3450601032394;M2-GG-5-9
3450601032417;M2-GG-5-9
3517360021486;M2-GG-5-9
3517360021493;M2-GG-5-9
3600550049220;M2-GG-5-9
3600550159172;M2-GG-5-9
3600550159189;M2-GG-5-9
3600550312454;M2-GG-5-9
3600550312881;M2-GG-5-9
3600550752090;M2-GG-5-9
3600550752212;M2-GG-5-9
3600550771176;M2-GG-5-9
3600550809312;M2-GG-5-9
3600550809329;M2-GG-5-9
3600550809336;M2-GG-5-9
3600550972368;M2-GG-5-9
3600550985795;M2-GG-5-9
3600550985801;M2-GG-5-9
3600550995053;M2-GG-5-9
3600550995077;M2-GG-5-9
3600550995084;M2-GG-5-9
3600550996586;M2-GG-5-9
3600551008516;M2-GG-5-9
3600551008523;M2-GG-5-9
3600551008547;M2-GG-5-9
3600551039213;M2-GG-5-9
3600551046082;M2-GG-5-9
3600551155050;M2-GG-5-9
0000059005452;M2-GG-5-9
0000059013631;M2-GG-5-9
0000059013648;M2-GG-5-9
0000059013655;M2-GG-5-9
0000059019107;M2-GG-5-9
0000059019114;M2-GG-5-9
0000059079354;M2-GG-5-9
0000059079682;M2-GG-5-9
0000059083139;M2-GG-5-9
0000059083153;M2-GG-5-9
0000059092247;M2-GG-5-9
0000059092254;M2-GG-5-9
0000059092346;M2-GG-5-9
0000059098812;M2-GG-5-9
0000059098836;M2-GG-5-9
0000059099031;M2-GG-5-9
0000059099055;M2-GG-5-9
8710847922633;M2-GG-5-9
8711700965002;M2-GG-5-9
8714100017395;M2-GG-5-9
8718951188587;M2-GG-5-9
8718951728615;M2-GG-5-9
8718951730267;M2-GG-5-9
8718951730700;M2-GG-5-9
8718951733404;M2-GG-5-9
0000087342963;M2-GG-5-9
0000087343533;M2-GG-5-9
0000096080900;M2-GG-5-9
0000096132876;M2-GG-5-9
0000096132906;M2-GG-5-9
0000096148402;M2-GG-5-9
3178041339810;M2-GG-6-1
3178041339889;M2-GG-6-1
3178041339896;M2-GG-6-1
3178041340274;M2-GG-6-1
3178041340304;M2-GG-6-1
3178041349734;M2-GG-6-1
3178041350310;M2-GG-6-1
3178041350334;M2-GG-6-1
3178041350358;M2-GG-6-1
3256226757892;M2-GG-6-1
3256226757946;M2-GG-6-1
3256226757953;M2-GG-6-1
3256226757977;M2-GG-6-1
3256226757984;M2-GG-6-1
3256226757991;M2-GG-6-1
3256226758004;M2-GG-6-1
3256226758011;M2-GG-6-1
3256226758028;M2-GG-6-1
3256226758035;M2-GG-6-1
3256226758042;M2-GG-6-1
3256226758059;M2-GG-6-1
3256226758066;M2-GG-6-1
3256226758073;M2-GG-6-1
3256226758080;M2-GG-6-1
3256226758103;M2-GG-6-1
3256226758141;M2-GG-6-1
3256226758158;M2-GG-6-1
3256226758165;M2-GG-6-1
3256226758172;M2-GG-6-1
3256226758202;M2-GG-6-1
3256226758219;M2-GG-6-1
3256226760403;M2-GG-6-1
3256226845711;M2-GG-6-1
3256226845728;M2-GG-6-1
3256227446986;M2-GG-6-1
3256227446993;M2-GG-6-1
3256227447006;M2-GG-6-1
3256228104427;M2-GG-6-1
3256228104434;M2-GG-6-1
3256228104441;M2-GG-6-1
3256228115218;M2-GG-6-1
3256228115225;M2-GG-6-1
3256228250667;M2-GG-6-1
3256228250766;M2-GG-6-1
3256228250827;M2-GG-6-1
3256228323606;M2-GG-6-1
3256228323613;M2-GG-6-1
3256228666581;M2-GG-6-1
3256228666604;M2-GG-6-1
3256228666741;M2-GG-6-1
3256228666758;M2-GG-6-1
3256228673503;M2-GG-6-1
3256228673510;M2-GG-6-1
3256228673527;M2-GG-6-1
3256229033634;M2-GG-6-1
3286010050311;M2-GG-6-1
3286010074546;M2-GG-6-1
3517360019810;M2-GG-6-1
3600550972122;M2-GG-6-1
3600550972146;M2-GG-6-1
3600550972160;M2-GG-6-1
3600550972177;M2-GG-6-1
3600550972436;M2-GG-6-1
3600550999181;M2-GG-6-1
3600550999327;M2-GG-6-1
3600551039312;M2-GG-6-1
3600551039350;M2-GG-6-1
3600551039398;M2-GG-6-1
3600551039435;M2-GG-6-1
3600551052977;M2-GG-6-1
3600551052991;M2-GG-6-1
3600551053004;M2-GG-6-1
3600551053042;M2-GG-6-1
3600551069487;M2-GG-6-1
3600551071497;M2-GG-6-1
3600551071503;M2-GG-6-1
3600551071510;M2-GG-6-1
3600551071527;M2-GG-6-1
3600551132631;M2-GG-6-1
3054080063780;M2-GG-6-2
3054080063841;M2-GG-6-2
3054080063858;M2-GG-6-2
3054080074335;M2-GG-6-2
3054080074342;M2-GG-6-2
3133200091633;M2-GG-6-2
3153714343400;M2-GG-6-2
3153714343516;M2-GG-6-2
3153714343554;M2-GG-6-2
3160920401527;M2-GG-6-2
3160920402005;M2-GG-6-2
3178040202719;M2-GG-6-2
3178040433809;M2-GG-6-2
3178040554894;M2-GG-6-2
3178040585638;M2-GG-6-2
3178040643154;M2-GG-6-2
3178040643208;M2-GG-6-2
3178040671010;M2-GG-6-2
3178041317573;M2-GG-6-2
3178041337731;M2-GG-6-2
3178041343145;M2-GG-6-2
3178041346221;M2-GG-6-2
3178041350815;M2-GG-6-2
3178044041239;M2-GG-6-2
3178044048528;M2-GG-6-2
3178044048535;M2-GG-6-2
3256226758110;M2-GG-6-2
3256226758127;M2-GG-6-2
3256228250735;M2-GG-6-2
3517360003222;M2-GG-6-2
3517360004854;M2-GG-6-2
3517360008654;M2-GG-6-2
3517360008661;M2-GG-6-2
3517360008678;M2-GG-6-2
3517360008685;M2-GG-6-2
3517360009583;M2-GG-6-2
3517360010572;M2-GG-6-2
3517360010992;M2-GG-6-2
3517360011166;M2-GG-6-2
3517360016840;M2-GG-6-2
3517360016901;M2-GG-6-2
3517360016918;M2-GG-6-2
3517360017823;M2-GG-6-2
3517360017830;M2-GG-6-2
3517360018127;M2-GG-6-2
3517360018141;M2-GG-6-2
3517360018158;M2-GG-6-2
3517360018448;M2-GG-6-2
3517360019681;M2-GG-6-2
3517360019704;M2-GG-6-2
3517360019711;M2-GG-6-2
3517360019780;M2-GG-6-2
3517360019797;M2-GG-6-2
3517360019841;M2-GG-6-2
3517360020809;M2-GG-6-2
3517360021127;M2-GG-6-2
3517360021301;M2-GG-6-2
3517360021325;M2-GG-6-2
3517360021424;M2-GG-6-2
3517360024777;M2-GG-6-2
3600521594179;M2-GG-6-2
3600521674406;M2-GG-6-2
3600521992272;M2-GG-6-2
3600522248996;M2-GG-6-2
3600522249597;M2-GG-6-2
3600522251958;M2-GG-6-2
3600522323617;M2-GG-6-2
3600522323624;M2-GG-6-2
3600522480082;M2-GG-6-2
3600522743668;M2-GG-6-2
3600522783343;M2-GG-6-2
3600522892472;M2-GG-6-2
3600523082247;M2-GG-6-2
3600523082254;M2-GG-6-2
3600523201525;M2-GG-6-2
3600523216383;M2-GG-6-2
3600523216420;M2-GG-6-2
3600523242658;M2-GG-6-2
3600523279364;M2-GG-6-2
3600523306336;M2-GG-6-2
3600523516957;M2-GG-6-2
3600523716432;M2-GG-6-2
3600523718627;M2-GG-6-2
3600523732548;M2-GG-6-2
3600523873821;M2-GG-6-2
3600523971961;M2-GG-6-2
3600523972098;M2-GG-6-2
3600524012632;M2-GG-6-2
3600524019648;M2-GG-6-2
3600524069650;M2-GG-6-2
3600524069827;M2-GG-6-2
3600524122874;M2-GG-6-2
3600524186890;M2-GG-6-2
3600524187002;M2-GG-6-2
3600524187101;M2-GG-6-2
3600524190804;M2-GG-6-2
3600524197650;M2-GG-6-2
3600550999174;M2-GG-6-2
3600551132112;M2-GG-6-2
4005900883773;M2-GG-6-2
4015000503136;M2-GG-6-2
4015000923989;M2-GG-6-2
3058325035839;M2-GG-6-3
3058325035884;M2-GG-6-3
3133200677134;M2-GG-6-3
3178040554931;M2-GG-6-3
3178040695153;M2-GG-6-3
3178041315067;M2-GG-6-3
3178041317566;M2-GG-6-3
3178041321778;M2-GG-6-3
3178041321785;M2-GG-6-3
3178041343121;M2-GG-6-3
3178041346061;M2-GG-6-3
3178041346399;M2-GG-6-3
3178041346412;M2-GG-6-3
3178041349062;M2-GG-6-3
3178041349109;M2-GG-6-3
3178041349123;M2-GG-6-3
3178041354851;M2-GG-6-3
3178044040652;M2-GG-6-3
3215660122222;M2-GG-6-3
3215660160880;M2-GG-6-3
3256229033436;M2-GG-6-3
3256229033450;M2-GG-6-3
3256229033467;M2-GG-6-3
3600531648725;M2-GG-6-3
3600531648749;M2-GG-6-3
3600550028607;M2-GG-6-3
3600550038071;M2-GG-6-3
3600550199321;M2-GG-6-3
3600550230321;M2-GG-6-3
3600550269413;M2-GG-6-3
3600550287684;M2-GG-6-3
3600550313390;M2-GG-6-3
3600550805321;M2-GG-6-3
3600550808339;M2-GG-6-3
3600550821215;M2-GG-6-3
3600550880687;M2-GG-6-3
3600550925838;M2-GG-6-3
3600550925845;M2-GG-6-3
3600550965872;M2-GG-6-3
3600550981933;M2-GG-6-3
3660992017119;M2-GG-6-3
4005808179701;M2-GG-6-3
4005808181377;M2-GG-6-3
4005808330577;M2-GG-6-3
4005808614196;M2-GG-6-3
4005808668649;M2-GG-6-3
4005808745708;M2-GG-6-3
4005808749683;M2-GG-6-3
4005808930449;M2-GG-6-3
4005808999675;M2-GG-6-3
4005808999712;M2-GG-6-3
4005900254566;M2-GG-6-3
4005900476647;M2-GG-6-3
4005900485083;M2-GG-6-3
4005900485120;M2-GG-6-3
4005900519719;M2-GG-6-3
4005900543769;M2-GG-6-3
4005900561299;M2-GG-6-3
4005900561619;M2-GG-6-3
4005900572912;M2-GG-6-3
4005900572950;M2-GG-6-3
4005900573032;M2-GG-6-3
4005900573070;M2-GG-6-3
4005900573209;M2-GG-6-3
4005900573230;M2-GG-6-3
4005900573285;M2-GG-6-3
4005900600073;M2-GG-6-3
4005900600103;M2-GG-6-3
4005900616616;M2-GG-6-3
4005900616647;M2-GG-6-3
4005900665089;M2-GG-6-3
4005900665126;M2-GG-6-3
4005900701176;M2-GG-6-3
4005900701213;M2-GG-6-3
4005900702425;M2-GG-6-3
4005900766205;M2-GG-6-3
4005900766533;M2-GG-6-3
4005900775993;M2-GG-6-3
4005900777423;M2-GG-6-3
4005900777454;M2-GG-6-3
4005900803535;M2-GG-6-3
4005900804693;M2-GG-6-3
4005900804730;M2-GG-6-3
4005900817532;M2-GG-6-3
4005900839886;M2-GG-6-3
4005900887146;M2-GG-6-3
4005900891365;M2-GG-6-3
4005900927859;M2-GG-6-3
4005900969712;M2-GG-6-3
4005900977953;M2-GG-6-3
4005900977991;M2-GG-6-3
4006000148922;M2-GG-6-3
4006000148984;M2-GG-6-3
4015000923880;M2-GG-6-3
4015000924054;M2-GG-6-3
7322540711493;M2-GG-6-3
7322540712223;M2-GG-6-3
3058320002034;M2-GG-6-4
3058320002041;M2-GG-6-4
3058320048117;M2-GG-6-4
3215662980011;M2-GG-6-4
3251241018485;M2-GG-6-4
3251241025605;M2-GG-6-4
3251241034768;M2-GG-6-4
3256226758226;M2-GG-6-4
3256226758240;M2-GG-6-4
3415900030458;M2-GG-6-4
3415900030601;M2-GG-6-4
3415900031486;M2-GG-6-4
3415900031752;M2-GG-6-4
3415900031769;M2-GG-6-4
3415900031783;M2-GG-6-4
3549620009071;M2-GG-6-4
3549620033120;M2-GG-6-4
3549620033144;M2-GG-6-4
3549620040005;M2-GG-6-4
3549621011677;M2-GG-6-4
3549621020426;M2-GG-6-4
3574660269635;M2-GG-6-4
3574661034805;M2-GG-6-4
3574661332512;M2-GG-6-4
3574661332550;M2-GG-6-4
3574661336404;M2-GG-6-4
3574661336411;M2-GG-6-4
3574661336657;M2-GG-6-4
3574661338439;M2-GG-6-4
3574661527055;M2-GG-6-4
3574661529974;M2-GG-6-4
3574661657103;M2-GG-6-4
3600540676627;M2-GG-6-4
3600541116146;M2-GG-6-4
3600541194342;M2-GG-6-4
3600541358447;M2-GG-6-4
3600541594982;M2-GG-6-4
3600541744509;M2-GG-6-4
3600541895478;M2-GG-6-4
3600541943506;M2-GG-6-4
3600542097024;M2-GG-6-4
3600542168632;M2-GG-6-4
3600542183673;M2-GG-6-4
3600542183758;M2-GG-6-4
3600542184670;M2-GG-6-4
3600542325332;M2-GG-6-4
3600542326452;M2-GG-6-4
3600542370592;M2-GG-6-4
3600542427531;M2-GG-6-4
3600542444088;M2-GG-6-4
3600542449601;M2-GG-6-4
3600542469616;M2-GG-6-4
3600542628563;M2-GG-6-4
3600550240276;M2-GG-6-4
3600551020419;M2-GG-6-4
3600551049847;M2-GG-6-4
0000042390091;M2-GG-6-4
0000042428831;M2-GG-6-4
5017634237028;M2-GG-6-4
5017634237035;M2-GG-6-4
5017634238483;M2-GG-6-4
5017634238506;M2-GG-6-4
5017634247843;M2-GG-6-4
5017634252076;M2-GG-6-4
5017634256739;M2-GG-6-4
5017634266639;M2-GG-6-4
5017634270988;M2-GG-6-4
5017634271060;M2-GG-6-4
3017561500013;M2-GG-6-5
3160920532146;M2-GG-6-5
3251241025599;M2-GG-6-5
3251241034713;M2-GG-6-5
3254381025009;M2-GG-6-5
3254381049029;M2-GG-6-5
3331300004762;M2-GG-6-5
3331300011685;M2-GG-6-5
3331300011951;M2-GG-6-5
3331300015706;M2-GG-6-5
3331300015799;M2-GG-6-5
3331300015867;M2-GG-6-5
3414090801329;M2-GG-6-5
3506770012009;M2-GG-6-5
3506770012016;M2-GG-6-5
3506770013006;M2-GG-6-5
3506770013013;M2-GG-6-5
3549621011660;M2-GG-6-5
3549621020419;M2-GG-6-5
3549621033167;M2-GG-6-5
3549629000215;M2-GG-6-5
3574661043159;M2-GG-6-5
3574661365305;M2-GG-6-5
3574661365312;M2-GG-6-5
3574661404660;M2-GG-6-5
3574661480114;M2-GG-6-5
3574661537788;M2-GG-6-5
3574661602684;M2-GG-6-5
3574661606163;M2-GG-6-5
3574661606170;M2-GG-6-5
3574661606187;M2-GG-6-5
3574661644226;M2-GG-6-5
3574661644233;M2-GG-6-5
3574661644240;M2-GG-6-5
3574661818054;M2-GG-6-5
3574661818115;M2-GG-6-5
3600550199338;M2-GG-6-5
3600550258417;M2-GG-6-5
3600550286144;M2-GG-6-5
3600550893670;M2-GG-6-5
3600551020457;M2-GG-6-5
3760207117921;M2-GG-6-5
3760207117938;M2-GG-6-5
3760207117945;M2-GG-6-5
4005808236923;M2-GG-6-5
4005808246038;M2-GG-6-5
4005808246434;M2-GG-6-5
4005808246892;M2-GG-6-5
4005808643127;M2-GG-6-5
4005808890576;M2-GG-6-5
4005808925124;M2-GG-6-5
4005900008053;M2-GG-6-5
4005900023872;M2-GG-6-5
4005900548009;M2-GG-6-5
4005900555540;M2-GG-6-5
4005900555595;M2-GG-6-5
4005900555632;M2-GG-6-5
4005900555670;M2-GG-6-5
4005900555717;M2-GG-6-5
4005900555762;M2-GG-6-5
4005900558336;M2-GG-6-5
4005900558367;M2-GG-6-5
4005900578952;M2-GG-6-5
4005900578990;M2-GG-6-5
4005900583741;M2-GG-6-5
4005900625021;M2-GG-6-5
4005900625038;M2-GG-6-5
4005900782007;M2-GG-6-5
4005900782045;M2-GG-6-5
4005900890504;M2-GG-6-5
4005900916747;M2-GG-6-5
0000040063690;M2-GG-6-5
0000040066295;M2-GG-6-5
0000042207528;M2-GG-6-5
0000042269861;M2-GG-6-5
3059940049614;M2-GG-6-6
3059944011624;M2-GG-6-6
3059944011761;M2-GG-6-6
3059944021661;M2-GG-6-6
3059944023061;M2-GG-6-6
3059944023702;M2-GG-6-6
3059944023856;M2-GG-6-6
3059944026147;M2-GG-6-6
3059944026161;M2-GG-6-6
3059944026215;M2-GG-6-6
3059944026703;M2-GG-6-6
3059944026727;M2-GG-6-6
3059944026734;M2-GG-6-6
3059944026741;M2-GG-6-6
3059944026758;M2-GG-6-6
3059944026871;M2-GG-6-6
3059944026888;M2-GG-6-6
3059944026932;M2-GG-6-6
3059944027014;M2-GG-6-6
3059944040105;M2-GG-6-6
3059944066006;M2-GG-6-6
3059948006190;M2-GG-6-6
3059948007050;M2-GG-6-6
3086123303843;M2-GG-6-6
3086123437739;M2-GG-6-6
3086123519176;M2-GG-6-6
3086123534803;M2-GG-6-6
3086126726984;M2-GG-6-6
3086126726991;M2-GG-6-6
3140100411591;M2-GG-6-6
3256220990813;M2-GG-6-6
3256221282849;M2-GG-6-6
3256221283853;M2-GG-6-6
3256222733913;M2-GG-6-6
3256225735952;M2-GG-6-6
3256225735969;M2-GG-6-6
3256228415615;M2-GG-6-6
3256228415622;M2-GG-6-6
3256228415646;M2-GG-6-6
3256228415653;M2-GG-6-6
3256228415660;M2-GG-6-6
3256228415677;M2-GG-6-6
3256228415684;M2-GG-6-6
3256228438577;M2-GG-6-6
3256228438584;M2-GG-6-6
3256228942456;M2-GG-6-6
3331300000757;M2-GG-6-6
3331300000849;M2-GG-6-6
3331300004823;M2-GG-6-6
3331300006049;M2-GG-6-6
3331300006070;M2-GG-6-6
3331300006261;M2-GG-6-6
3331300007756;M2-GG-6-6
3331300024661;M2-GG-6-6
3331300026641;M2-GG-6-6
3331300029819;M2-GG-6-6
3331300060560;M2-GG-6-6
3331840554000;M2-GG-6-6
3331849000041;M2-GG-6-6
3450270012031;M2-GG-6-6
3450270012246;M2-GG-6-6
3450270012727;M2-GG-6-6
3450270012796;M2-GG-6-6
3600551100760;M2-GG-6-6
3600551101224;M2-GG-6-6
4027800005901;M2-GG-6-6
4027800006007;M2-GG-6-6
4027800006304;M2-GG-6-6
4027800006366;M2-GG-6-6
4027800039708;M2-GG-6-6
4027800106400;M2-GG-6-6
4027800149902;M2-GG-6-6
4027800416004;M2-GG-6-6
4027800471423;M2-GG-6-6
4027800471508;M2-GG-6-6
4027800516308;M2-GG-6-6
4027800570256;M2-GG-6-6
4027800965038;M2-GG-6-6
5011417549247;M2-GG-6-6
7702018437191;M2-GG-6-6
7702018465552;M2-GG-6-6
7702018465644;M2-GG-6-6
7702018566808;M2-GG-6-6
7702018566983;M2-GG-6-6
7702018570218;M2-GG-6-6
7702018570638;M2-GG-6-6
7702018576982;M2-GG-6-6
7702018577736;M2-GG-6-6
8001090599100;M2-GG-6-6
8700216489720;M2-GG-6-6
8700216501637;M2-GG-6-6
8700216501798;M2-GG-6-6
3031449050605;M2-GG-7-1
3031449050612;M2-GG-7-1
3031449050629;M2-GG-7-1
3031449050636;M2-GG-7-1
3031449050803;M2-GG-7-1
3031449050827;M2-GG-7-1
3031449050933;M2-GG-7-1
3031449050971;M2-GG-7-1
3031449051022;M2-GG-7-1
3031449051060;M2-GG-7-1
3031449051107;M2-GG-7-1
3031449051336;M2-GG-7-1
3031449051381;M2-GG-7-1
3031449450818;M2-GG-7-1
3031449450849;M2-GG-7-1
3031449450856;M2-GG-7-1
3031449451136;M2-GG-7-1
3031449451228;M2-GG-7-1
3031449453123;M2-GG-7-1
3031449453130;M2-GG-7-1
3031449453147;M2-GG-7-1
3031449453154;M2-GG-7-1
3031449453161;M2-GG-7-1
3031449453178;M2-GG-7-1
3031449453185;M2-GG-7-1
3031449453192;M2-GG-7-1
3031449453703;M2-GG-7-1
3031449453710;M2-GG-7-1
3031449453727;M2-GG-7-1
3031449453734;M2-GG-7-1
3031449453758;M2-GG-7-1
3031449453772;M2-GG-7-1
3031449454359;M2-GG-7-1
3031449454366;M2-GG-7-1
3031449454373;M2-GG-7-1
3031449454557;M2-GG-7-1
3031449454588;M2-GG-7-1
3031449454601;M2-GG-7-1
3031449454649;M2-GG-7-1
3031449454687;M2-GG-7-1
3031449454755;M2-GG-7-1
3031449454762;M2-GG-7-1
3031449454779;M2-GG-7-1
3031449454786;M2-GG-7-1
3031449454823;M2-GG-7-1
3031449454854;M2-GG-7-1
3031449454939;M2-GG-7-1
3031449454946;M2-GG-7-1
3031449454960;M2-GG-7-1
3031449454977;M2-GG-7-1
3031449454984;M2-GG-7-1
3031449455073;M2-GG-7-1
3031449455080;M2-GG-7-1
3031449455318;M2-GG-7-1
3031449455349;M2-GG-7-1
3031449456520;M2-GG-7-1
3031449456537;M2-GG-7-1
3031449456605;M2-GG-7-1
3031449456612;M2-GG-7-1
3031449456629;M2-GG-7-1
3031449456780;M2-GG-7-1
3031449456797;M2-GG-7-1
3031449458494;M2-GG-7-1
3031449458869;M2-GG-7-1
3474393023798;M2-GG-7-1
3474393023866;M2-GG-7-1
3474393023965;M2-GG-7-1
3474393024009;M2-GG-7-1
3474393024047;M2-GG-7-1
3474393024146;M2-GG-7-1
3474393024221;M2-GG-7-1
3474393024269;M2-GG-7-1
3474393024382;M2-GG-7-1
3474393024429;M2-GG-7-1
3474393024443;M2-GG-7-1
3474393025266;M2-GG-7-1
3474393025273;M2-GG-7-1
3474393025303;M2-GG-7-1
3474393027086;M2-GG-7-1
3474393027178;M2-GG-7-1
3474393028823;M2-GG-7-1
3474393028878;M2-GG-7-1
3474393032776;M2-GG-7-1
3474393032783;M2-GG-7-1
3474393032790;M2-GG-7-1
3474393032806;M2-GG-7-1
3474393032813;M2-GG-7-1
3474393035111;M2-GG-7-1
3474393042072;M2-GG-7-1
3474393042157;M2-GG-7-1
0079181722674;M2-GG-7-2
0079181722711;M2-GG-7-2
3474393024788;M2-GG-7-2
3474393024801;M2-GG-7-2
3474393024818;M2-GG-7-2
3474393024825;M2-GG-7-2
3474393024986;M2-GG-7-2
3474393025457;M2-GG-7-2
3474393025464;M2-GG-7-2
3474393025518;M2-GG-7-2
3474393025532;M2-GG-7-2
3474393027826;M2-GG-7-2
3474393027833;M2-GG-7-2
3474393027857;M2-GG-7-2
3474393027864;M2-GG-7-2
3474393030390;M2-GG-7-2
3474393030437;M2-GG-7-2
3474393030444;M2-GG-7-2
3474393030451;M2-GG-7-2
3474393030468;M2-GG-7-2
3474393030475;M2-GG-7-2
3474393030512;M2-GG-7-2
3474393035913;M2-GG-7-2
3474393035920;M2-GG-7-2
3474393035944;M2-GG-7-2
3474393035951;M2-GG-7-2
3474393035968;M2-GG-7-2
3474393035982;M2-GG-7-2
3474393035999;M2-GG-7-2
3474393036002;M2-GG-7-2
3474393036026;M2-GG-7-2
3474393039416;M2-GG-7-2
3474393039423;M2-GG-7-2
3517360021677;M2-GG-7-2
3600531225858;M2-GG-7-2
3600531225896;M2-GG-7-2
3600531312282;M2-GG-7-2
3600531312299;M2-GG-7-2
3600531324520;M2-GG-7-2
3600531324902;M2-GG-7-2
3600531359072;M2-GG-7-2
3600531369026;M2-GG-7-2
3600531369408;M2-GG-7-2
3600531388058;M2-GG-7-2
3600531395551;M2-GG-7-2
3600531531119;M2-GG-7-2
3600531561369;M2-GG-7-2
3600531561383;M2-GG-7-2
3600531632335;M2-GG-7-2
3600531632359;M2-GG-7-2
3600531632649;M2-GG-7-2
3600531647919;M2-GG-7-2
3600531647940;M2-GG-7-2
3600531647964;M2-GG-7-2
3770006053221;M2-GG-7-2
3770006053245;M2-GG-7-2
3770006053252;M2-GG-7-2
3770006053269;M2-GG-7-2
3770006053276;M2-GG-7-2
3770006053283;M2-GG-7-2
3770006053290;M2-GG-7-2
3770006053306;M2-GG-7-2
3770006053375;M2-GG-7-2
3770006053528;M2-GG-7-2
3770006053559;M2-GG-7-2
3770006053573;M2-GG-7-2
3770006053627;M2-GG-7-2
3770006053689;M2-GG-7-2
3770006053788;M2-GG-7-2
3770006053900;M2-GG-7-2
3770012134037;M2-GG-7-2
5060811770030;M2-GG-7-2
5060811770085;M2-GG-7-2
5060811770191;M2-GG-7-2
5060811770221;M2-GG-7-2
5060811770337;M2-GG-7-2
0000030070356;M2-GG-7-3
0000030070431;M2-GG-7-3
0000030074576;M2-GG-7-3
0000030079236;M2-GG-7-3
0000030096608;M2-GG-7-3
0000030096639;M2-GG-7-3
0000030101661;M2-GG-7-3
0000030101760;M2-GG-7-3
0000030108325;M2-GG-7-3
0000030121546;M2-GG-7-3
0000030121553;M2-GG-7-3
0000030122055;M2-GG-7-3
0000030143265;M2-GG-7-3
0000030144224;M2-GG-7-3
0000030145153;M2-GG-7-3
0000030145436;M2-GG-7-3
0000030147317;M2-GG-7-3
0000030147706;M2-GG-7-3
0000030147942;M2-GG-7-3
0000030150041;M2-GG-7-3
0000030150256;M2-GG-7-3
0000030152540;M2-GG-7-3
0000030152748;M2-GG-7-3
0000030152830;M2-GG-7-3
0000030153059;M2-GG-7-3
0000030153080;M2-GG-7-3
0000030161467;M2-GG-7-3
0000030163799;M2-GG-7-3
0000030167223;M2-GG-7-3
3017563440010;M2-GG-7-3
0000030177475;M2-GG-7-3
0000030188280;M2-GG-7-3
0000030188631;M2-GG-7-3
3031449052104;M2-GG-7-3
3031449052128;M2-GG-7-3
3031449052135;M2-GG-7-3
3031449054115;M2-GG-7-3
3031449054139;M2-GG-7-3
3031449054146;M2-GG-7-3
3031449054214;M2-GG-7-3
3031449054238;M2-GG-7-3
3031449054245;M2-GG-7-3
3031449455066;M2-GG-7-3
3031449455301;M2-GG-7-3
3031449455332;M2-GG-7-3
3031449456445;M2-GG-7-3
3031449456452;M2-GG-7-3
3052503260440;M2-GG-7-3
3052503260518;M2-GG-7-3
3052503260945;M2-GG-7-3
3052503261041;M2-GG-7-3
3052503261140;M2-GG-7-3
3052503261911;M2-GG-7-3
3052503530253;M2-GG-7-3
3052503530352;M2-GG-7-3
3052503530451;M2-GG-7-3
3052503535548;M2-GG-7-3
3052503760117;M2-GG-7-3
3052503825700;M2-GG-7-3
3052503830247;M2-GG-7-3
3600523801992;M2-GG-7-3
3600523951291;M2-GG-7-3
3600523959846;M2-GG-7-3
3600523959853;M2-GG-7-3
3600524054601;M2-GG-7-3
3600524054618;M2-GG-7-3
3600524054649;M2-GG-7-3
3600524135973;M2-GG-7-3
3600524136000;M2-GG-7-3
3600530073320;M2-GG-7-3
3600530120840;M2-GG-7-3
3600530121007;M2-GG-7-3
3600530559367;M2-GG-7-3
3600530559589;M2-GG-7-3
3600530695737;M2-GG-7-3
3600530695782;M2-GG-7-3
3600530695850;M2-GG-7-3
3600530695904;M2-GG-7-3
3600530803859;M2-GG-7-3
3600530803866;M2-GG-7-3
3600530803873;M2-GG-7-3
3600531047788;M2-GG-7-3
3600531143510;M2-GG-7-3
3600531199081;M2-GG-7-3
3600531208783;M2-GG-7-3
3600531208790;M2-GG-7-3
3600531224493;M2-GG-7-3
3600531230920;M2-GG-7-3
3600531300357;M2-GG-7-3
3600531300616;M2-GG-7-3
3600531310486;M2-GG-7-3
3600531318963;M2-GG-7-3
3600531319946;M2-GG-7-3
3600531365837;M2-GG-7-3
3600531411107;M2-GG-7-3
3600531411114;M2-GG-7-3
3600531411152;M2-GG-7-3
3600531429911;M2-GG-7-3
3600531443467;M2-GG-7-3
3600531443474;M2-GG-7-3
3600531457594;M2-GG-7-3
3600531500696;M2-GG-7-3
3600531507763;M2-GG-7-3
3600531513443;M2-GG-7-3
3600531513474;M2-GG-7-3
3600531516512;M2-GG-7-3
3600531531089;M2-GG-7-3
3600531531133;M2-GG-7-3
3600531531164;M2-GG-7-3
3600531531188;M2-GG-7-3
3600531543310;M2-GG-7-3
3600531543327;M2-GG-7-3
3600531543358;M2-GG-7-3
3600531548766;M2-GG-7-3
3600531548773;M2-GG-7-3
3600531579067;M2-GG-7-3
3600531579432;M2-GG-7-3
3600531579487;M2-GG-7-3
3600531584696;M2-GG-7-3
3600531604752;M2-GG-7-3
3600531624804;M2-GG-7-3
3600531629106;M2-GG-7-3
3600531632342;M2-GG-7-3
3600531632373;M2-GG-7-3
3600531632410;M2-GG-7-3
3600531632533;M2-GG-7-3
3600531632540;M2-GG-7-3
3600531639501;M2-GG-7-3
3600531639518;M2-GG-7-3
3600531668419;M2-GG-7-3
3600531668433;M2-GG-7-3
3600531668495;M2-GG-7-3
3600531669454;M2-GG-7-3
3600531672317;M2-GG-7-3
3600531672386;M2-GG-7-3
3600531672393;M2-GG-7-3
3600531672454;M2-GG-7-3
3600531672485;M2-GG-7-3
3600531679699;M2-GG-7-3
3600531684921;M2-GG-7-3
3600531684945;M2-GG-7-3
3600531684952;M2-GG-7-3
3600531687182;M2-GG-7-3
3600531687199;M2-GG-7-3
3600531687205;M2-GG-7-3
3600531687922;M2-GG-7-3
3600542534246;M2-GG-7-3
3600542534314;M2-GG-7-3
3600542534321;M2-GG-7-3
3600551055251;M2-GG-7-3
3600551057750;M2-GG-7-3
3600551057767;M2-GG-7-3
3600551057798;M2-GG-7-3
3600551058207;M2-GG-7-3
3600551058559;M2-GG-7-3
3600551058573;M2-GG-7-3
3600551058641;M2-GG-7-3
3600551058658;M2-GG-7-3
3600551058665;M2-GG-7-3
3600551104348;M2-GG-7-3
3600551104355;M2-GG-7-3
3600551104379;M2-GG-7-3
3600551104393;M2-GG-7-3
3600551104416;M2-GG-7-3
3607342350984;M2-GG-7-3
3614221301418;M2-GG-7-3
3614221306611;M2-GG-7-3
3614221306659;M2-GG-7-3
3614221306666;M2-GG-7-3
3614221306703;M2-GG-7-3
3614224102906;M2-GG-7-3
3614224102937;M2-GG-7-3
3614224102944;M2-GG-7-3
3614224102975;M2-GG-7-3
3614224151836;M2-GG-7-3
3614224151843;M2-GG-7-3
3614224874377;M2-GG-7-3
3614224874445;M2-GG-7-3
3614225975387;M2-GG-7-3
3614225975400;M2-GG-7-3
3614225975424;M2-GG-7-3
3614225979958;M2-GG-7-3
3614227209008;M2-GG-7-3
3614227429314;M2-GG-7-3
3614228410229;M2-GG-7-3
3614228410908;M2-GG-7-3
3614228410946;M2-GG-7-3
3614228410977;M2-GG-7-3
3614228413411;M2-GG-7-3
3614228413442;M2-GG-7-3
3614228413466;M2-GG-7-3
3614228413473;M2-GG-7-3
3614228939829;M2-GG-7-3
3616300771334;M2-GG-7-3
3616300771341;M2-GG-7-3
3616300771761;M2-GG-7-3
3616300771785;M2-GG-7-3
3616301289661;M2-GG-7-3
3616301289685;M2-GG-7-3
3616302274185;M2-GG-7-3
3616302274192;M2-GG-7-3
3616303397166;M2-GG-7-3
3616303397197;M2-GG-7-3
3616303397265;M2-GG-7-3
3616303397272;M2-GG-7-3
3616303397364;M2-GG-7-3
3616303915117;M2-GG-7-3
3616303915131;M2-GG-7-3
3616303915148;M2-GG-7-3
3616303997731;M2-GG-7-3
3616303997748;M2-GG-7-3
3616304008061;M2-GG-7-3
3616304008078;M2-GG-7-3
3616304545948;M2-GG-7-3
3616304547553;M2-GG-7-3
3616304547560;M2-GG-7-3
3616304547614;M2-GG-7-3
3616305242723;M2-GG-7-3
3616305242754;M2-GG-7-3
3616305242761;M2-GG-7-3
3616305242778;M2-GG-7-3
4084200857301;M2-GG-7-3
5012874025923;M2-GG-7-3
0000030148581;M2-GG-7-4
0000030161856;M2-GG-7-4
0000030173446;M2-GG-7-4
0000030173484;M2-GG-7-4
0000030173644;M2-GG-7-4
0000030175792;M2-GG-7-4
0000030176706;M2-GG-7-4
0000030178625;M2-GG-7-4
3054080055839;M2-GG-7-4
3054080055846;M2-GG-7-4
3517360020847;M2-GG-7-4
3517360020854;M2-GG-7-4
3517360020861;M2-GG-7-4
3517360020915;M2-GG-7-4
3517360021066;M2-GG-7-4
3517360021073;M2-GG-7-4
3517360021097;M2-GG-7-4
3517360021189;M2-GG-7-4
3517360021219;M2-GG-7-4
3517360021226;M2-GG-7-4
3517360021578;M2-GG-7-4
3517360021691;M2-GG-7-4
3517360021714;M2-GG-7-4
3517360021721;M2-GG-7-4
3517360021783;M2-GG-7-4
3517360021974;M2-GG-7-4
3517360022018;M2-GG-7-4
3517360022032;M2-GG-7-4
3517360022056;M2-GG-7-4
3517360022070;M2-GG-7-4
3517360022094;M2-GG-7-4
3517360022148;M2-GG-7-4
3517360022674;M2-GG-7-4
3600520277363;M2-GG-7-4
3600520771403;M2-GG-7-4
3600520932798;M2-GG-7-4
3600520932804;M2-GG-7-4
3600521342015;M2-GG-7-4
3600521821107;M2-GG-7-4
3600521893456;M2-GG-7-4
3600521961216;M2-GG-7-4
3600522838913;M2-GG-7-4
3600522838999;M2-GG-7-4
3600522839019;M2-GG-7-4
3600523351503;M2-GG-7-4
3600523409341;M2-GG-7-4
3600523409358;M2-GG-7-4
3600523465262;M2-GG-7-4
3600523500222;M2-GG-7-4
3600523500239;M2-GG-7-4
3600523500284;M2-GG-7-4
3600523503285;M2-GG-7-4
3600523503384;M2-GG-7-4
3600523543649;M2-GG-7-4
3600523543731;M2-GG-7-4
3600523543748;M2-GG-7-4
3600523593736;M2-GG-7-4
3600523723522;M2-GG-7-4
3600523755271;M2-GG-7-4
3600523755288;M2-GG-7-4
3600523918737;M2-GG-7-4
3600523918836;M2-GG-7-4
3600523919031;M2-GG-7-4
3600523951543;M2-GG-7-4
3600523951895;M2-GG-7-4
3600523959877;M2-GG-7-4
3600524031107;M2-GG-7-4
3614227547483;M2-GG-7-4
3058325072209;M2-GG-8-1
3256221135121;M2-GG-8-1
3256221674408;M2-GG-8-1
3256221674415;M2-GG-8-1
3256222698113;M2-GG-8-1
3256222698274;M2-GG-8-1
3256222698366;M2-GG-8-1
3256222698595;M2-GG-8-1
3256222698618;M2-GG-8-1
3256225720941;M2-GG-8-1
3256227094668;M2-GG-8-1
3256227094682;M2-GG-8-1
3256227094705;M2-GG-8-1
3256227109324;M2-GG-8-1
3256227109331;M2-GG-8-1
3256227109348;M2-GG-8-1
3256227109355;M2-GG-8-1
3256227109362;M2-GG-8-1
3256227109379;M2-GG-8-1
3256227110870;M2-GG-8-1
3256227110887;M2-GG-8-1
3286010012449;M2-GG-8-1
3286010029478;M2-GG-8-1
3286010031013;M2-GG-8-1
3286010034779;M2-GG-8-1
3286010034861;M2-GG-8-1
3286010046741;M2-GG-8-1
3286010057259;M2-GG-8-1
3286010058836;M2-GG-8-1
3286010076045;M2-GG-8-1
3286010076243;M2-GG-8-1
3286010077936;M2-GG-8-1
3286010077943;M2-GG-8-1
3286010077950;M2-GG-8-1
3286010077967;M2-GG-8-1
3286010077974;M2-GG-8-1
3286010077981;M2-GG-8-1
3286010077998;M2-GG-8-1
3286010085894;M2-GG-8-1
3286010099327;M2-GG-8-1
3286011008502;M2-GG-8-1
3286018000318;M2-GG-8-1
3286018000516;M2-GG-8-1
3401020346296;M2-GG-8-1
3600550238631;M2-GG-8-1
3600550302240;M2-GG-8-1
3600551039848;M2-GG-8-1
3600551054582;M2-GG-8-1
3600551055022;M2-GG-8-1
3600551119786;M2-GG-8-1
3600551119793;M2-GG-8-1
3600551119922;M2-GG-8-1
3660992017065;M2-GG-8-1
5054563104823;M2-GG-8-1
3023191975435;M2-GG-8-10
3256227834615;M2-GG-8-10
3256229792647;M2-GG-8-10
3256229792661;M2-GG-8-10
3256229792708;M2-GG-8-10
3023190010052;M2-GG-8-11
3023191725535;M2-GG-8-11
3056562401295;M2-GG-8-11
3220660341139;M2-GG-8-11
3256228098078;M2-GG-8-11
3256229791640;M2-GG-8-11
3507460222807;M2-GG-8-11
3661276173835;M2-GG-8-11
3661276174313;M2-GG-8-11
8712930010005;M2-GG-8-11
3160920504563;M2-GG-8-2
3160920505911;M2-GG-8-2
3160920505928;M2-GG-8-2
3160920505942;M2-GG-8-2
3256220178013;M2-GG-8-2
3256221135077;M2-GG-8-2
3256221135091;M2-GG-8-2
3256221415568;M2-GG-8-2
3256226755577;M2-GG-8-2
3256227109386;M2-GG-8-2
3256227207020;M2-GG-8-2
3256227456527;M2-GG-8-2
3256227740077;M2-GG-8-2
3256227766589;M2-GG-8-2
3256228945686;M2-GG-8-2
3286010085870;M2-GG-8-2
3401048573872;M2-GG-8-2
3468080081116;M2-GG-8-2
3468080082533;M2-GG-8-2
3468080082540;M2-GG-8-2
3600551136806;M2-GG-8-2
3600551136813;M2-GG-8-2
3600551136820;M2-GG-8-2
3600551136837;M2-GG-8-2
3700668700379;M2-GG-8-2
3700668700638;M2-GG-8-2
3700668701048;M2-GG-8-2
3700668701093;M2-GG-8-2
3770012134082;M2-GG-8-2
5025404007382;M2-GG-8-2
5025404007405;M2-GG-8-2
5029053568706;M2-GG-8-2
5029053582313;M2-GG-8-2
7322540992755;M2-GG-8-2
8001841041360;M2-GG-8-2
8001841041391;M2-GG-8-2
8001841708744;M2-GG-8-2
8006540458525;M2-GG-8-2
8006540458563;M2-GG-8-2
8006540810286;M2-GG-8-2
8006540815885;M2-GG-8-2
3256226501792;M2-GG-8-3
3256226501884;M2-GG-8-3
3256226501891;M2-GG-8-3
3256227423307;M2-GG-8-3
3256227423345;M2-GG-8-3
3700653802965;M2-GG-8-3
3700653802989;M2-GG-8-3
3700653803009;M2-GG-8-3
3700653803047;M2-GG-8-3
7322541332659;M2-GG-8-3
7322541332765;M2-GG-8-3
7322541335452;M2-GG-8-3
7322541335650;M2-GG-8-3
7322541335865;M2-GG-8-3
7322541337913;M2-GG-8-3
7322541338279;M2-GG-8-3
3286010060075;M2-GG-8-4
3286010060082;M2-GG-8-4
3286010060105;M2-GG-8-4
3286010060112;M2-GG-8-4
3286010060150;M2-GG-8-4
3700668700133;M2-GG-8-4
3700668700140;M2-GG-8-4
3700668700157;M2-GG-8-4
3700668700164;M2-GG-8-4
8001090933577;M2-GG-8-4
8006540929414;M2-GG-8-4
8700216235457;M2-GG-8-4
8700216251334;M2-GG-8-4
8700216251396;M2-GG-8-4
8700216251587;M2-GG-8-4
8700216251808;M2-GG-8-4
8006540704585;M2-GG-8-5
8006540704615;M2-GG-8-5
8006540704646;M2-GG-8-5
8006540704677;M2-GG-8-5
8006540704707;M2-GG-8-5
8006540711569;M2-GG-8-5
8006540711910;M2-GG-8-5
8006540780350;M2-GG-8-5
8700216207263;M2-GG-8-5
8700216207317;M2-GG-8-5
8700216207645;M2-GG-8-5
8700216235402;M2-GG-8-5
8700216235426;M2-GG-8-5
8700216251532;M2-GG-8-5
8700216290937;M2-GG-8-5
8700216290951;M2-GG-8-5
8006540406458;M2-GG-8-6
8006540710166;M2-GG-8-6
8006540710197;M2-GG-8-6
8006540710227;M2-GG-8-6
8006540711026;M2-GG-8-6
8006540711279;M2-GG-8-6
8006540711521;M2-GG-8-6
8006540711873;M2-GG-8-6
8700216241403;M2-GG-8-6
8700216241434;M2-GG-8-6
8700216241441;M2-GG-8-6
8700216263832;M2-GG-8-6
8700216334839;M2-GG-8-6
8700216334860;M2-GG-8-6
8700216366724;M2-GG-8-6
8006540523087;M2-GG-8-7
8006540715567;M2-GG-8-7
8006540715659;M2-GG-8-7
8006540715697;M2-GG-8-7
8006540715734;M2-GG-8-7
8006540715772;M2-GG-8-7
8006540715802;M2-GG-8-7
8006540715871;M2-GG-8-7
8006540715918;M2-GG-8-7
8700216227506;M2-GG-8-7
8700216227537;M2-GG-8-7
8700216227582;M2-GG-8-7
8700216263764;M2-GG-8-7
8700216263795;M2-GG-8-7
8700216263801;M2-GG-8-7
8700216334976;M2-GG-8-7
8700216670685;M2-GG-8-7
3256225221073;M2-GG-8-8
3256227584657;M2-GG-8-8
3256227584909;M2-GG-8-8
3256227585012;M2-GG-8-8
3256227585128;M2-GG-8-8
3256227585241;M2-GG-8-8
3256227585371;M2-GG-8-8
3256227585395;M2-GG-8-8
3256227585531;M2-GG-8-8
3256227585579;M2-GG-8-8
3256227585784;M2-GG-8-8
3256227585814;M2-GG-8-8
3256227586019;M2-GG-8-8
3256227586064;M2-GG-8-8
3256227586156;M2-GG-8-8
3256227742583;M2-GG-8-8
3256228945808;M2-GG-8-8
3256228945815;M2-GG-8-8
3256227584688;M2-GG-8-9
3256227584695;M2-GG-8-9
3256227584916;M2-GG-8-9
3256227740084;M2-GG-8-9
3256227742538;M2-GG-8-9
3256227742545;M2-GG-8-9
3256227742569;M2-GG-8-9
3256227742576;M2-GG-8-9
3256227742590;M2-GG-8-9
3256227742606;M2-GG-8-9
3256227742613;M2-GG-8-9
3256227742620;M2-GG-8-9
3256227742637;M2-GG-8-9
3256227742644;M2-GG-8-9
3660992012770;M2-GG-8-9
3660992012787;M2-GG-8-9
5029053535852;M2-GG-8-9
5029053538433;M2-GG-8-9
5029053567402;M2-GG-8-9
5029053582276;M2-GG-8-9
5029053582283;M2-GG-8-9
5029053582290;M2-GG-8-9
5029053582306;M2-GG-8-9
8001090698384;M2-GG-8-9
3036815444668;M2-HH-10-1
3038359911811;M2-HH-10-1
3038359911835;M2-HH-10-1
3038359913389;M2-HH-10-1
3038359913396;M2-HH-10-1
3061990141217;M2-HH-10-2
3061990141224;M2-HH-10-2
3178530403060;M2-HH-10-2
3178530403077;M2-HH-10-2
3178530403084;M2-HH-10-2
3256225735235;M2-HH-10-2
3256225735242;M2-HH-10-2
3021760291511;M2-HH-10-3
3021760291528;M2-HH-10-3
3021760291610;M2-HH-10-3
3021760292457;M2-HH-10-3
3300088009269;M2-HH-10-3
8000070028708;M2-HH-10-3
5053827199636;M2-HH-10-4
0037600106009;M2-HH-1-1
0037600106412;M2-HH-1-1
3017620421006;M2-HH-1-1
3017620425035;M2-HH-1-1
3256224952978;M2-HH-1-1
3256228788276;M2-HH-1-1
3256229540477;M2-HH-1-1
3256229540484;M2-HH-1-1
3256229540491;M2-HH-1-1
3256229540507;M2-HH-1-1
3256229878235;M2-HH-1-1
3327272107259;M2-HH-1-1
3327272107969;M2-HH-1-1
3330720237361;M2-HH-1-1
3330720237521;M2-HH-1-1
3330720238191;M2-HH-1-1
3470410025851;M2-HH-1-1
3535800001317;M2-HH-1-1
3535800940005;M2-HH-1-1
3608580065340;M2-HH-1-1
3608580065371;M2-HH-1-1
3608580124047;M2-HH-1-1
3608580124078;M2-HH-1-1
3608580124108;M2-HH-1-1
3608580135760;M2-HH-1-1
3608580142966;M2-HH-1-1
3608580144052;M2-HH-1-1
3608580157885;M2-HH-1-1
3664346312936;M2-HH-1-1
5410126706970;M2-HH-1-1
7612100018477;M2-HH-1-1
8000500426494;M2-HH-1-1
8052575090230;M2-HH-1-1
8052575090315;M2-HH-1-1
8052575090346;M2-HH-1-1
0000080861263;M2-HH-1-1
3080920990459;M2-HH-1-10
3255693000494;M2-HH-1-10
3255693000517;M2-HH-1-10
3255693000524;M2-HH-1-10
3255693000548;M2-HH-1-10
3255693000593;M2-HH-1-10
3255693000616;M2-HH-1-10
3255693000623;M2-HH-1-10
3256220502863;M2-HH-1-10
3256220659222;M2-HH-1-10
3256220659239;M2-HH-1-10
3256220787352;M2-HH-1-10
3256220787369;M2-HH-1-10
3256221128277;M2-HH-1-10
3256221128284;M2-HH-1-10
3256221980837;M2-HH-1-10
3256222074429;M2-HH-1-10
3256224763482;M2-HH-1-10
3256225722105;M2-HH-1-10
3256225722112;M2-HH-1-10
3256228281913;M2-HH-1-10
3256228282187;M2-HH-1-10
3256229229266;M2-HH-1-10
3256229267114;M2-HH-1-10
3256229806931;M2-HH-1-10
3256229806948;M2-HH-1-10
3299342249322;M2-HH-1-10
3299342252322;M2-HH-1-10
3299342253664;M2-HH-1-10
3299342263663;M2-HH-1-10
3525702170006;M2-HH-1-10
3608580140559;M2-HH-1-10
3608580140580;M2-HH-1-10
3608580144113;M2-HH-1-10
3608580144144;M2-HH-1-10
3608580144175;M2-HH-1-10
3608580144205;M2-HH-1-10
3660992022267;M2-HH-1-10
3017620721922;M2-HH-1-2
3033710000821;M2-HH-1-2
4008400260921;M2-HH-1-2
4008400828121;M2-HH-1-2
4014400929065;M2-HH-1-2
5000159418003;M2-HH-1-2
5000159419123;M2-HH-1-2
5000159550963;M2-HH-1-2
5000159556897;M2-HH-1-2
5000159557344;M2-HH-1-2
5000159560498;M2-HH-1-2
5900951310591;M2-HH-1-2
5900951311390;M2-HH-1-2
7613032628154;M2-HH-1-2
7613032630379;M2-HH-1-2
7613032638801;M2-HH-1-2
7613035365896;M2-HH-1-2
7613035366749;M2-HH-1-2
8000500022634;M2-HH-1-2
8000500025857;M2-HH-1-2
8000500155646;M2-HH-1-2
8000500188620;M2-HH-1-2
8000500290392;M2-HH-1-2
8000500290415;M2-HH-1-2
8000500290484;M2-HH-1-2
8445291080041;M2-HH-1-2
8593893720800;M2-HH-1-2
1230000168007;M2-HH-1-3
1230000168021;M2-HH-1-3
1230000168045;M2-HH-1-3
1230000168465;M2-HH-1-3
3256229524026;M2-HH-1-3
3256229524033;M2-HH-1-3
4005500569503;M2-HH-1-3
4011100001336;M2-HH-1-3
0000042395034;M2-HH-1-3
5000159417969;M2-HH-1-3
5000159477574;M2-HH-1-3
5000159492737;M2-HH-1-3
5000159492904;M2-HH-1-3
5000159492966;M2-HH-1-3
5000159555753;M2-HH-1-3
5000159557542;M2-HH-1-3
5000159557658;M2-HH-1-3
5000159557702;M2-HH-1-3
5000159558518;M2-HH-1-3
5000159560313;M2-HH-1-3
5000159560726;M2-HH-1-3
5000159560832;M2-HH-1-3
5000159560863;M2-HH-1-3
5000159561204;M2-HH-1-3
5000159561686;M2-HH-1-3
5000159561808;M2-HH-1-3
5000159562546;M2-HH-1-3
5000159568395;M2-HH-1-3
5900951291708;M2-HH-1-3
5900951314407;M2-HH-1-3
5900951314421;M2-HH-1-3
5900951317972;M2-HH-1-3
7613036274777;M2-HH-1-3
7613287121974;M2-HH-1-3
7622200348084;M2-HH-1-3
7622210653314;M2-HH-1-3
8000300280951;M2-HH-1-3
8000500180709;M2-HH-1-3
3045140015832;M2-HH-1-4
3045140015849;M2-HH-1-4
3046920072854;M2-HH-1-4
3061990144058;M2-HH-1-4
3061990144065;M2-HH-1-4
3256221659276;M2-HH-1-4
3256221659283;M2-HH-1-4
3256225050949;M2-HH-1-4
3256225111411;M2-HH-1-4
3256229641501;M2-HH-1-4
3664346306096;M2-HH-1-4
3664346306638;M2-HH-1-4
3664346306652;M2-HH-1-4
3664346349413;M2-HH-1-4
4008400163826;M2-HH-1-4
5000159501125;M2-HH-1-4
5000159501149;M2-HH-1-4
5000159502870;M2-HH-1-4
5000159542739;M2-HH-1-4
5000426122565;M2-HH-1-4
5410081206201;M2-HH-1-4
5413548015552;M2-HH-1-4
5413548040592;M2-HH-1-4
7610036008128;M2-HH-1-4
7610400020206;M2-HH-1-4
7613036071079;M2-HH-1-4
7622200002290;M2-HH-1-4
7622210117762;M2-HH-1-4
7622210303646;M2-HH-1-4
7622300567606;M2-HH-1-4
7622300707880;M2-HH-1-4
7622400853210;M2-HH-1-4
8000500034743;M2-HH-1-4
8000500242612;M2-HH-1-4
8000500273296;M2-HH-1-4
8000500289877;M2-HH-1-4
8000500325384;M2-HH-1-4
8000500428269;M2-HH-1-4
8000500428313;M2-HH-1-4
8003340090177;M2-HH-1-4
8445291434653;M2-HH-1-4
3033710036103;M2-HH-1-5
3033710037117;M2-HH-1-5
3256220503549;M2-HH-1-5
3256220503556;M2-HH-1-5
3256220503563;M2-HH-1-5
3256224397243;M2-HH-1-5
3256224397250;M2-HH-1-5
3256225041534;M2-HH-1-5
3256225059126;M2-HH-1-5
3256225059133;M2-HH-1-5
3256227727436;M2-HH-1-5
3256229521643;M2-HH-1-5
3256229521735;M2-HH-1-5
3256229521742;M2-HH-1-5
3700278401994;M2-HH-1-5
3700278402021;M2-HH-1-5
3700278402052;M2-HH-1-5
3700278402083;M2-HH-1-5
3700279301484;M2-HH-1-5
3700279301491;M2-HH-1-5
3700279302627;M2-HH-1-5
3700279303952;M2-HH-1-5
3700279303969;M2-HH-1-5
3700279304614;M2-HH-1-5
3700279304645;M2-HH-1-5
3700279305420;M2-HH-1-5
3700279305796;M2-HH-1-5
3700279306021;M2-HH-1-5
3700279306038;M2-HH-1-5
3700279306168;M2-HH-1-5
3700279306175;M2-HH-1-5
3700279306854;M2-HH-1-5
3700279306861;M2-HH-1-5
3760304182075;M2-HH-1-5
3760304182105;M2-HH-1-5
3760304183096;M2-HH-1-5
3021761206545;M2-HH-1-6
3021762412198;M2-HH-1-6
3021762512669;M2-HH-1-6
3256225042425;M2-HH-1-6
3256225042432;M2-HH-1-6
3256225042449;M2-HH-1-6
3256225059140;M2-HH-1-6
3256225718658;M2-HH-1-6
3256225718665;M2-HH-1-6
3256226396800;M2-HH-1-6
3256226396817;M2-HH-1-6
3256226396831;M2-HH-1-6
3256226396862;M2-HH-1-6
3256229522244;M2-HH-1-6
3288313704267;M2-HH-1-6
3288313704274;M2-HH-1-6
3288313704281;M2-HH-1-6
3288313704298;M2-HH-1-6
3288313704304;M2-HH-1-6
3288313704311;M2-HH-1-6
3288313704328;M2-HH-1-6
3288313704335;M2-HH-1-6
3288313704342;M2-HH-1-6
3288313704359;M2-HH-1-6
3288313704366;M2-HH-1-6
3288313704373;M2-HH-1-6
3425310030047;M2-HH-1-6
3425310030054;M2-HH-1-6
3021761202851;M2-HH-1-7
3021761202974;M2-HH-1-7
3021761204114;M2-HH-1-7
3021761204169;M2-HH-1-7
3021761206521;M2-HH-1-7
3021761206538;M2-HH-1-7
3021761206804;M2-HH-1-7
3021761206811;M2-HH-1-7
3021761206828;M2-HH-1-7
3021761206835;M2-HH-1-7
3021761207023;M2-HH-1-7
3021761207900;M2-HH-1-7
3021761207917;M2-HH-1-7
3021761208075;M2-HH-1-7
3021761208082;M2-HH-1-7
3021761208167;M2-HH-1-7
3021761208174;M2-HH-1-7
3021762412174;M2-HH-1-7
3021762412242;M2-HH-1-7
3021762412280;M2-HH-1-7
3021762412433;M2-HH-1-7
3021762412457;M2-HH-1-7
3021762412464;M2-HH-1-7
3021762412471;M2-HH-1-7
3021762416974;M2-HH-1-7
3021762420094;M2-HH-1-7
3021762420124;M2-HH-1-7
3021762420148;M2-HH-1-7
3021762420513;M2-HH-1-7
3021762420575;M2-HH-1-7
3021762432219;M2-HH-1-7
3021762432288;M2-HH-1-7
3021762432301;M2-HH-1-7
3021762512171;M2-HH-1-7
3021762512263;M2-HH-1-7
3021762512287;M2-HH-1-7
3021762512522;M2-HH-1-7
3021762512546;M2-HH-1-7
3021762512683;M2-HH-1-7
3021762512737;M2-HH-1-7
3021762512744;M2-HH-1-7
3021760290040;M2-HH-1-8
3021760290057;M2-HH-1-8
3021760290422;M2-HH-1-8
3021760290439;M2-HH-1-8
3021760290606;M2-HH-1-8
3021760290613;M2-HH-1-8
3021760290804;M2-HH-1-8
3021760290811;M2-HH-1-8
3021760291009;M2-HH-1-8
3021760291047;M2-HH-1-8
3021760291054;M2-HH-1-8
3021760291115;M2-HH-1-8
3021760291245;M2-HH-1-8
3021760291368;M2-HH-1-8
3021760291375;M2-HH-1-8
3021760291405;M2-HH-1-8
3021760291412;M2-HH-1-8
3021760291429;M2-HH-1-8
3021760291474;M2-HH-1-8
3021760291481;M2-HH-1-8
3021760406410;M2-HH-1-8
3021760406434;M2-HH-1-8
3021761207412;M2-HH-1-8
3021761207443;M2-HH-1-8
3021761207450;M2-HH-1-8
3021761208143;M2-HH-1-8
3021761208150;M2-HH-1-8
3021761208198;M2-HH-1-8
3021761208266;M2-HH-1-8
3021761208273;M2-HH-1-8
3021761208396;M2-HH-1-8
3021761208402;M2-HH-1-8
3021762512553;M2-HH-1-8
3021762512812;M2-HH-1-8
3021762516308;M2-HH-1-8
3256220179997;M2-HH-1-8
3256221407549;M2-HH-1-8
3256221967173;M2-HH-1-8
3256221967180;M2-HH-1-8
3256225041749;M2-HH-1-8
3256225041756;M2-HH-1-8
3256229522398;M2-HH-1-8
3486063018164;M2-HH-1-8
3486063023601;M2-HH-1-8
3486063023618;M2-HH-1-8
3486063023625;M2-HH-1-8
3486063023762;M2-HH-1-8
3486063024097;M2-HH-1-8
3045320076127;M2-HH-1-9
3045320083439;M2-HH-1-9
3045320083446;M2-HH-1-9
3045320083453;M2-HH-1-9
3045320517071;M2-HH-1-9
3045320517101;M2-HH-1-9
3174061051114;M2-HH-1-9
3256220179973;M2-HH-1-9
3256220179980;M2-HH-1-9
3256220503570;M2-HH-1-9
3256220503792;M2-HH-1-9
3256220504089;M2-HH-1-9
3256220504157;M2-HH-1-9
3256220504164;M2-HH-1-9
3256220504201;M2-HH-1-9
3256221967166;M2-HH-1-9
3256221976632;M2-HH-1-9
3256225041725;M2-HH-1-9
3256228319692;M2-HH-1-9
3256228319708;M2-HH-1-9
3256228323620;M2-HH-1-9
3256229521810;M2-HH-1-9
3256229521940;M2-HH-1-9
3256229521957;M2-HH-1-9
3256229522268;M2-HH-1-9
3256229804319;M2-HH-1-9
3256229804326;M2-HH-1-9
3256229804333;M2-HH-1-9
3608580006015;M2-HH-1-9
3608580140498;M2-HH-1-9
3608580140528;M2-HH-1-9
3608580701873;M2-HH-1-9
3608580765547;M2-HH-1-9
3608580765554;M2-HH-1-9
3608580766971;M2-HH-1-9
3608580789758;M2-HH-1-9
3660992012220;M2-HH-1-9
3660992012237;M2-HH-1-9
3660992012244;M2-HH-1-9
3660992019199;M2-HH-1-9
3660992021369;M2-HH-1-9
3660992023059;M2-HH-1-9
3088540002262;M2-HH-2-1
3088540004440;M2-HH-2-1
3088540006468;M2-HH-2-1
3088540202051;M2-HH-2-1
3088540202259;M2-HH-2-1
3088540202303;M2-HH-2-1
3088540202662;M2-HH-2-1
3088540252261;M2-HH-2-1
3088540252612;M2-HH-2-1
3088540255279;M2-HH-2-1
3088540374017;M2-HH-2-1
3088540374512;M2-HH-2-1
3088540402291;M2-HH-2-1
3088540404264;M2-HH-2-1
3088540502298;M2-HH-2-1
3088540502663;M2-HH-2-1
3088541003084;M2-HH-2-1
3088541003107;M2-HH-2-1
3088541010013;M2-HH-2-1
3088541017487;M2-HH-2-1
3088541018163;M2-HH-2-1
3088541018170;M2-HH-2-1
3088542500285;M2-HH-2-1
3088545004001;M2-HH-2-1
3088545004018;M2-HH-2-1
3256220030748;M2-HH-2-1
3256220179621;M2-HH-2-1
3256220368353;M2-HH-2-1
3256220368360;M2-HH-2-1
3256225428847;M2-HH-2-1
3256225434947;M2-HH-2-1
3256225531899;M2-HH-2-1
3256228118189;M2-HH-2-1
3256228118196;M2-HH-2-1
3256228118202;M2-HH-2-1
3256228118219;M2-HH-2-1
3256228118233;M2-HH-2-1
3256228670298;M2-HH-2-1
3256228764508;M2-HH-2-1
3256228968180;M2-HH-2-1
3256228968197;M2-HH-2-1
3256228975096;M2-HH-2-1
3335440127008;M2-HH-2-1
3335440135126;M2-HH-2-1
3335440155407;M2-HH-2-1
3368950869359;M2-HH-2-1
3425600007056;M2-HH-2-1
3425601534063;M2-HH-2-1
3425601534100;M2-HH-2-1
3425601534681;M2-HH-2-1
3425601534704;M2-HH-2-1
3425601534728;M2-HH-2-1
3425601534841;M2-HH-2-1
3425601537361;M2-HH-2-1
3425601539181;M2-HH-2-1
3470410010604;M2-HH-2-1
3470410016415;M2-HH-2-1
3470410017603;M2-HH-2-1
3470410018143;M2-HH-2-1
3660992011193;M2-HH-2-1
3700816705300;M2-HH-2-1
3760073160014;M2-HH-2-1
3760073160021;M2-HH-2-1
3760073160038;M2-HH-2-1
3760073160045;M2-HH-2-1
3760073160052;M2-HH-2-1
3760073160076;M2-HH-2-1
3760073160571;M2-HH-2-1
3760073160823;M2-HH-2-1
3760073160878;M2-HH-2-1
3760157420010;M2-HH-2-1
3760157420027;M2-HH-2-1
3760157420034;M2-HH-2-1
3760157420041;M2-HH-2-1
3760157420065;M2-HH-2-1
3760157420096;M2-HH-2-1
3760157420126;M2-HH-2-1
3760157420188;M2-HH-2-1
3046920020206;M2-HH-2-10
3046920020213;M2-HH-2-10
3046920021043;M2-HH-2-10
3046920040235;M2-HH-2-10
3046920042765;M2-HH-2-10
3046920042963;M2-HH-2-10
3069942320901;M2-HH-2-10
3256220178020;M2-HH-2-10
3256220274319;M2-HH-2-10
3256220610452;M2-HH-2-10
3256220610605;M2-HH-2-10
3256220610667;M2-HH-2-10
3256220610704;M2-HH-2-10
3256220610759;M2-HH-2-10
3256220610766;M2-HH-2-10
3256222989747;M2-HH-2-10
3256222989754;M2-HH-2-10
3256222989761;M2-HH-2-10
3256224641759;M2-HH-2-10
3256224749103;M2-HH-2-10
3256226087449;M2-HH-2-10
3256228115898;M2-HH-2-10
3256229543942;M2-HH-2-10
3256229543959;M2-HH-2-10
3256229543966;M2-HH-2-10
3660992011544;M2-HH-2-10
3664346312608;M2-HH-2-10
7610400066204;M2-HH-2-10
7613032471842;M2-HH-2-10
7613032910501;M2-HH-2-10
7613035040793;M2-HH-2-10
7613035040823;M2-HH-2-10
7613035493490;M2-HH-2-10
7613035494541;M2-HH-2-10
7613035587793;M2-HH-2-10
7613035653290;M2-HH-2-10
7613035859098;M2-HH-2-10
7613035898677;M2-HH-2-10
7613035898707;M2-HH-2-10
7613036431651;M2-HH-2-10
7613037030440;M2-HH-2-10
7613038954226;M2-HH-2-10
7622201388546;M2-HH-2-10
7622201388577;M2-HH-2-10
7622202284335;M2-HH-2-10
7622202284359;M2-HH-2-10
7622210122216;M2-HH-2-10
7622210189592;M2-HH-2-10
7622210724519;M2-HH-2-10
7622210738769;M2-HH-2-10
7622210765352;M2-HH-2-10
7622210995025;M2-HH-2-10
7622210995049;M2-HH-2-10
7622210995063;M2-HH-2-10
7622210995087;M2-HH-2-10
7622210995100;M2-HH-2-10
7622210995124;M2-HH-2-10
7622300311902;M2-HH-2-10
7622300630676;M2-HH-2-10
7622400006753;M2-HH-2-10
7622400013928;M2-HH-2-10
7622400013935;M2-HH-2-10
7622400013942;M2-HH-2-10
7622400817410;M2-HH-2-10
8445290907424;M2-HH-2-10
8445290991867;M2-HH-2-10
3103220009635;M2-HH-2-2
3103220033784;M2-HH-2-2
3103220034774;M2-HH-2-2
3103220035221;M2-HH-2-2
3103220035580;M2-HH-2-2
3103220035771;M2-HH-2-2
3103220037249;M2-HH-2-2
3103220043325;M2-HH-2-2
3103220044216;M2-HH-2-2
3103220044797;M2-HH-2-2
3103220046807;M2-HH-2-2
3103220049297;M2-HH-2-2
3103220062401;M2-HH-2-2
3103220063880;M2-HH-2-2
3103224008962;M2-HH-2-2
3103224009136;M2-HH-2-2
3116740026136;M2-HH-2-2
3116740027317;M2-HH-2-2
3116740030393;M2-HH-2-2
3116740030614;M2-HH-2-2
3116740032199;M2-HH-2-2
3116740033882;M2-HH-2-2
3116740033929;M2-HH-2-2
3116740034711;M2-HH-2-2
3116740037088;M2-HH-2-2
3256220125321;M2-HH-2-2
3501271113033;M2-HH-2-2
3501271140039;M2-HH-2-2
3501271213047;M2-HH-2-2
3664346344371;M2-HH-2-2
3664346346498;M2-HH-2-2
3664346347426;M2-HH-2-2
3664346347884;M2-HH-2-2
3664346350006;M2-HH-2-2
4000512004912;M2-HH-2-2
4000512364382;M2-HH-2-2
4000512364405;M2-HH-2-2
4000512364467;M2-HH-2-2
4000512364764;M2-HH-2-2
4003084405507;M2-HH-2-2
5410057187039;M2-HH-2-2
6936756269351;M2-HH-2-2
6936756269436;M2-HH-2-2
6936756269474;M2-HH-2-2
6936756269535;M2-HH-2-2
6936756269559;M2-HH-2-2
6936756269634;M2-HH-2-2
6936756269658;M2-HH-2-2
6936756269672;M2-HH-2-2
8410525256448;M2-HH-2-2
8410525256479;M2-HH-2-2
3103220009550;M2-HH-2-3
3103220009581;M2-HH-2-3
3103220009802;M2-HH-2-3
3103220022696;M2-HH-2-3
3103220025956;M2-HH-2-3
3103220034804;M2-HH-2-3
3103220036051;M2-HH-2-3
3103220036211;M2-HH-2-3
3103220037867;M2-HH-2-3
3103220043158;M2-HH-2-3
3103220045374;M2-HH-2-3
3103220045633;M2-HH-2-3
3103220045886;M2-HH-2-3
3103220046159;M2-HH-2-3
3103220047453;M2-HH-2-3
3103220048030;M2-HH-2-3
3103220048658;M2-HH-2-3
3103220049457;M2-HH-2-3
3103220059531;M2-HH-2-3
3103220061688;M2-HH-2-3
3103220063200;M2-HH-2-3
3103220063927;M2-HH-2-3
3103220063965;M2-HH-2-3
3103224010200;M2-HH-2-3
3116740033899;M2-HH-2-3
3116740033905;M2-HH-2-3
3256220370370;M2-HH-2-3
3256224061731;M2-HH-2-3
3256226759094;M2-HH-2-3
3256226759124;M2-HH-2-3
3256228261526;M2-HH-2-3
3256229809390;M2-HH-2-3
3256229809413;M2-HH-2-3
3256229809529;M2-HH-2-3
3256229860216;M2-HH-2-3
4000512365006;M2-HH-2-3
7614500011218;M2-HH-2-3
3103220000557;M2-HH-2-4
3103220009659;M2-HH-2-4
3103220009819;M2-HH-2-4
3103220025994;M2-HH-2-4
3103220033371;M2-HH-2-4
3103220035214;M2-HH-2-4
3103220038529;M2-HH-2-4
3103220040072;M2-HH-2-4
3103220044209;M2-HH-2-4
3103220044544;M2-HH-2-4
3103220045640;M2-HH-2-4
3103220048672;M2-HH-2-4
3103220049266;M2-HH-2-4
3103220060964;M2-HH-2-4
3103220062463;M2-HH-2-4
3103220062470;M2-HH-2-4
3103220063125;M2-HH-2-4
3103224007224;M2-HH-2-4
3103224008627;M2-HH-2-4
3103224008726;M2-HH-2-4
3103224008740;M2-HH-2-4
3173289223204;M2-HH-2-4
3173289223501;M2-HH-2-4
3256220370110;M2-HH-2-4
3256226759117;M2-HH-2-4
3256227733352;M2-HH-2-4
3256227733369;M2-HH-2-4
3256229809512;M2-HH-2-4
3256229809550;M2-HH-2-4
3272610000269;M2-HH-2-4
3608580877448;M2-HH-2-4
4009900482967;M2-HH-2-4
4009900546225;M2-HH-2-4
3103220000595;M2-HH-2-5
3103220023433;M2-HH-2-5
3103220041468;M2-HH-2-5
3103220041734;M2-HH-2-5
3103220045657;M2-HH-2-5
3103220048665;M2-HH-2-5
3103220049273;M2-HH-2-5
3103220062296;M2-HH-2-5
3103220063170;M2-HH-2-5
3103220063187;M2-HH-2-5
3116740029809;M2-HH-2-5
3116740033288;M2-HH-2-5
3116740035053;M2-HH-2-5
3256220171977;M2-HH-2-5
3256225060085;M2-HH-2-5
3256227108273;M2-HH-2-5
3256229809567;M2-HH-2-5
3664346300780;M2-HH-2-5
3664346300889;M2-HH-2-5
3664346300940;M2-HH-2-5
3664346305839;M2-HH-2-5
3664346307147;M2-HH-2-5
3664346348812;M2-HH-2-5
3664346349475;M2-HH-2-5
4001686522424;M2-HH-2-5
4001686580332;M2-HH-2-5
4601798030055;M2-HH-2-5
8410031936469;M2-HH-2-5
8410031936506;M2-HH-2-5
8410525183096;M2-HH-2-5
8713600186853;M2-HH-2-5
8723400871057;M2-HH-2-5
3116740017332;M2-HH-2-6
3256220851282;M2-HH-2-6
3256225425624;M2-HH-2-6
3256227465864;M2-HH-2-6
3256228679369;M2-HH-2-6
3660992011551;M2-HH-2-6
3664346300841;M2-HH-2-6
3664346307048;M2-HH-2-6
3664346307062;M2-HH-2-6
3664346307079;M2-HH-2-6
3664346307086;M2-HH-2-6
3664346307093;M2-HH-2-6
3664346316507;M2-HH-2-6
3664346316514;M2-HH-2-6
3664346334587;M2-HH-2-6
3664346339681;M2-HH-2-6
3664346341882;M2-HH-2-6
3664346343428;M2-HH-2-6
3664346343619;M2-HH-2-6
3664346352840;M2-HH-2-6
3664346352857;M2-HH-2-6
3664346352963;M2-HH-2-6
8410031972290;M2-HH-2-6
3103220000656;M2-HH-2-7
3103220006603;M2-HH-2-7
3116740010210;M2-HH-2-7
3116740019572;M2-HH-2-7
3116740025528;M2-HH-2-7
3256220851237;M2-HH-2-7
3256221409529;M2-HH-2-7
3256221409536;M2-HH-2-7
3256223976739;M2-HH-2-7
3256225425648;M2-HH-2-7
3256225425655;M2-HH-2-7
3256225425662;M2-HH-2-7
3256225445349;M2-HH-2-7
3256225445363;M2-HH-2-7
3256225445394;M2-HH-2-7
3256225445424;M2-HH-2-7
3256225445431;M2-HH-2-7
3256225445448;M2-HH-2-7
3256225445455;M2-HH-2-7
3256226756826;M2-HH-2-7
3256228261922;M2-HH-2-7
3256228405616;M2-HH-2-7
3256228588074;M2-HH-2-7
3256229532229;M2-HH-2-7
3272610000382;M2-HH-2-7
3272610000399;M2-HH-2-7
3330720008213;M2-HH-2-7
3368954000932;M2-HH-2-7
3501275010406;M2-HH-2-7
3664346300513;M2-HH-2-7
3664346303149;M2-HH-2-7
3664346303200;M2-HH-2-7
3664346306539;M2-HH-2-7
3664346306546;M2-HH-2-7
3664346307000;M2-HH-2-7
4014400906592;M2-HH-2-7
4014400916720;M2-HH-2-7
0000040144283;M2-HH-2-7
7610700023402;M2-HH-2-7
7610700601396;M2-HH-2-7
7610700601419;M2-HH-2-7
7610700601624;M2-HH-2-7
3033710002665;M2-HH-2-8
3045140105106;M2-HH-2-8
3045140105502;M2-HH-2-8
3045140118106;M2-HH-2-8
3045140118502;M2-HH-2-8
3046920010603;M2-HH-2-8
3046920010856;M2-HH-2-8
3046920013895;M2-HH-2-8
3046920013901;M2-HH-2-8
3046920013918;M2-HH-2-8
3046920013925;M2-HH-2-8
3046920017541;M2-HH-2-8
3046920021562;M2-HH-2-8
3046920022606;M2-HH-2-8
3046920022651;M2-HH-2-8
3046920027861;M2-HH-2-8
3046920028721;M2-HH-2-8
3046920029681;M2-HH-2-8
3046920029759;M2-HH-2-8
3046920029780;M2-HH-2-8
3256220610407;M2-HH-2-8
3256220610520;M2-HH-2-8
3256220610537;M2-HH-2-8
3256220610544;M2-HH-2-8
3256220611404;M2-HH-2-8
3256220611503;M2-HH-2-8
3256221135862;M2-HH-2-8
3256221135886;M2-HH-2-8
3256225430604;M2-HH-2-8
3256227740947;M2-HH-2-8
3256227763397;M2-HH-2-8
3256229543911;M2-HH-2-8
3256229543928;M2-HH-2-8
3660992011506;M2-HH-2-8
3660992011513;M2-HH-2-8
3660992011520;M2-HH-2-8
3660992011537;M2-HH-2-8
3664346306591;M2-HH-2-8
3664346308632;M2-HH-2-8
3664346317122;M2-HH-2-8
3664346330510;M2-HH-2-8
3664346334495;M2-HH-2-8
3664346350624;M2-HH-2-8
3664346354844;M2-HH-2-8
3800020491409;M2-HH-2-8
3800020491416;M2-HH-2-8
3800020491423;M2-HH-2-8
5410081200018;M2-HH-2-8
5410081200124;M2-HH-2-8
5410081200445;M2-HH-2-8
5410081200551;M2-HH-2-8
5410081200759;M2-HH-2-8
5410081201039;M2-HH-2-8
7622202257759;M2-HH-2-8
7622210293381;M2-HH-2-8
7622210402257;M2-HH-2-8
7622210430830;M2-HH-2-8
7622210438270;M2-HH-2-8
7622210438294;M2-HH-2-8
7622210439970;M2-HH-2-8
7622210604187;M2-HH-2-8
7622210720566;M2-HH-2-8
7622210720580;M2-HH-2-8
7622210990891;M2-HH-2-8
7622300046408;M2-HH-2-8
7622300134532;M2-HH-2-8
7622300201784;M2-HH-2-8
7622300718435;M2-HH-2-8
7622400893094;M2-HH-2-8
7622400893124;M2-HH-2-8
8000300253320;M2-HH-2-8
8000300312102;M2-HH-2-8
8000500110683;M2-HH-2-8
3046920010283;M2-HH-2-9
3046920010382;M2-HH-2-9
3046920013796;M2-HH-2-9
3046920014311;M2-HH-2-9
3046920014472;M2-HH-2-9
3046920017503;M2-HH-2-9
3046920020183;M2-HH-2-9
3046920022507;M2-HH-2-9
3046920022705;M2-HH-2-9
3046920027885;M2-HH-2-9
3046920042567;M2-HH-2-9
3046920042888;M2-HH-2-9
3046920042932;M2-HH-2-9
3046920043380;M2-HH-2-9
3046920045360;M2-HH-2-9
3046920045407;M2-HH-2-9
3046920047302;M2-HH-2-9
3046920047364;M2-HH-2-9
3046920047708;M2-HH-2-9
3046920084000;M2-HH-2-9
3046921014457;M2-HH-2-9
3046921014464;M2-HH-2-9
3256220174350;M2-HH-2-9
3256220259576;M2-HH-2-9
3256220268363;M2-HH-2-9
3256220268370;M2-HH-2-9
3256221135831;M2-HH-2-9
3256222777306;M2-HH-2-9
3256224642022;M2-HH-2-9
3256226089016;M2-HH-2-9
3256227096006;M2-HH-2-9
3256227764653;M2-HH-2-9
3256227764660;M2-HH-2-9
3256227764677;M2-HH-2-9
3256227893797;M2-HH-2-9
3256228408341;M2-HH-2-9
3256229543973;M2-HH-2-9
3256229543980;M2-HH-2-9
3256229543997;M2-HH-2-9
3256229544000;M2-HH-2-9
3664346354813;M2-HH-2-9
7610036002706;M2-HH-2-9
7610036002720;M2-HH-2-9
7610036002737;M2-HH-2-9
7610036002744;M2-HH-2-9
7610036002751;M2-HH-2-9
7610036002775;M2-HH-2-9
7610036002805;M2-HH-2-9
7610036002829;M2-HH-2-9
7610036010107;M2-HH-2-9
7610036010305;M2-HH-2-9
7610036012514;M2-HH-2-9
7610400084895;M2-HH-2-9
7613037984798;M2-HH-2-9
7613037984972;M2-HH-2-9
7613037985085;M2-HH-2-9
7613037987263;M2-HH-2-9
7613037988147;M2-HH-2-9
7613038007694;M2-HH-2-9
7613287055934;M2-HH-2-9
8000500359488;M2-HH-2-9
8000500359556;M2-HH-2-9
8000500359884;M2-HH-2-9
8445290540935;M2-HH-2-9
8445290898166;M2-HH-2-9
8445290898616;M2-HH-2-9
8445291492141;M2-HH-2-9
3173990025685;M2-HH-3-1
3256225041299;M2-HH-3-1
3256225041312;M2-HH-3-1
3256225041336;M2-HH-3-1
3256225041350;M2-HH-3-1
3256225710102;M2-HH-3-1
3660992011391;M2-HH-3-1
3660992011445;M2-HH-3-1
3660992014859;M2-HH-3-1
5410126006353;M2-HH-3-1
5410126006360;M2-HH-3-1
7622210100917;M2-HH-3-1
7622210245908;M2-HH-3-1
7622210400574;M2-HH-3-1
7622210400598;M2-HH-3-1
7622210449276;M2-HH-3-1
7622210449283;M2-HH-3-1
7622210449313;M2-HH-3-1
7622210449375;M2-HH-3-1
7622210449931;M2-HH-3-1
7622210449979;M2-HH-3-1
7622210450029;M2-HH-3-1
7622210450098;M2-HH-3-1
7622210987464;M2-HH-3-1
3045320000481;M2-HH-3-10
3045320000498;M2-HH-3-10
3045320008401;M2-HH-3-10
3045320008494;M2-HH-3-10
3045320008517;M2-HH-3-10
3045320072518;M2-HH-3-10
3174061039082;M2-HH-3-10
3174061039099;M2-HH-3-10
3174061039105;M2-HH-3-10
3174061039112;M2-HH-3-10
3174061039129;M2-HH-3-10
3174061039198;M2-HH-3-10
3174061039204;M2-HH-3-10
3174061039211;M2-HH-3-10
3174061039273;M2-HH-3-10
3256220362283;M2-HH-3-10
3256220362290;M2-HH-3-10
3256220851084;M2-HH-3-10
3256220851107;M2-HH-3-10
3256220851114;M2-HH-3-10
3256220851121;M2-HH-3-10
3256220851138;M2-HH-3-10
3256221476187;M2-HH-3-10
3256222010007;M2-HH-3-10
3256222010014;M2-HH-3-10
3256222010021;M2-HH-3-10
3256222010038;M2-HH-3-10
3256222010045;M2-HH-3-10
3256222010076;M2-HH-3-10
3256222010090;M2-HH-3-10
3256222010205;M2-HH-3-10
3256222010212;M2-HH-3-10
3256222010229;M2-HH-3-10
3256224060208;M2-HH-3-10
3256224060215;M2-HH-3-10
3256224060222;M2-HH-3-10
3256224060246;M2-HH-3-10
3256224060253;M2-HH-3-10
3256224060260;M2-HH-3-10
3256225720354;M2-HH-3-10
3256229806580;M2-HH-3-10
3256229922402;M2-HH-3-10
3256229922440;M2-HH-3-10
3256229922594;M2-HH-3-10
3256229922617;M2-HH-3-10
3256229922655;M2-HH-3-10
3256229954182;M2-HH-3-10
3256229963535;M2-HH-3-10
3256229969773;M2-HH-3-10
3256229974784;M2-HH-3-10
3330720244000;M2-HH-3-10
3330720244017;M2-HH-3-10
3330720244024;M2-HH-3-10
3330720244055;M2-HH-3-10
3330720244086;M2-HH-3-10
3330720250889;M2-HH-3-10
3330720251015;M2-HH-3-10
3330720251091;M2-HH-3-10
3330720251176;M2-HH-3-10
3330720251497;M2-HH-3-10
3330720251626;M2-HH-3-10
3330720251749;M2-HH-3-10
3372330307027;M2-HH-3-10
3470410006744;M2-HH-3-10
3470410015340;M2-HH-3-10
3470410017160;M2-HH-3-10
3470410017177;M2-HH-3-10
3470410023543;M2-HH-3-10
3470410023550;M2-HH-3-10
3470410023574;M2-HH-3-10
3470410025868;M2-HH-3-10
3470410034563;M2-HH-3-10
3470410134225;M2-HH-3-10
3470410134423;M2-HH-3-10
3470410134492;M2-HH-3-10
3470410134508;M2-HH-3-10
3470410134539;M2-HH-3-10
3470410134560;M2-HH-3-10
3470410134577;M2-HH-3-10
3470410134607;M2-HH-3-10
3470410135116;M2-HH-3-10
3017760015097;M2-HH-3-2
3017760015264;M2-HH-3-2
3017760038331;M2-HH-3-2
3017760038379;M2-HH-3-2
3017760038409;M2-HH-3-2
3017760038584;M2-HH-3-2
3017760038676;M2-HH-3-2
3061990141101;M2-HH-3-2
3061990141118;M2-HH-3-2
3061990141323;M2-HH-3-2
3061990142214;M2-HH-3-2
3061990143365;M2-HH-3-2
3061990143372;M2-HH-3-2
3061990143419;M2-HH-3-2
3061990143426;M2-HH-3-2
3061990143556;M2-HH-3-2
3061990143563;M2-HH-3-2
3061990144201;M2-HH-3-2
3061990144348;M2-HH-3-2
3061990144355;M2-HH-3-2
3178530423136;M2-HH-3-2
3256225041404;M2-HH-3-2
3256225050895;M2-HH-3-2
3256225050901;M2-HH-3-2
3256226086695;M2-HH-3-2
3256226086701;M2-HH-3-2
3256226086718;M2-HH-3-2
3256228411037;M2-HH-3-2
3256228411075;M2-HH-3-2
5410041423600;M2-HH-3-2
3017760002905;M2-HH-3-3
3017760329798;M2-HH-3-3
3017760465496;M2-HH-3-3
3017760589895;M2-HH-3-3
3017760635295;M2-HH-3-3
3061990144072;M2-HH-3-3
3061990144089;M2-HH-3-3
3173990027719;M2-HH-3-3
3178530405804;M2-HH-3-3
3178530412697;M2-HH-3-3
3178530414370;M2-HH-3-3
3178530421194;M2-HH-3-3
3178530421200;M2-HH-3-3
3178530421644;M2-HH-3-3
3178530423563;M2-HH-3-3
3256227755712;M2-HH-3-3
3256229689428;M2-HH-3-3
3256229802018;M2-HH-3-3
3256229802025;M2-HH-3-3
3256229802117;M2-HH-3-3
3256229807129;M2-HH-3-3
3256229837751;M2-HH-3-3
3256229922990;M2-HH-3-3
5410126004021;M2-HH-3-3
5410126004113;M2-HH-3-3
7622202244308;M2-HH-3-3
7622210270078;M2-HH-3-3
7622210396334;M2-HH-3-3
7622210420213;M2-HH-3-3
7622210701336;M2-HH-3-3
7622300292508;M2-HH-3-3
7622300344757;M2-HH-3-3
7622300503079;M2-HH-3-3
3017760771894;M2-HH-3-4
3182180001996;M2-HH-3-4
3182180002306;M2-HH-3-4
3182189999805;M2-HH-3-4
3256224060888;M2-HH-3-4
3256224060895;M2-HH-3-4
3256225722075;M2-HH-3-4
3256228437259;M2-HH-3-4
3392460460409;M2-HH-3-4
3660992011070;M2-HH-3-4
7300400481571;M2-HH-3-4
7300400481588;M2-HH-3-4
7300400481595;M2-HH-3-4
7622210416681;M2-HH-3-4
3017760363990;M2-HH-3-5
3017760719490;M2-HH-3-5
3182180002009;M2-HH-3-5
3182189999751;M2-HH-3-5
3182189999829;M2-HH-3-5
3256220020527;M2-HH-3-5
3256220110112;M2-HH-3-5
3256220280051;M2-HH-3-5
3256228415240;M2-HH-3-5
3392460480827;M2-HH-3-5
3392460481114;M2-HH-3-5
3392460482005;M2-HH-3-5
3392460482012;M2-HH-3-5
3392460488809;M2-HH-3-5
7622210141552;M2-HH-3-5
7622210416643;M2-HH-3-5
7622210941480;M2-HH-3-5
3017760542890;M2-HH-3-6
3182180001125;M2-HH-3-6
3182180002436;M2-HH-3-6
3182180002474;M2-HH-3-6
3182180060320;M2-HH-3-6
3182189999652;M2-HH-3-6
3182189999669;M2-HH-3-6
3182189999768;M2-HH-3-6
3182189999775;M2-HH-3-6
3256220661225;M2-HH-3-6
3256221979138;M2-HH-3-6
3256228103918;M2-HH-3-6
3392460480940;M2-HH-3-6
3392460482906;M2-HH-3-6
3392460484184;M2-HH-3-6
3182180001026;M2-HH-3-7
3182180002115;M2-HH-3-7
3182189999645;M2-HH-3-7
3256220110204;M2-HH-3-7
3256220110259;M2-HH-3-7
3256220368186;M2-HH-3-7
3256220661218;M2-HH-3-7
3256221094411;M2-HH-3-7
3256221094428;M2-HH-3-7
3300081001208;M2-HH-3-7
7311070017380;M2-HH-3-7
7311070032574;M2-HH-3-7
7311070032581;M2-HH-3-7
7311070032604;M2-HH-3-7
7311070032611;M2-HH-3-7
7311070362664;M2-HH-3-7
7622210416728;M2-HH-3-7
3017760547093;M2-HH-3-8
3017760751995;M2-HH-3-8
3041090061615;M2-HH-3-8
3041090061639;M2-HH-3-8
3041090061646;M2-HH-3-8
3041090063114;M2-HH-3-8
3041090063152;M2-HH-3-8
3041090063206;M2-HH-3-8
3041090063213;M2-HH-3-8
3182180000692;M2-HH-3-8
3182180002092;M2-HH-3-8
3182180002542;M2-HH-3-8
3182189999638;M2-HH-3-8
3256229386563;M2-HH-3-8
3256229386570;M2-HH-3-8
7622300694678;M2-HH-3-8
3045320001570;M2-HH-3-9
3045320001679;M2-HH-3-9
3045320001686;M2-HH-3-9
3045320001693;M2-HH-3-9
3045320001716;M2-HH-3-9
3045320008920;M2-HH-3-9
3045320022247;M2-HH-3-9
3045320026771;M2-HH-3-9
3045320026924;M2-HH-3-9
3045320029253;M2-HH-3-9
3045320074123;M2-HH-3-9
3045320074895;M2-HH-3-9
3174061037132;M2-HH-3-9
3256220114103;M2-HH-3-9
3256228739964;M2-HH-3-9
3256229476738;M2-HH-3-9
3256229532274;M2-HH-3-9
3368950050351;M2-HH-3-9
3368950050689;M2-HH-3-9
3368952504135;M2-HH-3-9
3368955220261;M2-HH-3-9
3368958362203;M2-HH-3-9
3368958362395;M2-HH-3-9
3368958362425;M2-HH-3-9
3368958362449;M2-HH-3-9
3368958362722;M2-HH-3-9
3372330307676;M2-HH-3-9
3608580007203;M2-HH-3-9
3608580017257;M2-HH-3-9
3608580017288;M2-HH-3-9
3608580023531;M2-HH-3-9
3608580144601;M2-HH-3-9
3608580745358;M2-HH-3-9
3608580745372;M2-HH-3-9
3608580758686;M2-HH-3-9
3608580758693;M2-HH-3-9
3608580777182;M2-HH-3-9
3608580777205;M2-HH-3-9
3608580796909;M2-HH-3-9
3608580797159;M2-HH-3-9
3608580797173;M2-HH-3-9
3608580797180;M2-HH-3-9
3608580797197;M2-HH-3-9
3608580823445;M2-HH-3-9
3608580823452;M2-HH-3-9
3608580823469;M2-HH-3-9
3608580823476;M2-HH-3-9
3608580823490;M2-HH-3-9
3608580823506;M2-HH-3-9
3608580823513;M2-HH-3-9
3608580823520;M2-HH-3-9
3660992011179;M2-HH-3-9
3660992011186;M2-HH-3-9
3660992022861;M2-HH-3-9
3660992022878;M2-HH-3-9
3017760756198;M2-HH-4-1
3017760756297;M2-HH-4-1
3061990144317;M2-HH-4-1
3061990144331;M2-HH-4-1
3116430217547;M2-HH-4-1
3116430217554;M2-HH-4-1
3116430219138;M2-HH-4-1
3116430219152;M2-HH-4-1
3178530405781;M2-HH-4-1
3178530407396;M2-HH-4-1
3178530422597;M2-HH-4-1
3256220210454;M2-HH-4-1
3256220210461;M2-HH-4-1
3256220210638;M2-HH-4-1
3256220368223;M2-HH-4-1
3256224375531;M2-HH-4-1
3256224375548;M2-HH-4-1
3256226325190;M2-HH-4-1
3256228103932;M2-HH-4-1
3256229807105;M2-HH-4-1
3256229807112;M2-HH-4-1
3660992011360;M2-HH-4-1
3660992011377;M2-HH-4-1
3660992020904;M2-HH-4-1
7622201751708;M2-HH-4-1
7622201751722;M2-HH-4-1
7622202014710;M2-HH-4-1
7622210981349;M2-HH-4-1
7622210981356;M2-HH-4-1
7622300356767;M2-HH-4-1
7622300689124;M2-HH-4-1
7622300746742;M2-HH-4-1
7622300782443;M2-HH-4-1
8000500426449;M2-HH-4-1
3017760021524;M2-HH-4-10
3017760306492;M2-HH-4-10
3017760656092;M2-HH-4-10
3017760803991;M2-HH-4-10
3061990143594;M2-HH-4-10
3173990025654;M2-HH-4-10
3256222974101;M2-HH-4-10
3256222974125;M2-HH-4-10
3256222977058;M2-HH-4-10
3256223379387;M2-HH-4-10
3256224375487;M2-HH-4-10
3256224375494;M2-HH-4-10
3660992011452;M2-HH-4-10
7622210444127;M2-HH-4-10
7622210444141;M2-HH-4-10
7622210713780;M2-HH-4-10
7622210713803;M2-HH-4-10
7622210713889;M2-HH-4-10
7622210713902;M2-HH-4-10
7622210713926;M2-HH-4-10
7622210770714;M2-HH-4-10
3017760002035;M2-HH-4-2
3017760595193;M2-HH-4-2
3017760654098;M2-HH-4-2
3116430208941;M2-HH-4-2
3116430216342;M2-HH-4-2
3116430218483;M2-HH-4-2
3116430219091;M2-HH-4-2
3256220022712;M2-HH-4-2
3256220210720;M2-HH-4-2
3256224054467;M2-HH-4-2
3256229801912;M2-HH-4-2
3256229801929;M2-HH-4-2
3256229801936;M2-HH-4-2
3256229801943;M2-HH-4-2
3256229801950;M2-HH-4-2
3256229801967;M2-HH-4-2
3256229801974;M2-HH-4-2
3256229802056;M2-HH-4-2
3256229802063;M2-HH-4-2
3256229802148;M2-HH-4-2
3256229802155;M2-HH-4-2
5000168198514;M2-HH-4-2
5410041010800;M2-HH-4-2
7622210421968;M2-HH-4-2
7622210421999;M2-HH-4-2
7622210601988;M2-HH-4-2
7622210602015;M2-HH-4-2
7622210602053;M2-HH-4-2
7622210717801;M2-HH-4-2
7622210717870;M2-HH-4-2
7622210718594;M2-HH-4-2
7622300744663;M2-HH-4-2
3017760603997;M2-HH-4-3
3017760649193;M2-HH-4-3
3256220882637;M2-HH-4-3
3256222822327;M2-HH-4-3
3256224375500;M2-HH-4-3
3256227545405;M2-HH-4-3
3256229545298;M2-HH-4-3
3256229802124;M2-HH-4-3
3256229802131;M2-HH-4-3
3256229807365;M2-HH-4-3
4017100266416;M2-HH-4-3
4017100266713;M2-HH-4-3
4017100284410;M2-HH-4-3
5900951312038;M2-HH-4-3
7622202028199;M2-HH-4-3
7622202028304;M2-HH-4-3
7622202028335;M2-HH-4-3
7622210137258;M2-HH-4-3
7622210477439;M2-HH-4-3
7622210650115;M2-HH-4-3
7622210707284;M2-HH-4-3
8000500045497;M2-HH-4-3
8000500217078;M2-HH-4-3
8000500223369;M2-HH-4-3
8000500227848;M2-HH-4-3
8000500269169;M2-HH-4-3
8000500273883;M2-HH-4-3
8000500310397;M2-HH-4-3
8000500310427;M2-HH-4-3
8000500362266;M2-HH-4-3
8000500362303;M2-HH-4-3
8000500382769;M2-HH-4-3
8000500384794;M2-HH-4-3
8000500385807;M2-HH-4-3
8000500391228;M2-HH-4-3
8000500425336;M2-HH-4-3
3017760221580;M2-HH-4-4
3017760221597;M2-HH-4-4
3017760544795;M2-HH-4-4
3017760819121;M2-HH-4-4
3056440032696;M2-HH-4-4
3056440212494;M2-HH-4-4
3056440850283;M2-HH-4-4
3173289105708;M2-HH-4-4
3178530402988;M2-HH-4-4
3178530402995;M2-HH-4-4
3178530403022;M2-HH-4-4
3178530421064;M2-HH-4-4
3256220210393;M2-HH-4-4
3256220210423;M2-HH-4-4
3256220210492;M2-HH-4-4
3256222241500;M2-HH-4-4
3256222241517;M2-HH-4-4
3256224066620;M2-HH-4-4
3256224066637;M2-HH-4-4
3256224066644;M2-HH-4-4
3256224090885;M2-HH-4-4
3256224090892;M2-HH-4-4
3256224090908;M2-HH-4-4
3256224090915;M2-HH-4-4
3256224951964;M2-HH-4-4
3256228323736;M2-HH-4-4
3256229689473;M2-HH-4-4
3256229802032;M2-HH-4-4
3256229802049;M2-HH-4-4
3256229897281;M2-HH-4-4
3660992011322;M2-HH-4-4
3660992011339;M2-HH-4-4
3660992011407;M2-HH-4-4
3660992011421;M2-HH-4-4
3660992011438;M2-HH-4-4
4014400928891;M2-HH-4-4
4014400928976;M2-HH-4-4
0000040144405;M2-HH-4-4
5410041005707;M2-HH-4-4
5410041040807;M2-HH-4-4
5410041376609;M2-HH-4-4
7622201133337;M2-HH-4-4
7622210422163;M2-HH-4-4
0039047001176;M2-HH-4-5
0039047011496;M2-HH-4-5
0039047011656;M2-HH-4-5
3116430056566;M2-HH-4-5
3116430057761;M2-HH-4-5
3116430058089;M2-HH-4-5
3116430058164;M2-HH-4-5
3116430210319;M2-HH-4-5
3116430212627;M2-HH-4-5
3116430216601;M2-HH-4-5
3116430216717;M2-HH-4-5
3116430218216;M2-HH-4-5
3256220000901;M2-HH-4-5
3256228472830;M2-HH-4-5
3256228472847;M2-HH-4-5
3256228674470;M2-HH-4-5
3256229954397;M2-HH-4-5
3368952640239;M2-HH-4-5
3368957079010;M2-HH-4-5
3368959427581;M2-HH-4-5
3435070021780;M2-HH-4-5
3535800503002;M2-HH-4-5
3660992011346;M2-HH-4-5
4017100376108;M2-HH-4-5
7614800119096;M2-HH-4-5
7614800136024;M2-HH-4-5
7614800170004;M2-HH-4-5
7614800190002;M2-HH-4-5
7614800245009;M2-HH-4-5
7614800277000;M2-HH-4-5
7614800321000;M2-HH-4-5
7614800386023;M2-HH-4-5
7614800502294;M2-HH-4-5
7622210952745;M2-HH-4-5
8000380003723;M2-HH-4-5
8076809517706;M2-HH-4-5
3088864620050;M2-HH-4-6
3152280010129;M2-HH-4-6
3152280012093;M2-HH-4-6
3178530404678;M2-HH-4-6
3256220179799;M2-HH-4-6
3256220179805;M2-HH-4-6
3256220210102;M2-HH-4-6
3256220365550;M2-HH-4-6
3256222652962;M2-HH-4-6
3256222655505;M2-HH-4-6
3256222676180;M2-HH-4-6
3256224048992;M2-HH-4-6
3256224049012;M2-HH-4-6
3256224757160;M2-HH-4-6
3256224878414;M2-HH-4-6
3256229230002;M2-HH-4-6
3256229372825;M2-HH-4-6
3256229529298;M2-HH-4-6
3256229540422;M2-HH-4-6
3368955769388;M2-HH-4-6
3368955769401;M2-HH-4-6
3431410001023;M2-HH-4-6
3431410131003;M2-HH-4-6
3431410132000;M2-HH-4-6
3535800007623;M2-HH-4-6
3535800015109;M2-HH-4-6
3535800015505;M2-HH-4-6
3017760030045;M2-HH-4-7
3017760030106;M2-HH-4-7
3017760268196;M2-HH-4-7
3056440070896;M2-HH-4-7
3178530409673;M2-HH-4-7
3178530412901;M2-HH-4-7
3256220065641;M2-HH-4-7
3256220122238;M2-HH-4-7
3256220213202;M2-HH-4-7
3256220503532;M2-HH-4-7
3256220851220;M2-HH-4-7
3256220887854;M2-HH-4-7
3256225433025;M2-HH-4-7
3256226752088;M2-HH-4-7
3256227741210;M2-HH-4-7
3256227762222;M2-HH-4-7
3256228955050;M2-HH-4-7
3256229263147;M2-HH-4-7
3256229807143;M2-HH-4-7
3368951606366;M2-HH-4-7
3368952938060;M2-HH-4-7
3368954000017;M2-HH-4-7
3368954400770;M2-HH-4-7
3368959425204;M2-HH-4-7
3496872010105;M2-HH-4-7
3585730000355;M2-HH-4-7
3585730034350;M2-HH-4-7
3660992011483;M2-HH-4-7
3760122961951;M2-HH-4-7
3760122961999;M2-HH-4-7
5000168198491;M2-HH-4-7
5410126806069;M2-HH-4-7
5410126836066;M2-HH-4-7
5410126836233;M2-HH-4-7
3023470001015;M2-HH-4-8
3023470001084;M2-HH-4-8
3023470010031;M2-HH-4-8
3023470020030;M2-HH-4-8
3106131373000;M2-HH-4-8
3178530409840;M2-HH-4-8
3178530409857;M2-HH-4-8
3178530412840;M2-HH-4-8
3178530413977;M2-HH-4-8
3178530413984;M2-HH-4-8
3178530416527;M2-HH-4-8
3178530422245;M2-HH-4-8
3178530423150;M2-HH-4-8
3178530424904;M2-HH-4-8
3178530424928;M2-HH-4-8
3178530426755;M2-HH-4-8
3178530426915;M2-HH-4-8
3226210100010;M2-HH-4-8
3226219003039;M2-HH-4-8
3226219009864;M2-HH-4-8
3230691101206;M2-HH-4-8
3472860001706;M2-HH-4-8
3472860004011;M2-HH-4-8
3472860408208;M2-HH-4-8
3496871010014;M2-HH-4-8
3496872010112;M2-HH-4-8
3585730000553;M2-HH-4-8
3585730000904;M2-HH-4-8
3585730001208;M2-HH-4-8
3585730002205;M2-HH-4-8
4017100499715;M2-HH-4-8
3017760000062;M2-HH-4-9
3178530404241;M2-HH-4-9
3178530414240;M2-HH-4-9
3178530416541;M2-HH-4-9
3178530419733;M2-HH-4-9
3230690100163;M2-HH-4-9
3256220031080;M2-HH-4-9
3256220031097;M2-HH-4-9
3256220174435;M2-HH-4-9
3256220211222;M2-HH-4-9
3256220211291;M2-HH-4-9
3256220271325;M2-HH-4-9
3256220271578;M2-HH-4-9
3256220368230;M2-HH-4-9
3256220851176;M2-HH-4-9
3256221407150;M2-HH-4-9
3256222822365;M2-HH-4-9
3256224053361;M2-HH-4-9
3256225041947;M2-HH-4-9
3256225717491;M2-HH-4-9
3256226396251;M2-HH-4-9
3256228103925;M2-HH-4-9
3256228473127;M2-HH-4-9
3256229232068;M2-HH-4-9
3256229232075;M2-HH-4-9
3660992011469;M2-HH-4-9
3660992014866;M2-HH-4-9
7622210476104;M2-HH-4-9
7622210476203;M2-HH-4-9
7622210476241;M2-HH-4-9
7622210476296;M2-HH-4-9
7622210708885;M2-HH-4-9
7622210988034;M2-HH-4-9
3256220118460;M2-HH-5-1
3256220450003;M2-HH-5-1
3256220450201;M2-HH-5-1
3256220871334;M2-HH-5-1
3256222826158;M2-HH-5-1
3256223196847;M2-HH-5-1
3256228437266;M2-HH-5-1
3387390324082;M2-HH-5-1
3572420000795;M2-HH-5-1
5010029227062;M2-HH-5-1
5050083542411;M2-HH-5-1
5053827199469;M2-HH-5-1
5053827199568;M2-HH-5-1
5053827199667;M2-HH-5-1
5053827199759;M2-HH-5-1
8445290183842;M2-HH-5-1
8445291075078;M2-HH-5-1
3256220350129;M2-HH-5-10
3256220661508;M2-HH-5-10
3256223040836;M2-HH-5-10
3256226385071;M2-HH-5-10
3256228945792;M2-HH-5-10
3256229503342;M2-HH-5-10
3398984215457;M2-HH-5-10
3398984215754;M2-HH-5-10
3398984505053;M2-HH-5-10
3398984506005;M2-HH-5-10
3398984506036;M2-HH-5-10
3398984506142;M2-HH-5-10
3398984507736;M2-HH-5-10
3398984507767;M2-HH-5-10
3422150000087;M2-HH-5-10
3422150000100;M2-HH-5-10
3422150000179;M2-HH-5-10
3422150000223;M2-HH-5-10
3422150000230;M2-HH-5-10
3422150000490;M2-HH-5-10
3422150000711;M2-HH-5-10
3422150000735;M2-HH-5-10
3422150001145;M2-HH-5-10
3422150002135;M2-HH-5-10
3422150002142;M2-HH-5-10
3422150002159;M2-HH-5-10
3422150002203;M2-HH-5-10
3422150004221;M2-HH-5-10
3422150004269;M2-HH-5-10
3422150006041;M2-HH-5-10
3760406600163;M2-HH-5-10
3760406600187;M2-HH-5-10
3760406600194;M2-HH-5-10
3760406600453;M2-HH-5-10
3760406600460;M2-HH-5-10
3760406600477;M2-HH-5-10
3760406600484;M2-HH-5-10
3760406600491;M2-HH-5-10
3760406600507;M2-HH-5-10
3760406600514;M2-HH-5-10
3760406600521;M2-HH-5-10
3760406600538;M2-HH-5-10
3760406600545;M2-HH-5-10
3760406600552;M2-HH-5-10
3760406600569;M2-HH-5-10
3770023027007;M2-HH-5-10
3770023027021;M2-HH-5-10
3770023027038;M2-HH-5-10
3770023027045;M2-HH-5-10
3770023027052;M2-HH-5-10
3770023027250;M2-HH-5-10
3770023027267;M2-HH-5-10
3770023027281;M2-HH-5-10
3770023027298;M2-HH-5-10
3770023027304;M2-HH-5-10
3770023027311;M2-HH-5-10
3770023027564;M2-HH-5-10
3770023027571;M2-HH-5-10
3770023027588;M2-HH-5-10
3770023027595;M2-HH-5-10
8720608005307;M2-HH-5-10
8720608005314;M2-HH-5-10
8720608005369;M2-HH-5-10
8720608005383;M2-HH-5-10
8720608005390;M2-HH-5-10
8720608024995;M2-HH-5-10
8720608025008;M2-HH-5-10
8720608025138;M2-HH-5-10
8720608025145;M2-HH-5-10
8720608025152;M2-HH-5-10
8720608025169;M2-HH-5-10
8720608025176;M2-HH-5-10
8720608030330;M2-HH-5-10
8720608030354;M2-HH-5-10
8720608034437;M2-HH-5-10
3256220870917;M2-HH-5-2
3256222826202;M2-HH-5-2
3256225042418;M2-HH-5-2
3256229256538;M2-HH-5-2
3256229273368;M2-HH-5-2
3256229485983;M2-HH-5-2
3387390019995;M2-HH-5-2
3387390123210;M2-HH-5-2
3387390326574;M2-HH-5-2
3387390330014;M2-HH-5-2
3660992021420;M2-HH-5-2
5053827101424;M2-HH-5-2
5053827175654;M2-HH-5-2
5059319023250;M2-HH-5-2
5059319023533;M2-HH-5-2
5900020006226;M2-HH-5-2
5900020044877;M2-HH-5-2
5900020045133;M2-HH-5-2
7613031508488;M2-HH-5-2
8445290728791;M2-HH-5-2
8445291075146;M2-HH-5-2
8445291914193;M2-HH-5-2
3159470000120;M2-HH-5-3
3256223371817;M2-HH-5-3
3256225042364;M2-HH-5-3
3256225042401;M2-HH-5-3
3256225428434;M2-HH-5-3
3256225428441;M2-HH-5-3
3256229256521;M2-HH-5-3
3256229256545;M2-HH-5-3
3256229273344;M2-HH-5-3
3256229273351;M2-HH-5-3
3256229401167;M2-HH-5-3
3256229401204;M2-HH-5-3
3256229540514;M2-HH-5-3
3387390331523;M2-HH-5-3
3387390339505;M2-HH-5-3
3660992021413;M2-HH-5-3
3660992023875;M2-HH-5-3
3660992023882;M2-HH-5-3
5050083296079;M2-HH-5-3
5059319023342;M2-HH-5-3
5059319023762;M2-HH-5-3
5059319023885;M2-HH-5-3
5059319024349;M2-HH-5-3
5059319025711;M2-HH-5-3
5059319025797;M2-HH-5-3
7613035449626;M2-HH-5-3
7613287514219;M2-HH-5-3
7613287514271;M2-HH-5-3
3168930003632;M2-HH-5-4
3168930009078;M2-HH-5-4
3256220394079;M2-HH-5-4
3256220450034;M2-HH-5-4
3256222976716;M2-HH-5-4
3256228285898;M2-HH-5-4
3256228686558;M2-HH-5-4
3256228686589;M2-HH-5-4
3256228686596;M2-HH-5-4
3256228686619;M2-HH-5-4
3256228719447;M2-HH-5-4
3256228721518;M2-HH-5-4
3256228721532;M2-HH-5-4
3256228721556;M2-HH-5-4
3256229255630;M2-HH-5-4
3256229255647;M2-HH-5-4
3256229255654;M2-HH-5-4
3256229255661;M2-HH-5-4
3664346342681;M2-HH-5-4
5010029000023;M2-HH-5-4
5010029231526;M2-HH-5-4
5010477348630;M2-HH-5-4
5010477348678;M2-HH-5-4
5010477354051;M2-HH-5-4
5010477356277;M2-HH-5-4
5010477365316;M2-HH-5-4
5010477365378;M2-HH-5-4
7613036669146;M2-HH-5-4
7613037059281;M2-HH-5-4
7613287514325;M2-HH-5-4
3159470005071;M2-HH-5-5
3168930010265;M2-HH-5-5
3168930010838;M2-HH-5-5
3168930010869;M2-HH-5-5
3168930010890;M2-HH-5-5
3168930010906;M2-HH-5-5
3256220394086;M2-HH-5-5
3256220450140;M2-HH-5-5
3256224060697;M2-HH-5-5
3256224124887;M2-HH-5-5
3256224357988;M2-HH-5-5
3256224357995;M2-HH-5-5
3256229256651;M2-HH-5-5
5010477348357;M2-HH-5-5
5010477348395;M2-HH-5-5
5010477348432;M2-HH-5-5
5010477348555;M2-HH-5-5
5010477348593;M2-HH-5-5
5010477350954;M2-HH-5-5
5010477361172;M2-HH-5-5
5010477367099;M2-HH-5-5
5010477367112;M2-HH-5-5
5050083516313;M2-HH-5-5
5053827105590;M2-HH-5-5
5053827204163;M2-HH-5-5
3017760404396;M2-HH-5-6
3017760497398;M2-HH-5-6
3017760502399;M2-HH-5-6
3017760791892;M2-HH-5-6
3159470005347;M2-HH-5-6
3159470204429;M2-HH-5-6
3159470204634;M2-HH-5-6
3256220871136;M2-HH-5-6
3256224360643;M2-HH-5-6
3256224360650;M2-HH-5-6
3256224360667;M2-HH-5-6
3256224762928;M2-HH-5-6
3256224765424;M2-HH-5-6
3256225048489;M2-HH-5-6
3256226402709;M2-HH-5-6
3256228097361;M2-HH-5-6
3256229791893;M2-HH-5-6
3392460250819;M2-HH-5-6
3392460510050;M2-HH-5-6
3392460511200;M2-HH-5-6
3660992020812;M2-HH-5-6
5010477348517;M2-HH-5-6
5010477368539;M2-HH-5-6
5010477368577;M2-HH-5-6
5010477368676;M2-HH-5-6
5050083425691;M2-HH-5-6
5053827157018;M2-HH-5-6
5053827176125;M2-HH-5-6
5053827189927;M2-HH-5-6
5053827208369;M2-HH-5-6
5060088700099;M2-HH-5-6
5060088700112;M2-HH-5-6
5410041161700;M2-HH-5-6
5900020036728;M2-HH-5-6
5900020040244;M2-HH-5-6
5900020040275;M2-HH-5-6
7613031915095;M2-HH-5-6
8000500435472;M2-HH-5-6
8000500435557;M2-HH-5-6
8000500435670;M2-HH-5-6
8000500435731;M2-HH-5-6
8410076600448;M2-HH-5-6
8410076601131;M2-HH-5-6
8410076601148;M2-HH-5-6
8410076602145;M2-HH-5-6
8410076610614;M2-HH-5-6
8410076610621;M2-HH-5-6
8410076610737;M2-HH-5-6
8410076610744;M2-HH-5-6
8410076611277;M2-HH-5-6
3033710065783;M2-HH-5-7
3034470003107;M2-HH-5-7
3034470003114;M2-HH-5-7
3256220063876;M2-HH-5-7
3256220063883;M2-HH-5-7
3256228949035;M2-HH-5-7
3256228949042;M2-HH-5-7
3256228975812;M2-HH-5-7
3660992011148;M2-HH-5-7
3660992013593;M2-HH-5-7
3664346305983;M2-HH-5-7
3664346312455;M2-HH-5-7
3664346315371;M2-HH-5-7
3664346355063;M2-HH-5-7
3700278400881;M2-HH-5-7
3700278406241;M2-HH-5-7
4006985755863;M2-HH-5-7
4006985905800;M2-HH-5-7
4006985906203;M2-HH-5-7
5056357914397;M2-HH-5-7
5056357914472;M2-HH-5-7
5056357914519;M2-HH-5-7
7613033214004;M2-HH-5-7
7613034413659;M2-HH-5-7
7613036012249;M2-HH-5-7
8445290133403;M2-HH-5-7
8445290503206;M2-HH-5-7
8445291122352;M2-HH-5-7
8445291175198;M2-HH-5-7
8445291306516;M2-HH-5-7
8445291604117;M2-HH-5-7
8445291786608;M2-HH-5-7
3256220340106;M2-HH-5-8
3256220817684;M2-HH-5-8
3256224062134;M2-HH-5-8
3256225426560;M2-HH-5-8
3256229163126;M2-HH-5-8
3256229503250;M2-HH-5-8
3256229503267;M2-HH-5-8
3256229503274;M2-HH-5-8
3256229518964;M2-HH-5-8
3256229529267;M2-HH-5-8
3256229529274;M2-HH-5-8
3422150004849;M2-HH-5-8
3422150005112;M2-HH-5-8
3422150005167;M2-HH-5-8
3422150006713;M2-HH-5-8
5014328099924;M2-HH-5-8
5014328099931;M2-HH-5-8
5055953900193;M2-HH-5-8
5055953902463;M2-HH-5-8
5055953902470;M2-HH-5-8
5055953902586;M2-HH-5-8
5055953902609;M2-HH-5-8
5055953902968;M2-HH-5-8
5055953903149;M2-HH-5-8
5055953903354;M2-HH-5-8
5055953903569;M2-HH-5-8
5055953903576;M2-HH-5-8
5055953903682;M2-HH-5-8
5063270104507;M2-HH-5-8
5063270104873;M2-HH-5-8
5063270105481;M2-HH-5-8
5063270105818;M2-HH-5-8
5063270105856;M2-HH-5-8
5063270105917;M2-HH-5-8
5063270107812;M2-HH-5-8
5063270116067;M2-HH-5-8
5063270116128;M2-HH-5-8
5063270120545;M2-HH-5-8
7612100918395;M2-HH-5-8
7612100918418;M2-HH-5-8
7612100918432;M2-HH-5-8
8720608003877;M2-HH-5-8
8720608003884;M2-HH-5-8
8720608007417;M2-HH-5-8
8720608007431;M2-HH-5-8
8720608025657;M2-HH-5-8
8720608025664;M2-HH-5-8
8720608025671;M2-HH-5-8
8720608026524;M2-HH-5-8
8720608026531;M2-HH-5-8
8720608026548;M2-HH-5-8
8720608026562;M2-HH-5-8
8720608028399;M2-HH-5-8
8720608028405;M2-HH-5-8
3042061712017;M2-HH-5-9
3042061712048;M2-HH-5-9
3042061712079;M2-HH-5-9
3042061712130;M2-HH-5-9
3042061811048;M2-HH-5-9
3042061811079;M2-HH-5-9
3042061811109;M2-HH-5-9
3042062007013;M2-HH-5-9
3042062206034;M2-HH-5-9
3042062206096;M2-HH-5-9
3042062208014;M2-HH-5-9
3042062209011;M2-HH-5-9
3042062209042;M2-HH-5-9
3042062209073;M2-HH-5-9
3042062209103;M2-HH-5-9
3042062209134;M2-HH-5-9
3042062209165;M2-HH-5-9
3042062209196;M2-HH-5-9
3042062209226;M2-HH-5-9
3042062209257;M2-HH-5-9
3042062209288;M2-HH-5-9
3042062209318;M2-HH-5-9
3042062401101;M2-HH-5-9
3256220113311;M2-HH-5-9
3256220360012;M2-HH-5-9
3256220661515;M2-HH-5-9
3256223040744;M2-HH-5-9
3256228103697;M2-HH-5-9
3256228103703;M2-HH-5-9
3256229163119;M2-HH-5-9
3256229503373;M2-HH-5-9
5055953900100;M2-HH-5-9
5055953900117;M2-HH-5-9
5055953900285;M2-HH-5-9
5055953900292;M2-HH-5-9
5055953900469;M2-HH-5-9
5055953900582;M2-HH-5-9
5055953902494;M2-HH-5-9
5055953902500;M2-HH-5-9
5055953902531;M2-HH-5-9
5055953902548;M2-HH-5-9
5055953903019;M2-HH-5-9
5055953903033;M2-HH-5-9
5055953903040;M2-HH-5-9
5055953903057;M2-HH-5-9
5055953903125;M2-HH-5-9
5055953903316;M2-HH-5-9
5055953903323;M2-HH-5-9
5055953903361;M2-HH-5-9
5055953903583;M2-HH-5-9
5055953903705;M2-HH-5-9
5055953903774;M2-HH-5-9
5063270107843;M2-HH-5-9
7610700603024;M2-HH-5-9
7610700603079;M2-HH-5-9
3033710003228;M2-HH-6-1
3033710071005;M2-HH-6-1
3033710073467;M2-HH-6-1
3067140013120;M2-HH-6-1
3067140036266;M2-HH-6-1
3067140036303;M2-HH-6-1
3067140042472;M2-HH-6-1
3067140043691;M2-HH-6-1
3256220113519;M2-HH-6-1
3256220268417;M2-HH-6-1
3256220321372;M2-HH-6-1
3256222649436;M2-HH-6-1
3256228957740;M2-HH-6-1
3256228957764;M2-HH-6-1
3256229280076;M2-HH-6-1
3256229280090;M2-HH-6-1
3256229280106;M2-HH-6-1
3256229741287;M2-HH-6-1
3256229743571;M2-HH-6-1
3365741212592;M2-HH-6-1
7613032568436;M2-HH-6-1
7613032655495;M2-HH-6-1
7613034114662;M2-HH-6-1
7613034227775;M2-HH-6-1
7613034418982;M2-HH-6-1
7613034542854;M2-HH-6-1
7613036900072;M2-HH-6-1
7613038185071;M2-HH-6-1
8445290224637;M2-HH-6-1
8445290969743;M2-HH-6-1
8711000577325;M2-HH-6-1
8711000577387;M2-HH-6-1
5056357906217;M2-HH-6-10
5056357908822;M2-HH-6-10
5056357908846;M2-HH-6-10
5056357909591;M2-HH-6-10
5056357909614;M2-HH-6-10
5056357909638;M2-HH-6-10
5056357910887;M2-HH-6-10
7613031794331;M2-HH-6-10
7613032396350;M2-HH-6-10
7613033162220;M2-HH-6-10
7613033174667;M2-HH-6-10
7613033590146;M2-HH-6-10
7613035001848;M2-HH-6-10
7613035690639;M2-HH-6-10
7613036271868;M2-HH-6-10
7613036601344;M2-HH-6-10
7613036867207;M2-HH-6-10
7613036868082;M2-HH-6-10
7613037512731;M2-HH-6-10
7613037788228;M2-HH-6-10
7613037928532;M2-HH-6-10
7613037935080;M2-HH-6-10
7613038902166;M2-HH-6-10
7613287591548;M2-HH-6-10
8445290351807;M2-HH-6-10
8445290446282;M2-HH-6-10
8445290448644;M2-HH-6-10
8445290454782;M2-HH-6-10
8445290455642;M2-HH-6-10
8445290507532;M2-HH-6-10
8445290507563;M2-HH-6-10
8445290508423;M2-HH-6-10
8445290511133;M2-HH-6-10
8445290511164;M2-HH-6-10
8445290551412;M2-HH-6-10
8445290869630;M2-HH-6-10
8445290872036;M2-HH-6-10
8445291335226;M2-HH-6-10
8445291562875;M2-HH-6-10
3033710047765;M2-HH-6-2
3033710072927;M2-HH-6-2
3033710074518;M2-HH-6-2
3033710074525;M2-HH-6-2
3033710074617;M2-HH-6-2
3033710074624;M2-HH-6-2
3033710075225;M2-HH-6-2
3033710075270;M2-HH-6-2
3033710076017;M2-HH-6-2
3033710076505;M2-HH-6-2
3033710076772;M2-HH-6-2
3033710076789;M2-HH-6-2
3033710076895;M2-HH-6-2
3033710077274;M2-HH-6-2
3256220065849;M2-HH-6-2
3256220321402;M2-HH-6-2
3256220321457;M2-HH-6-2
3256220321495;M2-HH-6-2
3256220321501;M2-HH-6-2
3256220321532;M2-HH-6-2
3256222649429;M2-HH-6-2
3256222649443;M2-HH-6-2
3256228655981;M2-HH-6-2
3256228656100;M2-HH-6-2
3256229121751;M2-HH-6-2
3660992011124;M2-HH-6-2
4006508109500;M2-HH-6-2
4006508122394;M2-HH-6-2
4006508200016;M2-HH-6-2
4006508229192;M2-HH-6-2
7613034056122;M2-HH-6-2
7613034852366;M2-HH-6-2
7613034870940;M2-HH-6-2
7613035552579;M2-HH-6-2
7613287872302;M2-HH-6-2
8000300211368;M2-HH-6-2
8445290041364;M2-HH-6-2
8445290969729;M2-HH-6-2
8445291672857;M2-HH-6-2
8711000495643;M2-HH-6-2
8711000523858;M2-HH-6-2
8711000582824;M2-HH-6-2
8711000584996;M2-HH-6-2
8711000673225;M2-HH-6-2
8711000673317;M2-HH-6-2
8711000687550;M2-HH-6-2
3187570071245;M2-HH-6-3
3187570071252;M2-HH-6-3
3187570072488;M2-HH-6-3
3256220370509;M2-HH-6-3
3256224989080;M2-HH-6-3
3256227235160;M2-HH-6-3
3256227235184;M2-HH-6-3
3256227235191;M2-HH-6-3
3256227235498;M2-HH-6-3
3261341001744;M2-HH-6-3
3261341004462;M2-HH-6-3
3368955866322;M2-HH-6-3
3368955866339;M2-HH-6-3
3368955866353;M2-HH-6-3
3564884018485;M2-HH-6-3
3564884027357;M2-HH-6-3
8000070020559;M2-HH-6-3
8000070025035;M2-HH-6-3
8711000563977;M2-HH-6-3
8711000583906;M2-HH-6-3
8711000583937;M2-HH-6-3
8711000898901;M2-HH-6-3
8711000898949;M2-HH-6-3
3149330008014;M2-HH-6-4
3149330008021;M2-HH-6-4
3149330008045;M2-HH-6-4
3228470052016;M2-HH-6-4
3228470057080;M2-HH-6-4
3256220268356;M2-HH-6-4
3256223669693;M2-HH-6-4
3259230000459;M2-HH-6-4
3259230001173;M2-HH-6-4
3259234214005;M2-HH-6-4
3261341003410;M2-HH-6-4
3261341004882;M2-HH-6-4
3261341005605;M2-HH-6-4
3261341025504;M2-HH-6-4
3261341025702;M2-HH-6-4
3261342002108;M2-HH-6-4
3261342003723;M2-HH-6-4
3261342004447;M2-HH-6-4
3261342025404;M2-HH-6-4
3261342050505;M2-HH-6-4
3261342225408;M2-HH-6-4
3368959608775;M2-HH-6-4
3368959608799;M2-HH-6-4
3368959873289;M2-HH-6-4
3368959873548;M2-HH-6-4
3376221111021;M2-HH-6-4
3376221114022;M2-HH-6-4
3376221115784;M2-HH-6-4
3376221128609;M2-HH-6-4
3376221211967;M2-HH-6-4
3564884000190;M2-HH-6-4
3564884027715;M2-HH-6-4
3564884027739;M2-HH-6-4
3564884027784;M2-HH-6-4
3770028547005;M2-HH-6-4
3770028547043;M2-HH-6-4
3770028547081;M2-HH-6-4
3770028547227;M2-HH-6-4
3770028547234;M2-HH-6-4
7613037204889;M2-HH-6-4
8000070200166;M2-HH-6-4
8711000523360;M2-HH-6-4
8711000523391;M2-HH-6-4
8711000547434;M2-HH-6-4
8711000560976;M2-HH-6-4
8711000583845;M2-HH-6-4
3187570015201;M2-HH-6-5
3187570015317;M2-HH-6-5
3187570015409;M2-HH-6-5
3187570015447;M2-HH-6-5
3187570015508;M2-HH-6-5
3187570072440;M2-HH-6-5
3228470001106;M2-HH-6-5
3228470052085;M2-HH-6-5
3228470052122;M2-HH-6-5
3228470062008;M2-HH-6-5
3228470062046;M2-HH-6-5
3228470062053;M2-HH-6-5
3228470062060;M2-HH-6-5
3256220310864;M2-HH-6-5
3256220310888;M2-HH-6-5
3256220310895;M2-HH-6-5
3256220310901;M2-HH-6-5
3256220310963;M2-HH-6-5
3256223377260;M2-HH-6-5
3259234025007;M2-HH-6-5
3660992011087;M2-HH-6-5
3660992011117;M2-HH-6-5
8000070000698;M2-HH-6-5
8000070012882;M2-HH-6-5
8000070014114;M2-HH-6-5
8000070200050;M2-HH-6-5
8000070200289;M2-HH-6-5
8000070200326;M2-HH-6-5
8000070200340;M2-HH-6-5
8711000522189;M2-HH-6-5
8711000523452;M2-HH-6-5
8711000523575;M2-HH-6-5
8711000523636;M2-HH-6-5
3228470057561;M2-HH-6-6
3228470064804;M2-HH-6-6
3228470065177;M2-HH-6-6
3228470065214;M2-HH-6-6
3228470065252;M2-HH-6-6
3228470065290;M2-HH-6-6
3256220310819;M2-HH-6-6
3256220310857;M2-HH-6-6
3256228451071;M2-HH-6-6
3261342000586;M2-HH-6-6
3660992011094;M2-HH-6-6
3660992011100;M2-HH-6-6
8000070032835;M2-HH-6-6
8711000300008;M2-HH-6-6
8711000468128;M2-HH-6-6
8711000522424;M2-HH-6-6
8711000552247;M2-HH-6-6
8711000552261;M2-HH-6-6
8711000600641;M2-HH-6-6
8711000600672;M2-HH-6-6
8711000689370;M2-HH-6-6
8711000706145;M2-HH-6-6
8711000892091;M2-HH-6-6
8711000892114;M2-HH-6-6
3149330008076;M2-HH-6-7
3187571131900;M2-HH-6-7
3187571132303;M2-HH-6-7
3256220370622;M2-HH-6-7
3256221409512;M2-HH-6-7
3256223669075;M2-HH-6-7
3256223669099;M2-HH-6-7
3256227094767;M2-HH-6-7
3256227094774;M2-HH-6-7
3256227094781;M2-HH-6-7
3256227722967;M2-HH-6-7
3256227722981;M2-HH-6-7
3256227723117;M2-HH-6-7
3256227723131;M2-HH-6-7
3256227723162;M2-HH-6-7
3256228835895;M2-HH-6-7
3256228837530;M2-HH-6-7
3256228838315;M2-HH-6-7
3256228838735;M2-HH-6-7
3368954466141;M2-HH-6-7
3368954466158;M2-HH-6-7
3368954466165;M2-HH-6-7
8000070000179;M2-HH-6-7
8000070000520;M2-HH-6-7
8000070073029;M2-HH-6-7
8000070201248;M2-HH-6-7
8000070201422;M2-HH-6-7
8711000399217;M2-HH-6-7
8711000399255;M2-HH-6-7
8711000504680;M2-HH-6-7
8711000520031;M2-HH-6-7
8711000520093;M2-HH-6-7
8711000520420;M2-HH-6-7
3256220021760;M2-HH-6-8
3256220022149;M2-HH-6-8
3256226901349;M2-HH-6-8
3256228956606;M2-HH-6-8
3256228956613;M2-HH-6-8
3256228970459;M2-HH-6-8
3256228970466;M2-HH-6-8
3256228970473;M2-HH-6-8
3256228970480;M2-HH-6-8
3256228970497;M2-HH-6-8
3256228970503;M2-HH-6-8
3256228970510;M2-HH-6-8
3256228970527;M2-HH-6-8
3256228970534;M2-HH-6-8
3256228971043;M2-HH-6-8
8711000357965;M2-HH-6-8
8711000360316;M2-HH-6-8
8711000360491;M2-HH-6-8
8711000360514;M2-HH-6-8
8711000360538;M2-HH-6-8
8711000360545;M2-HH-6-8
8711000360569;M2-HH-6-8
8711000360576;M2-HH-6-8
8711000360590;M2-HH-6-8
8711000360606;M2-HH-6-8
8711000363706;M2-HH-6-8
8711000366509;M2-HH-6-8
8711000463734;M2-HH-6-8
8711000463765;M2-HH-6-8
8711000463796;M2-HH-6-8
8711000463826;M2-HH-6-8
8711000488201;M2-HH-6-8
8711000488225;M2-HH-6-8
8711000500316;M2-HH-6-8
8711000500460;M2-HH-6-8
8711000500675;M2-HH-6-8
8711000501696;M2-HH-6-8
8711000539491;M2-HH-6-8
8711000539798;M2-HH-6-8
8711000539972;M2-HH-6-8
8711000543153;M2-HH-6-8
8711000545249;M2-HH-6-8
8711000547250;M2-HH-6-8
8711000547281;M2-HH-6-8
8711000547311;M2-HH-6-8
8711000547342;M2-HH-6-8
8711000547373;M2-HH-6-8
8711000547403;M2-HH-6-8
8711000572580;M2-HH-6-8
8711000573501;M2-HH-6-8
8711000579022;M2-HH-6-8
8711000579145;M2-HH-6-8
8711000581049;M2-HH-6-8
8711000584453;M2-HH-6-8
8711000589595;M2-HH-6-8
8711000705001;M2-HH-6-8
8711000705032;M2-HH-6-8
8711000705063;M2-HH-6-8
8711000705094;M2-HH-6-8
8711000705162;M2-HH-6-8
8711000705193;M2-HH-6-8
8711000712559;M2-HH-6-8
3149330008113;M2-HH-6-9
3256227728037;M2-HH-6-9
3256227728068;M2-HH-6-9
3256227728235;M2-HH-6-9
3256227728266;M2-HH-6-9
3256227728341;M2-HH-6-9
3256228718891;M2-HH-6-9
3256228970374;M2-HH-6-9
7613036943765;M2-HH-6-9
7613036957083;M2-HH-6-9
7613036958967;M2-HH-6-9
7613036959049;M2-HH-6-9
7613036961561;M2-HH-6-9
7613036961684;M2-HH-6-9
7613036961769;M2-HH-6-9
7613039854327;M2-HH-6-9
7613287186782;M2-HH-6-9
7613287301291;M2-HH-6-9
7613287335524;M2-HH-6-9
7613287414236;M2-HH-6-9
7613287414298;M2-HH-6-9
7613287417817;M2-HH-6-9
7613287418890;M2-HH-6-9
7613287855503;M2-HH-6-9
7630311506873;M2-HH-6-9
8000070059313;M2-HH-6-9
8000070059337;M2-HH-6-9
8000070059351;M2-HH-6-9
8000070059375;M2-HH-6-9
8000070059399;M2-HH-6-9
8000070059498;M2-HH-6-9
8000070059559;M2-HH-6-9
8000070075207;M2-HH-6-9
8445290156044;M2-HH-6-9
8445290396884;M2-HH-6-9
8445290815859;M2-HH-6-9
8445291106154;M2-HH-6-9
8445291112469;M2-HH-6-9
8445291112810;M2-HH-6-9
8445291144453;M2-HH-6-9
8445291145535;M2-HH-6-9
8445291148017;M2-HH-6-9
8445291148819;M2-HH-6-9
8445291150157;M2-HH-6-9
8445291150553;M2-HH-6-9
8445291159440;M2-HH-6-9
8711000360477;M2-HH-6-9
3229820019604;M2-HH-7-1
3229820129112;M2-HH-7-1
3229820181424;M2-HH-7-1
3229820780979;M2-HH-7-1
3229820783338;M2-HH-7-1
3229820784946;M2-HH-7-1
3229820787008;M2-HH-7-1
3229820787015;M2-HH-7-1
3229820789002;M2-HH-7-1
3229820789910;M2-HH-7-1
3229820789927;M2-HH-7-1
3229820792132;M2-HH-7-1
3229820793764;M2-HH-7-1
3229820795515;M2-HH-7-1
3229820796550;M2-HH-7-1
3229820801087;M2-HH-7-1
3229820801117;M2-HH-7-1
3229820803418;M2-HH-7-1
3229820804118;M2-HH-7-1
3229820804200;M2-HH-7-1
3229820804217;M2-HH-7-1
3229820805238;M2-HH-7-1
3229820805887;M2-HH-7-1
3229820805894;M2-HH-7-1
3229820805900;M2-HH-7-1
3256221675603;M2-HH-7-1
3256223377383;M2-HH-7-1
3256223377406;M2-HH-7-1
3256223377420;M2-HH-7-1
3256223377437;M2-HH-7-1
3256223377444;M2-HH-7-1
3256224809746;M2-HH-7-1
3256224809753;M2-HH-7-1
3256228103352;M2-HH-7-1
3256228103376;M2-HH-7-1
3256228103383;M2-HH-7-1
3256228103390;M2-HH-7-1
3256229032880;M2-HH-7-1
3256229032897;M2-HH-7-1
3175681028098;M2-HH-7-2
3175681028111;M2-HH-7-2
3175681132467;M2-HH-7-2
3175681216273;M2-HH-7-2
3175681216303;M2-HH-7-2
3175681262270;M2-HH-7-2
3175681262287;M2-HH-7-2
3175681292840;M2-HH-7-2
3175681292857;M2-HH-7-2
3175681297616;M2-HH-7-2
3175681297623;M2-HH-7-2
3175681303744;M2-HH-7-2
3175681303751;M2-HH-7-2
3229820134642;M2-HH-7-2
3229820181417;M2-HH-7-2
3229820181431;M2-HH-7-2
3229820762692;M2-HH-7-2
3229820769127;M2-HH-7-2
3229820784939;M2-HH-7-2
3229820786865;M2-HH-7-2
3229820787985;M2-HH-7-2
3229820791821;M2-HH-7-2
3229820791845;M2-HH-7-2
3229820793689;M2-HH-7-2
3229820794112;M2-HH-7-2
3229820796642;M2-HH-7-2
3229820798868;M2-HH-7-2
3229820799261;M2-HH-7-2
3229820799322;M2-HH-7-2
3229820799537;M2-HH-7-2
3229820799551;M2-HH-7-2
3229820801131;M2-HH-7-2
3229820803920;M2-HH-7-2
3229820805078;M2-HH-7-2
3256223377413;M2-HH-7-2
3256226107482;M2-HH-7-2
3256228103406;M2-HH-7-2
3256228440471;M2-HH-7-2
3259011799893;M2-HH-7-2
3259011799909;M2-HH-7-2
3456300011623;M2-HH-7-2
3456300015416;M2-HH-7-2
3760020500559;M2-HH-7-2
3760020508401;M2-HH-7-2
3760020508425;M2-HH-7-2
3175681061460;M2-HH-7-3
3175681072763;M2-HH-7-3
3175681085398;M2-HH-7-3
3175681104112;M2-HH-7-3
3175681120556;M2-HH-7-3
3175681137776;M2-HH-7-3
3175681152137;M2-HH-7-3
3175681157774;M2-HH-7-3
3175681170841;M2-HH-7-3
3175681170872;M2-HH-7-3
3175681190078;M2-HH-7-3
3175681204140;M2-HH-7-3
3175681210981;M2-HH-7-3
3175681225060;M2-HH-7-3
3175681225084;M2-HH-7-3
3175681225091;M2-HH-7-3
3175681225107;M2-HH-7-3
3175681248533;M2-HH-7-3
3175681248540;M2-HH-7-3
3175681248557;M2-HH-7-3
3175681259089;M2-HH-7-3
3175681259096;M2-HH-7-3
3175681259102;M2-HH-7-3
3175681281936;M2-HH-7-3
3175681281950;M2-HH-7-3
3175681303720;M2-HH-7-3
3175681303737;M2-HH-7-3
3229820181899;M2-HH-7-3
3229820188751;M2-HH-7-3
3229820787343;M2-HH-7-3
3229820789835;M2-HH-7-3
3251490432650;M2-HH-7-3
3259011046300;M2-HH-7-3
3456300003765;M2-HH-7-3
3456300005837;M2-HH-7-3
3456300007930;M2-HH-7-3
3456300007961;M2-HH-7-3
3456300007992;M2-HH-7-3
3456300010503;M2-HH-7-3
3456300016543;M2-HH-7-3
3456300018295;M2-HH-7-3
3456300018325;M2-HH-7-3
3456300019193;M2-HH-7-3
3456300019322;M2-HH-7-3
3456300020038;M2-HH-7-3
3478820003193;M2-HH-7-3
3478820013192;M2-HH-7-3
3760020508562;M2-HH-7-3
3760020508586;M2-HH-7-3
3760020508593;M2-HH-7-3
3760020508883;M2-HH-7-3
3760020508913;M2-HH-7-3
3760020509026;M2-HH-7-3
3760020509040;M2-HH-7-3
3229820151205;M2-HH-7-4
3256220280129;M2-HH-7-4
3256220280136;M2-HH-7-4
3256220367912;M2-HH-7-4
3256220367929;M2-HH-7-4
3256222825854;M2-HH-7-4
3256222833163;M2-HH-7-4
3256222973180;M2-HH-7-4
3256226759056;M2-HH-7-4
3256226771690;M2-HH-7-4
3256227762116;M2-HH-7-4
3256227762123;M2-HH-7-4
3256227762130;M2-HH-7-4
3256227764905;M2-HH-7-4
3256227764912;M2-HH-7-4
3256227764929;M2-HH-7-4
3256227766138;M2-HH-7-4
3256228197726;M2-HH-7-4
3256228969194;M2-HH-7-4
3307130605004;M2-HH-7-4
3336590002764;M2-HH-7-4
3336590002771;M2-HH-7-4
3336590002993;M2-HH-7-4
3336590003112;M2-HH-7-4
3336590003150;M2-HH-7-4
3336590004805;M2-HH-7-4
3336590004843;M2-HH-7-4
3456300002430;M2-HH-7-4
3456300002492;M2-HH-7-4
3456300002508;M2-HH-7-4
3456300008463;M2-HH-7-4
3456300009071;M2-HH-7-4
3456300009224;M2-HH-7-4
3456300009927;M2-HH-7-4
3456300014082;M2-HH-7-4
3478820003186;M2-HH-7-4
3478820007757;M2-HH-7-4
3478820013185;M2-HH-7-4
3478820023641;M2-HH-7-4
3478820030670;M2-HH-7-4
3478820030823;M2-HH-7-4
3478820030915;M2-HH-7-4
3478820088879;M2-HH-7-4
3478822005249;M2-HH-7-4
3760020501297;M2-HH-7-4
3760020507947;M2-HH-7-4
3760020508951;M2-HH-7-4
3760020509101;M2-HH-7-4
3760020509514;M2-HH-7-4
3760020509538;M2-HH-7-4
3760020509941;M2-HH-7-4
3760091722959;M2-HH-7-4
3760094310221;M2-HH-7-4
3760094310238;M2-HH-7-4
8720182297518;M2-HH-7-4
3256220871174;M2-HH-7-5
3256220871181;M2-HH-7-5
3256221407266;M2-HH-7-5
3256222645612;M2-HH-7-5
3256223339893;M2-HH-7-5
3256223662120;M2-HH-7-5
3256223670484;M2-HH-7-5
3256226084790;M2-HH-7-5
3256226756635;M2-HH-7-5
3256226756642;M2-HH-7-5
3256226757106;M2-HH-7-5
3256227088322;M2-HH-7-5
3256227428807;M2-HH-7-5
3256227461460;M2-HH-7-5
3256228415257;M2-HH-7-5
3256228447418;M2-HH-7-5
3256228578761;M2-HH-7-5
3256228945877;M2-HH-7-5
3256228945884;M2-HH-7-5
3256229544062;M2-HH-7-5
3307130602553;M2-HH-7-5
3307130801154;M2-HH-7-5
3307130802557;M2-HH-7-5
3307130802625;M2-HH-7-5
3307130803004;M2-HH-7-5
3307130803561;M2-HH-7-5
3307130803905;M2-HH-7-5
3456300003796;M2-HH-7-5
3456300006759;M2-HH-7-5
3456300009361;M2-HH-7-5
3456300016369;M2-HH-7-5
3456300016406;M2-HH-7-5
3456300016475;M2-HH-7-5
3456300018332;M2-HH-7-5
3456300018349;M2-HH-7-5
3456300018356;M2-HH-7-5
3456300018363;M2-HH-7-5
3478820023726;M2-HH-7-5
3478820023757;M2-HH-7-5
3478820031479;M2-HH-7-5
3478820031486;M2-HH-7-5
3478829000223;M2-HH-7-5
3478829000636;M2-HH-7-5
3760020501006;M2-HH-7-5
3760020502669;M2-HH-7-5
3760020503512;M2-HH-7-5
3760020505912;M2-HH-7-5
3760020505929;M2-HH-7-5
3760020505936;M2-HH-7-5
3760020505943;M2-HH-7-5
3760020505998;M2-HH-7-5
3760020507657;M2-HH-7-5
3175681213807;M2-HH-7-6
3175681213920;M2-HH-7-6
3229820167398;M2-HH-7-6
3229820769141;M2-HH-7-6
3229820780955;M2-HH-7-6
3229820788067;M2-HH-7-6
3229820794624;M2-HH-7-6
3229820794648;M2-HH-7-6
3229820803449;M2-HH-7-6
3256223370155;M2-HH-7-6
3256224352457;M2-HH-7-6
3256224352471;M2-HH-7-6
3256226080853;M2-HH-7-6
3256226092221;M2-HH-7-6
3256226181550;M2-HH-7-6
3256226387662;M2-HH-7-6
3256228945662;M2-HH-7-6
3256229220355;M2-HH-7-6
3256229266568;M2-HH-7-6
3256229266575;M2-HH-7-6
3256229266582;M2-HH-7-6
3256229266599;M2-HH-7-6
3256229266605;M2-HH-7-6
3456300002515;M2-HH-7-6
3478820043625;M2-HH-7-6
3478820600651;M2-HH-7-6
3661945882839;M2-HH-7-6
3661945882846;M2-HH-7-6
3760020508722;M2-HH-7-6
3760020509293;M2-HH-7-6
3760020509316;M2-HH-7-6
3760091726568;M2-HH-7-6
3760130560795;M2-HH-7-6
3760130560801;M2-HH-7-6
3760130560900;M2-HH-7-6
3760278860368;M2-HH-7-6
3760278860375;M2-HH-7-6
3770020429057;M2-HH-7-6
3770020429088;M2-HH-7-6
3770020429163;M2-HH-7-6
3175681037854;M2-HH-7-7
3175681037885;M2-HH-7-7
3175681085602;M2-HH-7-7
3229820019192;M2-HH-7-7
3229820019208;M2-HH-7-7
3256220280198;M2-HH-7-7
3256220280204;M2-HH-7-7
3256220368278;M2-HH-7-7
3256220879026;M2-HH-7-7
3256223040720;M2-HH-7-7
3256223264720;M2-HH-7-7
3256223264751;M2-HH-7-7
3256223667484;M2-HH-7-7
3256223670200;M2-HH-7-7
3256226156046;M2-HH-7-7
3256226156176;M2-HH-7-7
3256226195014;M2-HH-7-7
3256226195151;M2-HH-7-7
3256226385552;M2-HH-7-7
3256226762285;M2-HH-7-7
3256228103666;M2-HH-7-7
3256228103673;M2-HH-7-7
3256228285874;M2-HH-7-7
3256228588197;M2-HH-7-7
3256228686534;M2-HH-7-7
3256228686541;M2-HH-7-7
3256229161115;M2-HH-7-7
3256229401105;M2-HH-7-7
3256229523999;M2-HH-7-7
3456300011746;M2-HH-7-7
3229820105260;M2-HH-7-8
3256220024020;M2-HH-7-8
3256220024044;M2-HH-7-8
3256220024082;M2-HH-7-8
3256224916475;M2-HH-7-8
3256226084554;M2-HH-7-8
3256226384357;M2-HH-7-8
3256226384364;M2-HH-7-8
3256226910600;M2-HH-7-8
3256227513657;M2-HH-7-8
3376221229979;M2-HH-7-8
3376221229986;M2-HH-7-8
3456300014839;M2-HH-7-8
3700146219126;M2-HH-7-8
3700146219133;M2-HH-7-8
3700146219157;M2-HH-7-8
3700146219317;M2-HH-7-8
3700146219324;M2-HH-7-8
3700146219331;M2-HH-7-8
3700146219348;M2-HH-7-8
3700146219355;M2-HH-7-8
3700146219362;M2-HH-7-8
3700146219379;M2-HH-7-8
3700146219393;M2-HH-7-8
3700146219409;M2-HH-7-8
3700146219416;M2-HH-7-8
3700146219423;M2-HH-7-8
3700146219447;M2-HH-7-8
3700146219898;M2-HH-7-8
3700146219904;M2-HH-7-8
3700146219911;M2-HH-7-8
3700146219928;M2-HH-7-8
3700146221747;M2-HH-7-8
3700146221754;M2-HH-7-8
3700146221761;M2-HH-7-8
3700146221778;M2-HH-7-8
3700146221785;M2-HH-7-8
3700146221938;M2-HH-7-8
3700146221945;M2-HH-7-8
3700146222058;M2-HH-7-8
3700146222089;M2-HH-7-8
3307132404902;M2-HH-8-1
3376221228637;M2-HH-8-1
3376221228729;M2-HH-8-1
3376221228767;M2-HH-8-1
3456300004243;M2-HH-8-1
3456300004250;M2-HH-8-1
3456300010794;M2-HH-8-1
3456300013511;M2-HH-8-1
3456300013924;M2-HH-8-1
3456300013931;M2-HH-8-1
3456300013948;M2-HH-8-1
3456300013955;M2-HH-8-1
3456300013962;M2-HH-8-1
3456300013979;M2-HH-8-1
3456300013986;M2-HH-8-1
3456300013993;M2-HH-8-1
3456300014006;M2-HH-8-1
3456300014013;M2-HH-8-1
3456300014051;M2-HH-8-1
3456300018059;M2-HH-8-1
3456300018080;M2-HH-8-1
3456300019414;M2-HH-8-1
3478820006002;M2-HH-8-1
3478820006019;M2-HH-8-1
3478820006033;M2-HH-8-1
3478820006064;M2-HH-8-1
3478820006095;M2-HH-8-1
3478820014908;M2-HH-8-1
3700214610411;M2-HH-8-1
3760020502294;M2-HH-8-1
3760020507404;M2-HH-8-1
3760091720115;M2-HH-8-1
3760091720122;M2-HH-8-1
3760091720177;M2-HH-8-1
3760091722157;M2-HH-8-1
3760091722164;M2-HH-8-1
3760278866865;M2-HH-8-1
3760278867008;M2-HH-8-1
4012824406148;M2-HH-8-1
4012824406155;M2-HH-8-1
4012824406162;M2-HH-8-1
4012824406179;M2-HH-8-1
4012824406193;M2-HH-8-1
4012824406209;M2-HH-8-1
4012824406247;M2-HH-8-1
4012824406261;M2-HH-8-1
4012824406278;M2-HH-8-1
4012824406513;M2-HH-8-1
5021991888168;M2-HH-8-1
5021991938801;M2-HH-8-1
5021991938818;M2-HH-8-1
5021991938825;M2-HH-8-1
5021991938856;M2-HH-8-1
5021991939587;M2-HH-8-1
5021991939594;M2-HH-8-1
5021991939600;M2-HH-8-1
5021991939617;M2-HH-8-1
5021991941320;M2-HH-8-1
5021991941429;M2-HH-8-1
5021991941436;M2-HH-8-1
5021991941443;M2-HH-8-1
5021991941597;M2-HH-8-1
5021991941955;M2-HH-8-1
5021991942136;M2-HH-8-1
5021991943096;M2-HH-8-1
5021991943485;M2-HH-8-1
5021991943492;M2-HH-8-1
5021991943522;M2-HH-8-1
5021991944291;M2-HH-8-1
5021991944307;M2-HH-8-1
5021991944413;M2-HH-8-1
5021991944420;M2-HH-8-1
5021991944536;M2-HH-8-1
5021991945465;M2-HH-8-1
5021991945489;M2-HH-8-1
3256226107277;M2-HH-8-10
3256226107444;M2-HH-8-10
3256226107451;M2-HH-8-10
3256226107468;M2-HH-8-10
3256226385507;M2-HH-8-10
3256227461958;M2-HH-8-10
3256228523402;M2-HH-8-10
8008698002070;M2-HH-8-10
8008698002209;M2-HH-8-10
8008698002599;M2-HH-8-10
8008698003183;M2-HH-8-10
8008698003503;M2-HH-8-10
8008698004586;M2-HH-8-10
8008698004807;M2-HH-8-10
8008698005231;M2-HH-8-10
8008698005576;M2-HH-8-10
8008698006511;M2-HH-8-10
8008698007303;M2-HH-8-10
8008698007389;M2-HH-8-10
8008698009024;M2-HH-8-10
8008698010259;M2-HH-8-10
8008698011065;M2-HH-8-10
8008698011683;M2-HH-8-10
8008698012246;M2-HH-8-10
8008698022214;M2-HH-8-10
8008698027813;M2-HH-8-10
8008698028551;M2-HH-8-10
8008698037720;M2-HH-8-10
8008698040782;M2-HH-8-10
8008698040867;M2-HH-8-10
8008698040966;M2-HH-8-10
8008698041277;M2-HH-8-10
8008698041925;M2-HH-8-10
3256220259583;M2-HH-8-2
3256220370615;M2-HH-8-2
3256220497114;M2-HH-8-2
3256221406931;M2-HH-8-2
3256221407259;M2-HH-8-2
3256223369562;M2-HH-8-2
3256226384296;M2-HH-8-2
3256227749575;M2-HH-8-2
3256228125613;M2-HH-8-2
3256228125620;M2-HH-8-2
3256228125644;M2-HH-8-2
3256228434098;M2-HH-8-2
3256228434104;M2-HH-8-2
3256228434111;M2-HH-8-2
3256228437921;M2-HH-8-2
3256228972170;M2-HH-8-2
3256229079601;M2-HH-8-2
3256229079786;M2-HH-8-2
3256229080331;M2-HH-8-2
3256229081710;M2-HH-8-2
3256229083394;M2-HH-8-2
3256229085459;M2-HH-8-2
3256229087033;M2-HH-8-2
3256229164444;M2-HH-8-2
3256229878242;M2-HH-8-2
3307131305002;M2-HH-8-2
3307131305026;M2-HH-8-2
3307131305064;M2-HH-8-2
3376221111083;M2-HH-8-2
3376221115654;M2-HH-8-2
3456300018028;M2-HH-8-2
3470410015159;M2-HH-8-2
3470410015166;M2-HH-8-2
3470410024526;M2-HH-8-2
3470410024533;M2-HH-8-2
3478820005654;M2-HH-8-2
3478820023184;M2-HH-8-2
3478820082754;M2-HH-8-2
3478820600644;M2-HH-8-2
3700110003706;M2-HH-8-2
3700110058065;M2-HH-8-2
3700214619681;M2-HH-8-2
3700214619698;M2-HH-8-2
3760020500658;M2-HH-8-2
3760020507350;M2-HH-8-2
3760091720016;M2-HH-8-2
3760091720023;M2-HH-8-2
3760091723031;M2-HH-8-2
3760091725097;M2-HH-8-2
3760091725776;M2-HH-8-2
3760091727732;M2-HH-8-2
3760091729118;M2-HH-8-2
3760278866964;M2-HH-8-2
3760278869637;M2-HH-8-2
3760278869644;M2-HH-8-2
3760278869651;M2-HH-8-2
5013665115557;M2-HH-8-2
5013665115571;M2-HH-8-2
8052575090254;M2-HH-8-2
8052575090278;M2-HH-8-2
8052575090292;M2-HH-8-2
8052575092074;M2-HH-8-2
8052575092081;M2-HH-8-2
8052575092760;M2-HH-8-2
3088542506508;M2-HH-8-3
3165433864012;M2-HH-8-3
3174061051138;M2-HH-8-3
3174061051169;M2-HH-8-3
3256220496193;M2-HH-8-3
3256220512978;M2-HH-8-3
3256220512985;M2-HH-8-3
3256221407228;M2-HH-8-3
3256222989778;M2-HH-8-3
3256224060321;M2-HH-8-3
3256226387532;M2-HH-8-3
3256226387563;M2-HH-8-3
3256226387570;M2-HH-8-3
3256226763947;M2-HH-8-3
3256226763954;M2-HH-8-3
3256227446856;M2-HH-8-3
3256227824289;M2-HH-8-3
3256228437938;M2-HH-8-3
3307131305170;M2-HH-8-3
3456300012569;M2-HH-8-3
3456300012576;M2-HH-8-3
3478820008235;M2-HH-8-3
3700214610015;M2-HH-8-3
3700214610046;M2-HH-8-3
3700214610077;M2-HH-8-3
3700214611548;M2-HH-8-3
3700214611555;M2-HH-8-3
3700214612125;M2-HH-8-3
3700214614259;M2-HH-8-3
3700214614266;M2-HH-8-3
3700214614884;M2-HH-8-3
3700214616970;M2-HH-8-3
3700214616987;M2-HH-8-3
3700214616994;M2-HH-8-3
3700214617632;M2-HH-8-3
3700214618998;M2-HH-8-3
3700214619353;M2-HH-8-3
3760020502324;M2-HH-8-3
3760091720207;M2-HH-8-3
3760091720603;M2-HH-8-3
3760091721617;M2-HH-8-3
3760091722508;M2-HH-8-3
3760091722515;M2-HH-8-3
3760091722997;M2-HH-8-3
3760091723574;M2-HH-8-3
3760091724632;M2-HH-8-3
3760091725554;M2-HH-8-3
3760091726414;M2-HH-8-3
3760091726650;M2-HH-8-3
3760091726667;M2-HH-8-3
3760091726674;M2-HH-8-3
3760091727824;M2-HH-8-3
3760278860498;M2-HH-8-3
3760278861723;M2-HH-8-3
3760278863147;M2-HH-8-3
3760278865660;M2-HH-8-3
3760278865677;M2-HH-8-3
3760278868616;M2-HH-8-3
3760278868623;M2-HH-8-3
3760278869439;M2-HH-8-3
3760278869453;M2-HH-8-3
8001505000856;M2-HH-8-3
3229820019307;M2-HH-8-4
3229820116716;M2-HH-8-4
3229820129488;M2-HH-8-4
3229820160672;M2-HH-8-4
3229820769165;M2-HH-8-4
3229820782560;M2-HH-8-4
3229820794549;M2-HH-8-4
3229820794556;M2-HH-8-4
3229820796857;M2-HH-8-4
3229820797861;M2-HH-8-4
3229820797946;M2-HH-8-4
3229820798110;M2-HH-8-4
3229820800721;M2-HH-8-4
3229820800745;M2-HH-8-4
3229820800844;M2-HH-8-4
3229820802138;M2-HH-8-4
3229820802381;M2-HH-8-4
3229820804224;M2-HH-8-4
3229820804231;M2-HH-8-4
3229820805337;M2-HH-8-4
3229820805344;M2-HH-8-4
3229820805405;M2-HH-8-4
3229820805429;M2-HH-8-4
3421557110221;M2-HH-8-4
3421557501418;M2-HH-8-4
3421557501685;M2-HH-8-4
3421557501692;M2-HH-8-4
3421557501722;M2-HH-8-4
3421557501869;M2-HH-8-4
3421557502002;M2-HH-8-4
3421557502446;M2-HH-8-4
3421557502576;M2-HH-8-4
3421557502767;M2-HH-8-4
3421557910173;M2-HH-8-4
3421557910203;M2-HH-8-4
3175681060494;M2-HH-8-5
3175681060586;M2-HH-8-5
3175681257528;M2-HH-8-5
3175681257535;M2-HH-8-5
3175681257542;M2-HH-8-5
3175681257566;M2-HH-8-5
3175681263130;M2-HH-8-5
3175681272927;M2-HH-8-5
3175681272934;M2-HH-8-5
3175681272941;M2-HH-8-5
3175681272958;M2-HH-8-5
3175681290433;M2-HH-8-5
3175681290440;M2-HH-8-5
3229820004341;M2-HH-8-5
3229820100234;M2-HH-8-5
3229820181646;M2-HH-8-5
3229820181950;M2-HH-8-5
3229820783673;M2-HH-8-5
3229820787442;M2-HH-8-5
3229820789118;M2-HH-8-5
3229820789880;M2-HH-8-5
3229820791067;M2-HH-8-5
3229820791074;M2-HH-8-5
3229820794525;M2-HH-8-5
3229820794532;M2-HH-8-5
3229820803876;M2-HH-8-5
3229820804439;M2-HH-8-5
3229820804613;M2-HH-8-5
3229820805023;M2-HH-8-5
3229820805245;M2-HH-8-5
3229820805269;M2-HH-8-5
3456300014204;M2-HH-8-5
3456300017403;M2-HH-8-5
3456300018042;M2-HH-8-5
3456300020335;M2-HH-8-5
3760094313277;M2-HH-8-5
3760094313673;M2-HH-8-5
3760094313680;M2-HH-8-5
3760094313697;M2-HH-8-5
8052575092098;M2-HH-8-5
8052575092104;M2-HH-8-5
3175680011442;M2-HH-8-6
3175680011534;M2-HH-8-6
3175680012937;M2-HH-8-6
3175680015228;M2-HH-8-6
3175680018939;M2-HH-8-6
3175680905383;M2-HH-8-6
3175681072916;M2-HH-8-6
3175681077324;M2-HH-8-6
3175681110106;M2-HH-8-6
3175681188389;M2-HH-8-6
3175681209282;M2-HH-8-6
3175681213654;M2-HH-8-6
3175681233874;M2-HH-8-6
3175681233904;M2-HH-8-6
3175681248113;M2-HH-8-6
3175681261365;M2-HH-8-6
3175681261372;M2-HH-8-6
3175681302679;M2-HH-8-6
3175681308190;M2-HH-8-6
3175681771772;M2-HH-8-6
3175681790285;M2-HH-8-6
3175681851849;M2-HH-8-6
3175681851856;M2-HH-8-6
3175681851863;M2-HH-8-6
3229820027005;M2-HH-8-6
3229820141947;M2-HH-8-6
3229820142067;M2-HH-8-6
3229820159485;M2-HH-8-6
3251490307002;M2-HH-8-6
3251490320001;M2-HH-8-6
3251490332080;M2-HH-8-6
3251491787803;M2-HH-8-6
3251491787810;M2-HH-8-6
3256226754204;M2-HH-8-6
3456300015096;M2-HH-8-6
3175680906755;M2-HH-8-7
3175680906779;M2-HH-8-7
3175681029859;M2-HH-8-7
3175681029941;M2-HH-8-7
3175681126046;M2-HH-8-7
3175681158382;M2-HH-8-7
3175681186521;M2-HH-8-7
3175681186552;M2-HH-8-7
3175681186583;M2-HH-8-7
3175681186613;M2-HH-8-7
3175681295803;M2-HH-8-7
3175681295827;M2-HH-8-7
3175681298521;M2-HH-8-7
3175681298545;M2-HH-8-7
3175681303782;M2-HH-8-7
3175681660304;M2-HH-8-7
3175681779907;M2-HH-8-7
3175681780606;M2-HH-8-7
3175681797420;M2-HH-8-7
3175681807143;M2-HH-8-7
3175681845961;M2-HH-8-7
3175681851825;M2-HH-8-7
3175681851832;M2-HH-8-7
3175681852020;M2-HH-8-7
3175681852037;M2-HH-8-7
3229820129020;M2-HH-8-7
3229820144160;M2-HH-8-7
3229820178684;M2-HH-8-7
3229820794563;M2-HH-8-7
3229820794570;M2-HH-8-7
3251490350558;M2-HH-8-7
3256226754129;M2-HH-8-7
3256226754198;M2-HH-8-7
3256226755034;M2-HH-8-7
3609200011174;M2-HH-8-7
3609200011204;M2-HH-8-7
3609200011525;M2-HH-8-7
3609200011549;M2-HH-8-7
3609200011907;M2-HH-8-7
3661945910259;M2-HH-8-7
3661945910266;M2-HH-8-7
3665069005419;M2-HH-8-7
3665069005860;M2-HH-8-7
3665069005907;M2-HH-8-7
3665069007208;M2-HH-8-7
3665069007215;M2-HH-8-7
3665069007239;M2-HH-8-7
3665069007246;M2-HH-8-7
7612100007082;M2-HH-8-7
7612100034606;M2-HH-8-7
7612100066430;M2-HH-8-7
3175681016569;M2-HH-8-8
3175681016590;M2-HH-8-8
3175681039599;M2-HH-8-8
3175681054158;M2-HH-8-8
3175681072084;M2-HH-8-8
3175681084780;M2-HH-8-8
3175681105423;M2-HH-8-8
3175681116832;M2-HH-8-8
3175681116863;M2-HH-8-8
3175681123014;M2-HH-8-8
3175681134904;M2-HH-8-8
3175681134935;M2-HH-8-8
3175681135024;M2-HH-8-8
3175681140202;M2-HH-8-8
3175681155589;M2-HH-8-8
3175681187931;M2-HH-8-8
3175681187962;M2-HH-8-8
3175681203303;M2-HH-8-8
3175681210714;M2-HH-8-8
3175681226111;M2-HH-8-8
3175681228382;M2-HH-8-8
3175681231801;M2-HH-8-8
3175681245075;M2-HH-8-8
3175681270749;M2-HH-8-8
3175681281967;M2-HH-8-8
3175681290297;M2-HH-8-8
3175681297098;M2-HH-8-8
3175681297104;M2-HH-8-8
3175681297135;M2-HH-8-8
3175681297197;M2-HH-8-8
3175681302686;M2-HH-8-8
3175681302747;M2-HH-8-8
3175681302969;M2-HH-8-8
3175681854468;M2-HH-8-8
3175681854475;M2-HH-8-8
3175681854482;M2-HH-8-8
3177710001416;M2-HH-8-8
3251490481009;M2-HH-8-8
3258260000125;M2-HH-8-8
3700211234054;M2-HH-8-8
3760020508982;M2-HH-8-8
3760020509521;M2-HH-8-8
8410376055856;M2-HH-8-8
8410376055870;M2-HH-8-8
8410376055887;M2-HH-8-8
8410376055894;M2-HH-8-8
8410376060621;M2-HH-8-8
8410376075106;M2-HH-8-8
8410376075113;M2-HH-8-8
3175681121263;M2-HH-8-9
3175681209190;M2-HH-8-9
3175681231221;M2-HH-8-9
3175681231252;M2-HH-8-9
3175681231344;M2-HH-8-9
3175681281981;M2-HH-8-9
3175681289758;M2-HH-8-9
3175681296268;M2-HH-8-9
3175681297111;M2-HH-8-9
3175681297142;M2-HH-8-9
3175681302716;M2-HH-8-9
3175681302723;M2-HH-8-9
3175681302730;M2-HH-8-9
3256222801599;M2-HH-8-9
3256225427840;M2-HH-8-9
3256225427857;M2-HH-8-9
3256225427888;M2-HH-8-9
3256225427895;M2-HH-8-9
3256225427901;M2-HH-8-9
3256226086503;M2-HH-8-9
3256226385262;M2-HH-8-9
3256226386528;M2-HH-8-9
3256226395438;M2-HH-8-9
3256226763862;M2-HH-8-9
3256228416933;M2-HH-8-9
3256228522702;M2-HH-8-9
3256229517196;M2-HH-8-9
3256229791459;M2-HH-8-9
3456300008999;M2-HH-8-9
3700211233149;M2-HH-8-9
3700211234078;M2-HH-8-9
3760020508012;M2-HH-8-9
3760020508371;M2-HH-8-9
3760020508388;M2-HH-8-9
3760020509958;M2-HH-8-9
3088540504261;M2-HH-9-1
3088540504292;M2-HH-9-1
3088541003091;M2-HH-9-1
3760317581179;M2-HH-9-1
3770038398024;M2-HH-9-1
3021762456024;M2-HH-9-2
3021762516056;M2-HH-9-2
3256227769122;M2-HH-9-3
3760226260417;M2-HH-9-4
3760226260431;M2-HH-9-4
3760226260455;M2-HH-9-4
3760226260462;M2-HH-9-4
3760226260479;M2-HH-9-4
3760226260493;M2-HH-9-4
3760226260509;M2-HH-9-4
3760226260714;M2-HH-9-4
3760226260721;M2-HH-9-4
3760226260738;M2-HH-9-4
3760226261001;M2-HH-9-4
3760226261018;M2-HH-9-4
3760226261292;M2-HH-9-4
3760226261995;M2-HH-9-4
3083681094145;M2-II-10-2
3083681095302;M2-II-10-2
3165950220735;M2-II-10-2
3165950220742;M2-II-10-2
3165950220759;M2-II-10-2
3165950220766;M2-II-10-2
3256477035947;M2-II-10-2
3537580706826;M2-II-10-2
3019081236137;M2-II-10-3
3019082000003;M2-II-10-3
3019082000010;M2-II-10-3
3019089043492;M2-II-10-3
3263670113822;M2-II-10-3
3263670123524;M2-II-10-3
3263670123623;M2-II-10-3
3263670123722;M2-II-10-3
3263670124026;M2-II-10-3
3263670212327;M2-II-10-3
3041091963383;M2-II-1-1
3041091963451;M2-II-1-1
3041092008915;M2-II-1-1
4062300264823;M2-II-1-1
4062300445000;M2-II-1-1
4062300445406;M2-II-1-1
7613032725969;M2-II-1-1
7613035856585;M2-II-1-1
0046000815213;M2-II-1-10
3256220666435;M2-II-1-10
3256222826097;M2-II-1-10
3256225045143;M2-II-1-10
3256227751325;M2-II-1-10
3256228964021;M2-II-1-10
3256228964076;M2-II-1-10
3256229042582;M2-II-1-10
8410076430236;M2-II-1-10
8410076472496;M2-II-1-10
8410076472502;M2-II-1-10
8410076472946;M2-II-1-10
8410076472953;M2-II-1-10
8410076472960;M2-II-1-10
8410076472977;M2-II-1-10
8410076473806;M2-II-1-10
8410076474438;M2-II-1-10
8410076490742;M2-II-1-10
8410076492739;M2-II-1-10
8727200299806;M2-II-1-10
3256220666459;M2-II-1-11
3256220666466;M2-II-1-11
3256220666473;M2-II-1-11
3256222826103;M2-II-1-11
3256228964120;M2-II-1-11
3256229991002;M2-II-1-11
8410076470553;M2-II-1-11
8410076470812;M2-II-1-11
8410076472113;M2-II-1-11
8410076472489;M2-II-1-11
8410076472984;M2-II-1-11
8410076473981;M2-II-1-11
8410076474575;M2-II-1-11
8410076474599;M2-II-1-11
8410076475732;M2-II-1-11
8410076475787;M2-II-1-11
8727200195221;M2-II-1-11
5601045001318;M2-II-1-2
5601066300315;M2-II-1-2
5601119942028;M2-II-1-2
5601151971666;M2-II-1-2
5601164114203;M2-II-1-2
5601213184867;M2-II-1-2
5601256801318;M2-II-1-2
5601256806313;M2-II-1-2
5601256830424;M2-II-1-2
5601286414762;M2-II-1-2
5601474217717;M2-II-1-2
5601474217724;M2-II-1-2
5601474217779;M2-II-1-2
5601474217786;M2-II-1-2
5601474217793;M2-II-1-2
5601971220432;M2-II-1-2
8411578100153;M2-II-1-2
8411578110336;M2-II-1-2
8411578110350;M2-II-1-2
8411578270405;M2-II-1-2
8411578500601;M2-II-1-2
8411578500755;M2-II-1-2
8411578501103;M2-II-1-2
8411578504661;M2-II-1-2
8413664511157;M2-II-1-2
8413664511447;M2-II-1-2
8416200157222;M2-II-1-2
8425408210417;M2-II-1-2
8425408220416;M2-II-1-2
8435564910960;M2-II-1-2
8435564910977;M2-II-1-2
8436006914553;M2-II-1-2
0043647340016;M2-II-1-3
0043647380012;M2-II-1-3
0615357111363;M2-II-1-3
0615357118874;M2-II-1-3
0615357118966;M2-II-1-3
0773280122501;M2-II-1-3
3533620240718;M2-II-1-3
5000111001007;M2-II-1-3
5000111041010;M2-II-1-3
5000157024671;M2-II-1-3
5000168001098;M2-II-1-3
5000172100053;M2-II-1-3
5000172100121;M2-II-1-3
5000172100138;M2-II-1-3
5000232865069;M2-II-1-3
5000232865106;M2-II-1-3
5000354160882;M2-II-1-3
5000354160899;M2-II-1-3
5000354901232;M2-II-1-3
5000396038057;M2-II-1-3
5000396038194;M2-II-1-3
5010024103910;M2-II-1-3
5010105001760;M2-II-1-3
5010105001845;M2-II-1-3
5010115902941;M2-II-1-3
5010511471652;M2-II-1-3
5010511471683;M2-II-1-3
5010511477012;M2-II-1-3
5010511478057;M2-II-1-3
5010909004271;M2-II-1-3
5010975030020;M2-II-1-3
5010975088205;M2-II-1-3
0000050147588;M2-II-1-3
0000050183364;M2-II-1-3
0000050184385;M2-II-1-3
5035660138782;M2-II-1-3
5060102622215;M2-II-1-3
5060102622369;M2-II-1-3
5060123602128;M2-II-1-3
5060336500068;M2-II-1-3
5060336505025;M2-II-1-3
8594055310006;M2-II-1-3
8710908964473;M2-II-1-3
8720608039593;M2-II-1-3
8722700479475;M2-II-1-3
3760077530448;M2-II-1-4
3760077530516;M2-II-1-4
3760077530721;M2-II-1-4
3760077530738;M2-II-1-4
3760077530752;M2-II-1-4
3760077530769;M2-II-1-4
3760077531087;M2-II-1-4
3760077532107;M2-II-1-4
3760077532114;M2-II-1-4
3760077532121;M2-II-1-4
3760077533159;M2-II-1-4
3760077533166;M2-II-1-4
3760077533173;M2-II-1-4
3760077533180;M2-II-1-4
3760077533609;M2-II-1-4
3760077533630;M2-II-1-4
3760077533654;M2-II-1-4
3760077534828;M2-II-1-4
3760077534835;M2-II-1-4
3760077534842;M2-II-1-4
3760077536570;M2-II-1-4
3760077537140;M2-II-1-4
3760077537171;M2-II-1-4
3760077537201;M2-II-1-4
3760077537218;M2-II-1-4
3760077537232;M2-II-1-4
3760077537249;M2-II-1-4
3760077537317;M2-II-1-4
3760077537331;M2-II-1-4
3760077537362;M2-II-1-4
3760077537379;M2-II-1-4
3760077537386;M2-II-1-4
3760077537416;M2-II-1-4
3760077537430;M2-II-1-4
3760077537454;M2-II-1-4
3760077537461;M2-II-1-4
3760077537614;M2-II-1-4
3760077538482;M2-II-1-4
3760077538680;M2-II-1-4
3760395610099;M2-II-1-4
8001770050105;M2-II-1-4
8006220004394;M2-II-1-4
8028116020301;M2-II-1-4
8032542743031;M2-II-1-4
8053908202467;M2-II-1-4
8053908202481;M2-II-1-4
8053908202504;M2-II-1-4
0052600751219;M2-II-1-5
0052600751233;M2-II-1-5
3229820801155;M2-II-1-5
3256220666398;M2-II-1-5
3256220699747;M2-II-1-5
3256225148370;M2-II-1-5
3256225426263;M2-II-1-5
3256225426287;M2-II-1-5
3256225426294;M2-II-1-5
3256229138018;M2-II-1-5
3256229138032;M2-II-1-5
3351700044984;M2-II-1-5
3351700067105;M2-II-1-5
3351700067112;M2-II-1-5
3456300018684;M2-II-1-5
3456300018691;M2-II-1-5
3486411000209;M2-II-1-5
3661945250553;M2-II-1-5
3661945740139;M2-II-1-5
4002359006715;M2-II-1-5
4002359006975;M2-II-1-5
4002359648618;M2-II-1-5
4002359654688;M2-II-1-5
4002359654701;M2-II-1-5
5011308303156;M2-II-1-5
5011308303163;M2-II-1-5
5011308303187;M2-II-1-5
5011308303194;M2-II-1-5
5011308700375;M2-II-1-5
7178602000018;M2-II-1-5
8445291053809;M2-II-1-5
8445291054233;M2-II-1-5
8886303210207;M2-II-1-5
8886303210238;M2-II-1-5
8886303210535;M2-II-1-5
8886303210559;M2-II-1-5
8997212610412;M2-II-1-5
9311627604382;M2-II-1-5
9556041010863;M2-II-1-5
9556041131643;M2-II-1-5
9556041131650;M2-II-1-5
9556041132275;M2-II-1-5
9556041132299;M2-II-1-5
9556041132305;M2-II-1-5
9556041132404;M2-II-1-5
9556041132442;M2-II-1-5
9556041132497;M2-II-1-5
9556041132558;M2-II-1-5
9556041132657;M2-II-1-5
9556041132664;M2-II-1-5
9556041132671;M2-II-1-5
9556041132794;M2-II-1-5
9556041132800;M2-II-1-5
9556041132817;M2-II-1-5
9556041132824;M2-II-1-5
9556041132831;M2-II-1-5
9556041133449;M2-II-1-5
9556041133685;M2-II-1-5
9556041133692;M2-II-1-5
9556041608251;M2-II-1-5
9556041609333;M2-II-1-5
9556041609944;M2-II-1-5
9556041610056;M2-II-1-5
9556041611121;M2-II-1-5
9556041612661;M2-II-1-5
9556041612692;M2-II-1-5
9556041613620;M2-II-1-5
9556041780346;M2-II-1-5
9556041780612;M2-II-1-5
9556041780629;M2-II-1-5
9556041780636;M2-II-1-5
3229820181332;M2-II-1-6
3229820181363;M2-II-1-6
3229820765365;M2-II-1-6
3229820781334;M2-II-1-6
3229820790398;M2-II-1-6
3229820804057;M2-II-1-6
3229820804965;M2-II-1-6
3229820804972;M2-II-1-6
3256225269020;M2-II-1-6
3256225269037;M2-II-1-6
3256225269044;M2-II-1-6
3256225269051;M2-II-1-6
3256229032873;M2-II-1-6
3276650013104;M2-II-1-6
3456300019162;M2-II-1-6
3661945170202;M2-II-1-6
3661945250287;M2-II-1-6
3661945250430;M2-II-1-6
3661945250447;M2-II-1-6
3661945250454;M2-II-1-6
3661945440404;M2-II-1-6
3661945740214;M2-II-1-6
3661945740238;M2-II-1-6
3661945882990;M2-II-1-6
3760300063934;M2-II-1-6
4002359017841;M2-II-1-6
4002359017957;M2-II-1-6
4002359017964;M2-II-1-6
4002359017988;M2-II-1-6
4002359018008;M2-II-1-6
4002359018312;M2-II-1-6
4002359018329;M2-II-1-6
4002359018336;M2-II-1-6
4002359660955;M2-II-1-6
4711931036766;M2-II-1-6
5060194790052;M2-II-1-6
5060194791820;M2-II-1-6
5060194792285;M2-II-1-6
6922532828201;M2-II-1-6
8410076421913;M2-II-1-6
8410076421968;M2-II-1-6
8710605030044;M2-II-1-6
8710605030051;M2-II-1-6
8710605030235;M2-II-1-6
8715035110106;M2-II-1-6
8715035110304;M2-II-1-6
8715035130104;M2-II-1-6
8715035210301;M2-II-1-6
8715035230309;M2-II-1-6
8715035250109;M2-II-1-6
8715035250307;M2-II-1-6
8715035360303;M2-II-1-6
9556041131063;M2-II-1-6
9556041131070;M2-II-1-6
9556041131087;M2-II-1-6
9556041132411;M2-II-1-6
9556041132503;M2-II-1-6
9556041132602;M2-II-1-6
9556041133456;M2-II-1-6
9556041611138;M2-II-1-6
9556041611152;M2-II-1-6
3036815444675;M2-II-1-7
3036815452397;M2-II-1-7
3256225426270;M2-II-1-7
3256225426300;M2-II-1-7
3256225426317;M2-II-1-7
3256228451118;M2-II-1-7
3256228451156;M2-II-1-7
3256228451194;M2-II-1-7
3256228451217;M2-II-1-7
3256229032866;M2-II-1-7
3661945340025;M2-II-1-7
3661945340032;M2-II-1-7
3661945390464;M2-II-1-7
3760300063262;M2-II-1-7
4002359011887;M2-II-1-7
4002359012839;M2-II-1-7
4002359014895;M2-II-1-7
4002359650178;M2-II-1-7
4002359660894;M2-II-1-7
5901384506575;M2-II-1-7
5901384506599;M2-II-1-7
5901384506605;M2-II-1-7
5901384506629;M2-II-1-7
5901384506667;M2-II-1-7
5901384510060;M2-II-1-7
5901384510077;M2-II-1-7
5901384510145;M2-II-1-7
5901384510589;M2-II-1-7
5901384510596;M2-II-1-7
8445291174955;M2-II-1-7
8852018201014;M2-II-1-7
8852018201021;M2-II-1-7
8852018201069;M2-II-1-7
9556041130677;M2-II-1-7
9556041130684;M2-II-1-7
9556041131513;M2-II-1-7
9556041131919;M2-II-1-7
9556041132435;M2-II-1-7
9556041132589;M2-II-1-7
9556041132725;M2-II-1-7
9556041133494;M2-II-1-7
3036815444699;M2-II-1-8
4902663010197;M2-II-1-8
4902663010203;M2-II-1-8
5010034016491;M2-II-1-8
5010034016521;M2-II-1-8
5010034016538;M2-II-1-8
5901384506636;M2-II-1-8
5901384506643;M2-II-1-8
5901384506698;M2-II-1-8
8445291175839;M2-II-1-8
8445291175877;M2-II-1-8
8585002445438;M2-II-1-8
8585002445476;M2-II-1-8
8801043053167;M2-II-1-8
8801043069588;M2-II-1-8
8801043150620;M2-II-1-8
8801043157711;M2-II-1-8
8801043157773;M2-II-1-8
8852018101024;M2-II-1-8
8852018101031;M2-II-1-8
8852018101055;M2-II-1-8
8852018101062;M2-II-1-8
8852018101079;M2-II-1-8
8852018101147;M2-II-1-8
9555022300009;M2-II-1-8
9555022300016;M2-II-1-8
9555022300023;M2-II-1-8
9555022300030;M2-II-1-8
9555022300047;M2-II-1-8
9555022300054;M2-II-1-8
9555022308326;M2-II-1-8
9555022308333;M2-II-1-8
9556041131711;M2-II-1-8
3256220252287;M2-II-1-9
3256220252294;M2-II-1-9
3256220666442;M2-II-1-9
3256220666480;M2-II-1-9
3256222826134;M2-II-1-9
3256226402129;M2-II-1-9
3256227751301;M2-II-1-9
3256227751318;M2-II-1-9
3256228451538;M2-II-1-9
8410076350213;M2-II-1-9
8410076421449;M2-II-1-9
8410076425089;M2-II-1-9
8410076481597;M2-II-1-9
8410076481757;M2-II-1-9
8410076481764;M2-II-1-9
8410076482556;M2-II-1-9
8410076483256;M2-II-1-9
3041090841644;M2-II-2-1
3041091098627;M2-II-2-1
3041091098641;M2-II-2-1
3041091099723;M2-II-2-1
3041091476883;M2-II-2-1
3041091510891;M2-II-2-1
3041091725929;M2-II-2-1
3041091725936;M2-II-2-1
3041091725943;M2-II-2-1
3041091897497;M2-II-2-1
3041091897503;M2-II-2-1
3041092010550;M2-II-2-1
3041092010574;M2-II-2-1
3041092077232;M2-II-2-1
3041092077249;M2-II-2-1
3288110828142;M2-II-2-1
3533631145002;M2-II-2-1
3533631186289;M2-II-2-1
3533631245009;M2-II-2-1
7613287369512;M2-II-2-1
7613287369543;M2-II-2-1
8445291137745;M2-II-2-1
8445291179585;M2-II-2-1
8445291180819;M2-II-2-1
3041090010118;M2-II-2-10
3041091221988;M2-II-2-10
3041091222015;M2-II-2-10
3041091280763;M2-II-2-10
3041091303332;M2-II-2-10
3041091399946;M2-II-2-10
3041091400246;M2-II-2-10
3041091400260;M2-II-2-10
3041091400352;M2-II-2-10
3041091400444;M2-II-2-10
3041091400475;M2-II-2-10
3041091401397;M2-II-2-10
3041091423023;M2-II-2-10
3041091427649;M2-II-2-10
3041091563347;M2-II-2-10
3041091620415;M2-II-2-10
3041091677600;M2-II-2-10
3041091677655;M2-II-2-10
3041091678133;M2-II-2-10
3041091678140;M2-II-2-10
3041091678157;M2-II-2-10
3041091678188;M2-II-2-10
3041091678201;M2-II-2-10
3041091791009;M2-II-2-10
3041091791016;M2-II-2-10
3041091902207;M2-II-2-10
3041091911292;M2-II-2-10
3041091911513;M2-II-2-10
3041091973290;M2-II-2-10
3041092002135;M2-II-2-10
3041092045224;M2-II-2-10
3041092045231;M2-II-2-10
3041092046894;M2-II-2-10
3041092046900;M2-II-2-10
3041092046917;M2-II-2-10
3041092046924;M2-II-2-10
3041092046931;M2-II-2-10
3041092046948;M2-II-2-10
3041092046955;M2-II-2-10
3041092061385;M2-II-2-10
7613031552139;M2-II-2-10
7613031552221;M2-II-2-10
7613031552252;M2-II-2-10
7613031552344;M2-II-2-10
7613031552375;M2-II-2-10
7613031552498;M2-II-2-10
7613031553310;M2-II-2-10
7613035009011;M2-II-2-10
7613035009271;M2-II-2-10
7613287930460;M2-II-2-10
7613287936950;M2-II-2-10
8445290605375;M2-II-2-10
8445290650214;M2-II-2-10
8445290861207;M2-II-2-10
8445291060586;M2-II-2-10
8445291535886;M2-II-2-10
8445291536562;M2-II-2-10
3041091439987;M2-II-2-2
3041091440006;M2-II-2-2
3041091511744;M2-II-2-2
3041091511751;M2-II-2-2
3041091553324;M2-II-2-2
3288110600052;M2-II-2-2
3288111230012;M2-II-2-2
3288114180017;M2-II-2-2
3533631138004;M2-II-2-2
7613032322595;M2-II-2-2
7613032405687;M2-II-2-2
7613032506636;M2-II-2-2
7613033112867;M2-II-2-2
7613033112898;M2-II-2-2
7613035124080;M2-II-2-2
7613038317533;M2-II-2-2
7613038317649;M2-II-2-2
7613038317922;M2-II-2-2
7613038417486;M2-II-2-2
8445290000675;M2-II-2-2
8445290000842;M2-II-2-2
8445290098580;M2-II-2-2
8445290098719;M2-II-2-2
8445290116543;M2-II-2-2
8445290116574;M2-II-2-2
8445290624918;M2-II-2-2
8445291755604;M2-II-2-2
3041091466822;M2-II-2-3
3041091466846;M2-II-2-3
3041091923981;M2-II-2-3
3256222759272;M2-II-2-3
3256228439802;M2-II-2-3
3256228439826;M2-II-2-3
3288111545253;M2-II-2-3
3288111545260;M2-II-2-3
3288111545277;M2-II-2-3
3288114180024;M2-II-2-3
3288131580067;M2-II-2-3
3288131580074;M2-II-2-3
3288131580210;M2-II-2-3
3288131580227;M2-II-2-3
3288131580234;M2-II-2-3
3288131580319;M2-II-2-3
3288131580326;M2-II-2-3
3288131580333;M2-II-2-3
3288131580517;M2-II-2-3
3288131580524;M2-II-2-3
3288131580531;M2-II-2-3
3533631165000;M2-II-2-3
3551102095564;M2-II-2-3
3551102095571;M2-II-2-3
3551102095588;M2-II-2-3
3572731142030;M2-II-2-3
3572731301598;M2-II-2-3
3572731301604;M2-II-2-3
3572731303721;M2-II-2-3
3572731303745;M2-II-2-3
3700653801333;M2-II-2-3
3700653801340;M2-II-2-3
3700653801357;M2-II-2-3
4062300430341;M2-II-2-3
4062300456518;M2-II-2-3
4062300456563;M2-II-2-3
4062300456648;M2-II-2-3
7613036217316;M2-II-2-3
7613036217347;M2-II-2-3
7613036217378;M2-II-2-3
3041090010866;M2-II-2-4
3041090012709;M2-II-2-4
3041090012716;M2-II-2-4
3041090012730;M2-II-2-4
3041090013911;M2-II-2-4
3041090013928;M2-II-2-4
3041090503139;M2-II-2-4
3041090503177;M2-II-2-4
3041090602054;M2-II-2-4
3041090602061;M2-II-2-4
3041090650611;M2-II-2-4
3041091200594;M2-II-2-4
3041091200600;M2-II-2-4
3041091339645;M2-II-2-4
3041091339911;M2-II-2-4
3041091339928;M2-II-2-4
3041091339966;M2-II-2-4
3041091343222;M2-II-2-4
3041091606747;M2-II-2-4
3041091616890;M2-II-2-4
3041091756343;M2-II-2-4
3041091821393;M2-II-2-4
3041091821584;M2-II-2-4
3041091902924;M2-II-2-4
3041091979773;M2-II-2-4
3041092002357;M2-II-2-4
3041092002364;M2-II-2-4
3256222759296;M2-II-2-4
3256228439765;M2-II-2-4
3256228439772;M2-II-2-4
3288131500102;M2-II-2-4
3288131500119;M2-II-2-4
3288131500133;M2-II-2-4
3700653802347;M2-II-2-4
5060040253724;M2-II-2-4
5060040253731;M2-II-2-4
5060040254622;M2-II-2-4
5060040254646;M2-II-2-4
7613036760812;M2-II-2-4
7613036761048;M2-II-2-4
8000300417548;M2-II-2-4
8445290549754;M2-II-2-4
8445290549785;M2-II-2-4
8445290589125;M2-II-2-4
8445290589156;M2-II-2-4
8445291051317;M2-II-2-4
8445291051348;M2-II-2-4
8445291051379;M2-II-2-4
8445291051409;M2-II-2-4
8445291646230;M2-II-2-4
3288131500201;M2-II-2-5
3288131500225;M2-II-2-5
3288131501581;M2-II-2-5
3288131501642;M2-II-2-5
3288131501659;M2-II-2-5
3288131501666;M2-II-2-5
3288131510019;M2-II-2-5
3288131510026;M2-II-2-5
3288131510033;M2-II-2-5
3288131510118;M2-II-2-5
3288131510385;M2-II-2-5
3288131510415;M2-II-2-5
3288131510422;M2-II-2-5
3288131510439;M2-II-2-5
3288131510484;M2-II-2-5
3288131510491;M2-II-2-5
3288131510507;M2-II-2-5
3288131510521;M2-II-2-5
3288131510545;M2-II-2-5
3288131510552;M2-II-2-5
3288131510569;M2-II-2-5
3288131510576;M2-II-2-5
3288131510583;M2-II-2-5
3288131510590;M2-II-2-5
3288131510606;M2-II-2-5
3288131510637;M2-II-2-5
3288131510644;M2-II-2-5
3288131510651;M2-II-2-5
3288131510668;M2-II-2-5
3288131510712;M2-II-2-5
3288131510736;M2-II-2-5
3288131510743;M2-II-2-5
3288131510774;M2-II-2-5
3288131510781;M2-II-2-5
3288131510798;M2-II-2-5
3288131510859;M2-II-2-5
3288131510873;M2-II-2-5
3288131510880;M2-II-2-5
3288131510897;M2-II-2-5
3288131510903;M2-II-2-5
3288131510910;M2-II-2-5
3288131510927;M2-II-2-5
3288131510934;M2-II-2-5
3288131510941;M2-II-2-5
3288131510958;M2-II-2-5
3288131510965;M2-II-2-5
3288131511405;M2-II-2-5
3288131520247;M2-II-2-5
3288131520506;M2-II-2-5
3288131520568;M2-II-2-5
3288131520889;M2-II-2-5
3288131530505;M2-II-2-5
3288131530604;M2-II-2-5
3288131530635;M2-II-2-5
3288131530758;M2-II-2-5
3288131540115;M2-II-2-5
3288131540146;M2-II-2-5
3288131540160;M2-II-2-5
3288131540801;M2-II-2-5
3288131540818;M2-II-2-5
3288131541105;M2-II-2-5
3288131570921;M2-II-2-5
3288132500255;M2-II-2-5
3700653800022;M2-II-2-5
3700653800046;M2-II-2-5
3700653800787;M2-II-2-5
3700653802484;M2-II-2-5
3700653803269;M2-II-2-5
3700653803283;M2-II-2-5
3700653803306;M2-II-2-5
3700653803320;M2-II-2-5
3700653803344;M2-II-2-5
3700653803368;M2-II-2-5
3700653804372;M2-II-2-5
3700653804396;M2-II-2-5
3256222825472;M2-II-2-6
3256222825489;M2-II-2-6
3256225428632;M2-II-2-6
3256226761905;M2-II-2-6
3256226761912;M2-II-2-6
3256226761936;M2-II-2-6
3256226761981;M2-II-2-6
3256226761998;M2-II-2-6
3256226762001;M2-II-2-6
3256226762032;M2-II-2-6
3256226762049;M2-II-2-6
3256226762056;M2-II-2-6
3256226762070;M2-II-2-6
3256226762087;M2-II-2-6
3256226762100;M2-II-2-6
3256226762117;M2-II-2-6
3256226762124;M2-II-2-6
3256226762131;M2-II-2-6
3256226762148;M2-II-2-6
3256226762186;M2-II-2-6
3256226762193;M2-II-2-6
3256226762216;M2-II-2-6
3256226762223;M2-II-2-6
3256226762230;M2-II-2-6
3256226762247;M2-II-2-6
3256226762254;M2-II-2-6
3256226762261;M2-II-2-6
3256227432859;M2-II-2-6
3256227432866;M2-II-2-6
3256227432873;M2-II-2-6
3256227432880;M2-II-2-6
3256227432897;M2-II-2-6
3256227432910;M2-II-2-6
3256227432927;M2-II-2-6
3256227432934;M2-II-2-6
3256227432941;M2-II-2-6
3256227432958;M2-II-2-6
3256227433269;M2-II-2-6
3256227446818;M2-II-2-6
3256227446825;M2-II-2-6
3256227446832;M2-II-2-6
3256227750793;M2-II-2-6
3256228451590;M2-II-2-6
3256228461858;M2-II-2-6
3256228582140;M2-II-2-6
3256228588227;M2-II-2-6
3256228602374;M2-II-2-6
3256228602398;M2-II-2-6
3256228602404;M2-II-2-6
3256228603470;M2-II-2-6
3256229229211;M2-II-2-6
3256229229228;M2-II-2-6
3256229229235;M2-II-2-6
3256229229242;M2-II-2-6
3256229229259;M2-II-2-6
3256229486096;M2-II-2-6
3256229486102;M2-II-2-6
3256229486133;M2-II-2-6
3256229533608;M2-II-2-6
3256229533615;M2-II-2-6
3256229791190;M2-II-2-6
3288131570952;M2-II-2-6
4062300055995;M2-II-2-6
4062300056220;M2-II-2-6
4062300056251;M2-II-2-6
4062300056497;M2-II-2-6
4062300250819;M2-II-2-6
3041090000089;M2-II-2-7
3041090000096;M2-II-2-7
3041090013812;M2-II-2-7
3041090013829;M2-II-2-7
3041090026829;M2-II-2-7
3041090030161;M2-II-2-7
3041090030192;M2-II-2-7
3041090030215;M2-II-2-7
3041090512797;M2-II-2-7
3041091124111;M2-II-2-7
3041091289773;M2-II-2-7
3041091303424;M2-II-2-7
3041091550590;M2-II-2-7
3041091550712;M2-II-2-7
3041091550743;M2-II-2-7
3041091550767;M2-II-2-7
3041091677235;M2-II-2-7
3041091677242;M2-II-2-7
3041091677259;M2-II-2-7
3041091677273;M2-II-2-7
3041091677563;M2-II-2-7
3041091677662;M2-II-2-7
3041091677679;M2-II-2-7
3041091677693;M2-II-2-7
3041091677709;M2-II-2-7
3041091677747;M2-II-2-7
3041091677754;M2-II-2-7
3041091678195;M2-II-2-7
3041091678232;M2-II-2-7
3041091678256;M2-II-2-7
3041091678263;M2-II-2-7
3041091678270;M2-II-2-7
3041091678287;M2-II-2-7
3041091678294;M2-II-2-7
3041091678362;M2-II-2-7
3041091678461;M2-II-2-7
3041091678508;M2-II-2-7
3041091701282;M2-II-2-7
3041091829504;M2-II-2-7
3041091902016;M2-II-2-7
3041092009370;M2-II-2-7
3041092051645;M2-II-2-7
3041092074866;M2-II-2-7
3041092074873;M2-II-2-7
3041092074880;M2-II-2-7
3041092075610;M2-II-2-7
3256227433207;M2-II-2-7
3256227433214;M2-II-2-7
3256227433221;M2-II-2-7
3256227433238;M2-II-2-7
3256227433245;M2-II-2-7
3256227433252;M2-II-2-7
3256227750786;M2-II-2-7
3256227751240;M2-II-2-7
3256227751257;M2-II-2-7
3256227751264;M2-II-2-7
3256227751271;M2-II-2-7
4062300011496;M2-II-2-7
4062300126572;M2-II-2-7
4062300351523;M2-II-2-7
8445291645868;M2-II-2-7
8445291646100;M2-II-2-7
3041090030079;M2-II-2-8
3041090030093;M2-II-2-8
3041090030116;M2-II-2-8
3041090030123;M2-II-2-8
3041090767845;M2-II-2-8
3041091001597;M2-II-2-8
3041091001603;M2-II-2-8
3041091425065;M2-II-2-8
3041091656889;M2-II-2-8
3041091877901;M2-II-2-8
3041091878021;M2-II-2-8
3041091878076;M2-II-2-8
3041091990754;M2-II-2-8
3041091991218;M2-II-2-8
3041092001237;M2-II-2-8
3041092009332;M2-II-2-8
3041092009356;M2-II-2-8
3041092009394;M2-II-2-8
3041092009417;M2-II-2-8
3041092020603;M2-II-2-8
3041092021150;M2-II-2-8
3041092072176;M2-II-2-8
7613031477999;M2-II-2-8
7613031478057;M2-II-2-8
7613031478118;M2-II-2-8
7613031478149;M2-II-2-8
7613031478170;M2-II-2-8
7613032725907;M2-II-2-8
7613035052796;M2-II-2-8
7613035832503;M2-II-2-8
7613035832534;M2-II-2-8
7613035832596;M2-II-2-8
7613035837027;M2-II-2-8
7613035837058;M2-II-2-8
7613035837119;M2-II-2-8
7613035848054;M2-II-2-8
7613035848085;M2-II-2-8
7613035856615;M2-II-2-8
7613035856646;M2-II-2-8
7613036749664;M2-II-2-8
7613036754415;M2-II-2-8
7613038150581;M2-II-2-8
7613038151137;M2-II-2-8
7613287163783;M2-II-2-8
7613287169617;M2-II-2-8
7613287936424;M2-II-2-8
8445290565297;M2-II-2-8
8445290565471;M2-II-2-8
8445291082663;M2-II-2-8
8445291095922;M2-II-2-8
8445291096035;M2-II-2-8
8445291113565;M2-II-2-8
8445291590939;M2-II-2-8
8445291590960;M2-II-2-8
8445291591011;M2-II-2-8
8445291591110;M2-II-2-8
8445291591141;M2-II-2-8
3041091422002;M2-II-2-9
3041091422071;M2-II-2-9
3041091422149;M2-II-2-9
3041091422156;M2-II-2-9
3041091422163;M2-II-2-9
3041091422187;M2-II-2-9
3041091432551;M2-II-2-9
3041091434043;M2-II-2-9
3041091434067;M2-II-2-9
3041091434081;M2-II-2-9
3041091434098;M2-II-2-9
3041091436207;M2-II-2-9
3041091436214;M2-II-2-9
3041091436221;M2-II-2-9
3041091436238;M2-II-2-9
3041091436276;M2-II-2-9
3041091436306;M2-II-2-9
3041091436313;M2-II-2-9
3041091436382;M2-II-2-9
3041091436399;M2-II-2-9
3041091436405;M2-II-2-9
3041091436474;M2-II-2-9
3041091436481;M2-II-2-9
3041091436498;M2-II-2-9
3041091436504;M2-II-2-9
3041091612830;M2-II-2-9
3041091612847;M2-II-2-9
3041091819758;M2-II-2-9
3041091828583;M2-II-2-9
3041091828590;M2-II-2-9
3041091828613;M2-II-2-9
3041091828637;M2-II-2-9
3041091828644;M2-II-2-9
3041091829016;M2-II-2-9
3041091829030;M2-II-2-9
3041091829078;M2-II-2-9
3041091829085;M2-II-2-9
3041091984449;M2-II-2-9
3041091984456;M2-II-2-9
3041091984463;M2-II-2-9
3041091992079;M2-II-2-9
3041091992086;M2-II-2-9
3041091992093;M2-II-2-9
3041092045156;M2-II-2-9
7613035008984;M2-II-2-9
7613035009240;M2-II-2-9
7613035014190;M2-II-2-9
7613035014220;M2-II-2-9
7613287930262;M2-II-2-9
7613287930422;M2-II-2-9
7613287930491;M2-II-2-9
7613287936547;M2-II-2-9
7613287936691;M2-II-2-9
7613287937148;M2-II-2-9
7613287937278;M2-II-2-9
8445290440693;M2-II-2-9
8445290568243;M2-II-2-9
8445290568298;M2-II-2-9
8445291055896;M2-II-2-9
8445291056220;M2-II-2-9
8445291056565;M2-II-2-9
8445291535831;M2-II-2-9
8445291536517;M2-II-2-9
8445291538368;M2-II-2-9
0000030000117;M2-II-3-1
3021210011201;M2-II-3-1
3021210013007;M2-II-3-1
3021210020906;M2-II-3-1
3021210021903;M2-II-3-1
3047360801066;M2-II-3-1
3047360801080;M2-II-3-1
3061830001237;M2-II-3-1
3061830125148;M2-II-3-1
3067163654317;M2-II-3-1
3067163657684;M2-II-3-1
3067163657806;M2-II-3-1
3067163657844;M2-II-3-1
3067163657868;M2-II-3-1
3067163657882;M2-II-3-1
3067163658643;M2-II-3-1
3067163658667;M2-II-3-1
3067163662534;M2-II-3-1
3067163662558;M2-II-3-1
3067163670072;M2-II-3-1
3104544073845;M2-II-3-1
3104544073869;M2-II-3-1
3104544073876;M2-II-3-1
3104544077850;M2-II-3-1
3113010165823;M2-II-3-1
3113010172807;M2-II-3-1
3256228127648;M2-II-3-1
3256228127655;M2-II-3-1
3256228127662;M2-II-3-1
3256228466419;M2-II-3-1
3270270003590;M2-II-3-1
3270270008687;M2-II-3-1
3336920008169;M2-II-3-1
3336920008176;M2-II-3-1
3336920008183;M2-II-3-1
3336920008206;M2-II-3-1
3336920008213;M2-II-3-1
3336920008237;M2-II-3-1
3336920008275;M2-II-3-1
3336920011572;M2-II-3-1
3336920011626;M2-II-3-1
3336920011794;M2-II-3-1
3336920012609;M2-II-3-1
3336920014597;M2-II-3-1
3368954896160;M2-II-3-1
3368954897938;M2-II-3-1
3368954898201;M2-II-3-1
3368958351504;M2-II-3-1
3368958351511;M2-II-3-1
3368959420391;M2-II-3-1
3454779121836;M2-II-3-1
3470410020931;M2-II-3-1
3519530000451;M2-II-3-1
3519530000468;M2-II-3-1
3519530011976;M2-II-3-1
3537580700503;M2-II-3-1
3537580702583;M2-II-3-1
3537580704983;M2-II-3-1
3537580705157;M2-II-3-1
3537580705409;M2-II-3-1
3537580706123;M2-II-3-1
3537580706222;M2-II-3-1
3537580706642;M2-II-3-1
3537580707083;M2-II-3-1
3537580707670;M2-II-3-1
3537580707724;M2-II-3-1
3537580707731;M2-II-3-1
3537580707748;M2-II-3-1
3537580707779;M2-II-3-1
3537580707984;M2-II-3-1
3537580708882;M2-II-3-1
3665006165015;M2-II-3-1
3665006165022;M2-II-3-1
3760097980018;M2-II-3-1
3760097980421;M2-II-3-1
3770027059080;M2-II-3-1
3770027059097;M2-II-3-1
3770027059103;M2-II-3-1
3770027059134;M2-II-3-1
5762385028813;M2-II-3-1
5762385060028;M2-II-3-1
3017800008478;M2-II-3-10
3017800022016;M2-II-3-10
3017800067031;M2-II-3-10
3017800075838;M2-II-3-10
3017800230701;M2-II-3-10
3017800230718;M2-II-3-10
3017800231555;M2-II-3-10
3017800231562;M2-II-3-10
3022820007257;M2-II-3-10
3083680015370;M2-II-3-10
3215351040088;M2-II-3-10
3215358048650;M2-II-3-10
3215358048667;M2-II-3-10
3256220665704;M2-II-3-10
3256220665711;M2-II-3-10
3256220665759;M2-II-3-10
3256222113661;M2-II-3-10
3256222113715;M2-II-3-10
3256222113722;M2-II-3-10
3256222115047;M2-II-3-10
3256222250687;M2-II-3-10
3256226755041;M2-II-3-10
3256226755058;M2-II-3-10
3256227458965;M2-II-3-10
3256227458972;M2-II-3-10
3256227459016;M2-II-3-10
3017800016862;M2-II-3-11
3017800069509;M2-II-3-11
3017800228548;M2-II-3-11
3017800246771;M2-II-3-11
3017800503508;M2-II-3-11
3017800503515;M2-II-3-11
3017800512586;M2-II-3-11
3017800512616;M2-II-3-11
3017800516997;M2-II-3-11
3083681127737;M2-II-3-11
3083681127850;M2-II-3-11
3256220510592;M2-II-3-11
3256222113425;M2-II-3-11
3256222113555;M2-II-3-11
3256222113562;M2-II-3-11
3256222113586;M2-II-3-11
3256222113593;M2-II-3-11
3256228673701;M2-II-3-11
3256229698628;M2-II-3-11
3660992012046;M2-II-3-11
3660992012053;M2-II-3-11
3017800501627;M2-II-3-2
3022820009589;M2-II-3-2
3022820009596;M2-II-3-2
3022820009626;M2-II-3-2
3067163653273;M2-II-3-2
3067163653280;M2-II-3-2
3067163654270;M2-II-3-2
3067163654393;M2-II-3-2
3067163654416;M2-II-3-2
3083680025881;M2-II-3-2
3083681127430;M2-II-3-2
3083681127461;M2-II-3-2
3256220663236;M2-II-3-2
3256221406917;M2-II-3-2
3256222114088;M2-II-3-2
3256222114170;M2-II-3-2
3256222240077;M2-II-3-2
3256222240084;M2-II-3-2
3256225039432;M2-II-3-2
3256225039456;M2-II-3-2
3256225736867;M2-II-3-2
3256228097378;M2-II-3-2
3256228097385;M2-II-3-2
3256228097392;M2-II-3-2
3256228097408;M2-II-3-2
3256228097415;M2-II-3-2
3261830114023;M2-II-3-2
3261830114030;M2-II-3-2
3261830214273;M2-II-3-2
3261830218073;M2-II-3-2
3261830218288;M2-II-3-2
3269612045008;M2-II-3-2
3269617106148;M2-II-3-2
3269617106247;M2-II-3-2
3269617110916;M2-II-3-2
3270270003583;M2-II-3-2
3270270004368;M2-II-3-2
3270270004375;M2-II-3-2
3270270007727;M2-II-3-2
3270270007734;M2-II-3-2
3270270007741;M2-II-3-2
3270270007772;M2-II-3-2
3270270008526;M2-II-3-2
3270270008540;M2-II-3-2
3275411801011;M2-II-3-2
3275413600063;M2-II-3-2
3275415400036;M2-II-3-2
3368957965559;M2-II-3-2
3537580701364;M2-II-3-2
3660992012060;M2-II-3-2
3660992012077;M2-II-3-2
3660992012084;M2-II-3-2
3660992022717;M2-II-3-2
3017800202005;M2-II-3-3
3017800202012;M2-II-3-3
3017800231777;M2-II-3-3
3017800501573;M2-II-3-3
3017800501658;M2-II-3-3
3083680002929;M2-II-3-3
3083680002981;M2-II-3-3
3083681101232;M2-II-3-3
3083681127409;M2-II-3-3
3215358050257;M2-II-3-3
3215358050264;M2-II-3-3
3255691008928;M2-II-3-3
3256220368025;M2-II-3-3
3256220368049;M2-II-3-3
3256220657808;M2-II-3-3
3256221113891;M2-II-3-3
3256221407143;M2-II-3-3
3256222113807;M2-II-3-3
3256222113814;M2-II-3-3
3256222114217;M2-II-3-3
3256222114453;M2-II-3-3
3256222811178;M2-II-3-3
3256224063940;M2-II-3-3
3256226416133;M2-II-3-3
3660992011957;M2-II-3-3
3017800209417;M2-II-3-4
3017800209424;M2-II-3-4
3017800217269;M2-II-3-4
3017800507223;M2-II-3-4
3083681120127;M2-II-3-4
3083681120189;M2-II-3-4
3083681120356;M2-II-3-4
3083681120387;M2-II-3-4
3083681120578;M2-II-3-4
3083681120653;M2-II-3-4
3083681120684;M2-II-3-4
3083681152951;M2-II-3-4
3112300106812;M2-II-3-4
3112309996865;M2-II-3-4
3173610005028;M2-II-3-4
3215352590056;M2-II-3-4
3256220360432;M2-II-3-4
3256220367974;M2-II-3-4
3256220368070;M2-II-3-4
3256220652766;M2-II-3-4
3256220728829;M2-II-3-4
3256220871068;M2-II-3-4
3256220879057;M2-II-3-4
3256220881104;M2-II-3-4
3256222114279;M2-II-3-4
3256222114460;M2-II-3-4
3256222115504;M2-II-3-4
3256222115511;M2-II-3-4
3256222115528;M2-II-3-4
3256222115542;M2-II-3-4
3256222115559;M2-II-3-4
3256222252346;M2-II-3-4
3256223371824;M2-II-3-4
3256224394761;M2-II-3-4
3256224394778;M2-II-3-4
3256227773259;M2-II-3-4
3368957348949;M2-II-3-4
3660992011964;M2-II-3-4
3660992011971;M2-II-3-4
3660992011995;M2-II-3-4
3660992012008;M2-II-3-4
3017800007761;M2-II-3-5
3017800008898;M2-II-3-5
3017800008959;M2-II-3-5
3017800078754;M2-II-3-5
3017800511091;M2-II-3-5
3021690203110;M2-II-3-5
3021690203127;M2-II-3-5
3022820006984;M2-II-3-5
3022820009060;M2-II-3-5
3083681130553;M2-II-3-5
3215352380091;M2-II-3-5
3215358048360;M2-II-3-5
3255691008843;M2-II-3-5
3255691008850;M2-II-3-5
3255691009154;M2-II-3-5
3256220510585;M2-II-3-5
3256220728720;M2-II-3-5
3256220879040;M2-II-3-5
3256221142167;M2-II-3-5
3256222114002;M2-II-3-5
3256222114019;M2-II-3-5
3256222114422;M2-II-3-5
3256226384746;M2-II-3-5
3256228969057;M2-II-3-5
3256228969187;M2-II-3-5
3256228969224;M2-II-3-5
3368950875473;M2-II-3-5
3368950875527;M2-II-3-5
3368952132949;M2-II-3-5
3368952133397;M2-II-3-5
3368955302608;M2-II-3-5
3660992012015;M2-II-3-5
3660992012022;M2-II-3-5
8005110002908;M2-II-3-5
3017800010518;M2-II-3-6
3017800078853;M2-II-3-6
3017800502044;M2-II-3-6
3017800509883;M2-II-3-6
3017800509937;M2-II-3-6
3017800517109;M2-II-3-6
3021690018042;M2-II-3-6
3021690201116;M2-II-3-6
3021690201123;M2-II-3-6
3022820009053;M2-II-3-6
3022820009077;M2-II-3-6
3083681085891;M2-II-3-6
3083681178395;M2-II-3-6
3215353870096;M2-II-3-6
3215355070081;M2-II-3-6
3256220194570;M2-II-3-6
3256222811185;M2-II-3-6
3256225042043;M2-II-3-6
3256225042074;M2-II-3-6
3256225042098;M2-II-3-6
3256225042135;M2-II-3-6
3256227459009;M2-II-3-6
3256228679376;M2-II-3-6
3256228679383;M2-II-3-6
3269660001315;M2-II-3-6
3269660001322;M2-II-3-6
3269660001339;M2-II-3-6
3269660001346;M2-II-3-6
3269660001353;M2-II-3-6
3269660001360;M2-II-3-6
3269660001520;M2-II-3-6
3269660001537;M2-II-3-6
3269660001575;M2-II-3-6
3269660002220;M2-II-3-6
3269660015138;M2-II-3-6
3368951433955;M2-II-3-6
3368951440083;M2-II-3-6
3368953027022;M2-II-3-6
3368953027046;M2-II-3-6
3501430000013;M2-II-3-6
3501430000020;M2-II-3-6
3501430000129;M2-II-3-6
3501430000150;M2-II-3-6
3501430000167;M2-II-3-6
3501430000174;M2-II-3-6
3501430000181;M2-II-3-6
3760391830071;M2-II-3-6
3770014111807;M2-II-3-6
3017800006481;M2-II-3-7
3017800055939;M2-II-3-7
3017800056202;M2-II-3-7
3017800078846;M2-II-3-7
3017800078860;M2-II-3-7
3017800230510;M2-II-3-7
3017800245033;M2-II-3-7
3017800246672;M2-II-3-7
3017800246719;M2-II-3-7
3017800501108;M2-II-3-7
3017800502051;M2-II-3-7
3017800503287;M2-II-3-7
3017800503294;M2-II-3-7
3017800503317;M2-II-3-7
3017800506257;M2-II-3-7
3017800509968;M2-II-3-7
3017800509999;M2-II-3-7
3017800510025;M2-II-3-7
3017800512005;M2-II-3-7
3017800513743;M2-II-3-7
3017800516959;M2-II-3-7
3083680703703;M2-II-3-7
3083680901024;M2-II-3-7
3083681017779;M2-II-3-7
3083681017809;M2-II-3-7
3083681029994;M2-II-3-7
3083681040609;M2-II-3-7
3083681042429;M2-II-3-7
3083681042450;M2-II-3-7
3083681059793;M2-II-3-7
3083681085860;M2-II-3-7
3083681085990;M2-II-3-7
3083681093926;M2-II-3-7
3083681094459;M2-II-3-7
3083681095296;M2-II-3-7
3083681148916;M2-II-3-7
3083681163018;M2-II-3-7
3083681168419;M2-II-3-7
3083681168440;M2-II-3-7
3083681177732;M2-II-3-7
3083681177763;M2-II-3-7
3083681177794;M2-II-3-7
3256222811192;M2-II-3-7
3256222811208;M2-II-3-7
3256223670460;M2-II-3-7
3256223670477;M2-II-3-7
3256225042067;M2-II-3-7
3256225042081;M2-II-3-7
3256225042104;M2-II-3-7
3256225042111;M2-II-3-7
3256225042128;M2-II-3-7
3256225429158;M2-II-3-7
3256228104397;M2-II-3-7
3256228115591;M2-II-3-7
3256228459039;M2-II-3-7
3256228970350;M2-II-3-7
3256228970367;M2-II-3-7
3368956845869;M2-II-3-7
3368959733132;M2-II-3-7
3660992022663;M2-II-3-7
3770014111609;M2-II-3-7
3017800000793;M2-II-3-8
3017800003558;M2-II-3-8
3017800069486;M2-II-3-8
3017800078662;M2-II-3-8
3017800078723;M2-II-3-8
3017800181379;M2-II-3-8
3017800181386;M2-II-3-8
3017800181393;M2-II-3-8
3017800201763;M2-II-3-8
3017800209530;M2-II-3-8
3017800503416;M2-II-3-8
3017800514108;M2-II-3-8
3017800514139;M2-II-3-8
3017800517031;M2-II-3-8
3017800517635;M2-II-3-8
3017800517666;M2-II-3-8
3083681128819;M2-II-3-8
3083681130904;M2-II-3-8
3215352040087;M2-II-3-8
3215352080083;M2-II-3-8
3256220471930;M2-II-3-8
3256222113005;M2-II-3-8
3256222113012;M2-II-3-8
3256222113029;M2-II-3-8
3256222113036;M2-II-3-8
3256222113203;M2-II-3-8
3256222113302;M2-II-3-8
3256222114415;M2-II-3-8
3256222114446;M2-II-3-8
3256225429165;M2-II-3-8
3256227458927;M2-II-3-8
3256227465338;M2-II-3-8
3256227465345;M2-II-3-8
3256227465369;M2-II-3-8
3256227465376;M2-II-3-8
3256227465406;M2-II-3-8
3256227465413;M2-II-3-8
3256227748929;M2-II-3-8
3017800503409;M2-II-3-9
3017800505663;M2-II-3-9
3022820007240;M2-II-3-9
3083680085311;M2-II-3-9
3083680085335;M2-II-3-9
3083680481991;M2-II-3-9
3083680482011;M2-II-3-9
3083680482035;M2-II-3-9
3083680482042;M2-II-3-9
3083680482066;M2-II-3-9
3083680567947;M2-II-3-9
3083680613576;M2-II-3-9
3083680613583;M2-II-3-9
3083680652094;M2-II-3-9
3083680709132;M2-II-3-9
3083680767453;M2-II-3-9
3083680918497;M2-II-3-9
3083680973816;M2-II-3-9
3083681001808;M2-II-3-9
3083681011791;M2-II-3-9
3083681027860;M2-II-3-9
3083681037746;M2-II-3-9
3083681057843;M2-II-3-9
3083681094282;M2-II-3-9
3083681094923;M2-II-3-9
3083681094985;M2-II-3-9
3083681095319;M2-II-3-9
3083681118544;M2-II-3-9
3083681128512;M2-II-3-9
3083681128789;M2-II-3-9
3215352140084;M2-II-3-9
3215355580085;M2-II-3-9
3215358050325;M2-II-3-9
3256220112673;M2-II-3-9
3256220471923;M2-II-3-9
3256220665735;M2-II-3-9
3256220665742;M2-II-3-9
3256221667790;M2-II-3-9
3256221667806;M2-II-3-9
3256222113210;M2-II-3-9
3256222113319;M2-II-3-9
3256222113708;M2-II-3-9
3256227428791;M2-II-3-9
3660992023790;M2-II-3-9
3017800008973;M2-II-4-1
3017800079829;M2-II-4-1
3017800100318;M2-II-4-1
3017800514269;M2-II-4-1
3017800520901;M2-II-4-1
3017800520956;M2-II-4-1
3083681127935;M2-II-4-1
3083681128871;M2-II-4-1
3083681130966;M2-II-4-1
3083681131956;M2-II-4-1
3256228552419;M2-II-4-1
3022820007486;M2-II-4-10
3022820007561;M2-II-4-10
3022820007578;M2-II-4-10
3022820008063;M2-II-4-10
3022820009350;M2-II-4-10
3022820009473;M2-II-4-10
3022821385118;M2-II-4-10
3022822850110;M2-II-4-10
3022825850117;M2-II-4-10
3049580530160;M2-II-4-10
3049580543405;M2-II-4-10
3242010000718;M2-II-4-10
3242010032122;M2-II-4-10
3245361002240;M2-II-4-10
3245362241280;M2-II-4-10
3256220065290;M2-II-4-10
3256221966428;M2-II-4-10
3256222415147;M2-II-4-10
3256222415154;M2-II-4-10
3256222415246;M2-II-4-10
3256225736096;M2-II-4-10
3256225736102;M2-II-4-10
3256225736119;M2-II-4-10
3256225736126;M2-II-4-10
3256226091903;M2-II-4-10
3256228649164;M2-II-4-10
3256228649188;M2-II-4-10
3256229032910;M2-II-4-10
3256229032934;M2-II-4-10
3256229033023;M2-II-4-10
3261055955012;M2-II-4-10
3261055955029;M2-II-4-10
3375640001142;M2-II-4-10
3375640001159;M2-II-4-10
3375640002149;M2-II-4-10
3375640002156;M2-II-4-10
3375644008772;M2-II-4-10
3375644008796;M2-II-4-10
3375644008802;M2-II-4-10
3375644009328;M2-II-4-10
3375644009496;M2-II-4-10
3375644009748;M2-II-4-10
3660992012183;M2-II-4-10
3660992012190;M2-II-4-10
3660992020768;M2-II-4-10
3021210060209;M2-II-4-11
3039947012521;M2-II-4-11
3067161089029;M2-II-4-11
3067163623238;M2-II-4-11
3067163649016;M2-II-4-11
3067163655895;M2-II-4-11
3067163664224;M2-II-4-11
3067165040248;M2-II-4-11
3104544073937;M2-II-4-11
3104544074231;M2-II-4-11
3104544077560;M2-II-4-11
3113010175730;M2-II-4-11
3245360002982;M2-II-4-11
3245360008731;M2-II-4-11
3245360071124;M2-II-4-11
3245360072244;M2-II-4-11
3245361001120;M2-II-4-11
3256221381795;M2-II-4-11
3256225441266;M2-II-4-11
3256225733828;M2-II-4-11
3256225733835;M2-II-4-11
3256227449987;M2-II-4-11
3256228125521;M2-II-4-11
3256228125538;M2-II-4-11
3256228439857;M2-II-4-11
3256228589422;M2-II-4-11
3256228649218;M2-II-4-11
3256228649225;M2-II-4-11
3256477007067;M2-II-4-11
3256477007128;M2-II-4-11
3256477007142;M2-II-4-11
3256477007159;M2-II-4-11
3256477007180;M2-II-4-11
3256477032120;M2-II-4-11
3256477035930;M2-II-4-11
3256477081029;M2-II-4-11
3256477081036;M2-II-4-11
3256477081043;M2-II-4-11
3256477081128;M2-II-4-11
3256477081135;M2-II-4-11
3261055930422;M2-II-4-11
3261055930439;M2-II-4-11
3261830105168;M2-II-4-11
3261830105182;M2-II-4-11
3261830407200;M2-II-4-11
3261830409013;M2-II-4-11
3270271513050;M2-II-4-11
3368953027053;M2-II-4-11
3368954000611;M2-II-4-11
3368954001205;M2-II-4-11
3375644006136;M2-II-4-11
3379670012468;M2-II-4-11
3379670016442;M2-II-4-11
3379670022009;M2-II-4-11
3416956411598;M2-II-4-11
3537580704730;M2-II-4-11
3660992022199;M2-II-4-11
3019081238643;M2-II-4-2
3019081238698;M2-II-4-2
3019081241193;M2-II-4-2
3019081241209;M2-II-4-2
3019081241216;M2-II-4-2
3019081241223;M2-II-4-2
3019081241230;M2-II-4-2
3019081241582;M2-II-4-2
3019081241599;M2-II-4-2
3019089043065;M2-II-4-2
3019089043584;M2-II-4-2
3019089043591;M2-II-4-2
3019089044406;M2-II-4-2
3019089044420;M2-II-4-2
3019089044505;M2-II-4-2
3019089045564;M2-II-4-2
3019089045724;M2-II-4-2
3165950210651;M2-II-4-2
3165950216011;M2-II-4-2
3165950216080;M2-II-4-2
3165950216295;M2-II-4-2
3165950216776;M2-II-4-2
3165950216783;M2-II-4-2
3165950224207;M2-II-4-2
3165957058010;M2-II-4-2
3165957222015;M2-II-4-2
3165957822017;M2-II-4-2
3165957953018;M2-II-4-2
3188720000436;M2-II-4-2
3188720000443;M2-II-4-2
3188720000450;M2-II-4-2
3188720000467;M2-II-4-2
3188720000474;M2-II-4-2
3188720000603;M2-II-4-2
3188720001044;M2-II-4-2
3188720006018;M2-II-4-2
3188720008050;M2-II-4-2
3188720040012;M2-II-4-2
3256220126670;M2-II-4-2
3256220126694;M2-II-4-2
3256220170093;M2-II-4-2
3256221135336;M2-II-4-2
3256221135343;M2-II-4-2
3256223375549;M2-II-4-2
3256223684306;M2-II-4-2
3256223684313;M2-II-4-2
3256228441324;M2-II-4-2
3256228441331;M2-II-4-2
3263670297812;M2-II-4-2
3263670297911;M2-II-4-2
3365623044068;M2-II-4-2
3365623145000;M2-II-4-2
3365623148001;M2-II-4-2
3365623400147;M2-II-4-2
3019080031146;M2-II-4-3
3019081238650;M2-II-4-3
3019081238667;M2-II-4-3
3019081238681;M2-II-4-3
3019081238704;M2-II-4-3
3019081238728;M2-II-4-3
3019089045717;M2-II-4-3
3165950049015;M2-II-4-3
3188720000030;M2-II-4-3
3188720000085;M2-II-4-3
3188720000146;M2-II-4-3
3188720000160;M2-II-4-3
3188720000573;M2-II-4-3
3188720000641;M2-II-4-3
3188720001204;M2-II-4-3
3188720001518;M2-II-4-3
3188720001525;M2-II-4-3
3188720002379;M2-II-4-3
3188720003284;M2-II-4-3
3188720004724;M2-II-4-3
3188720005752;M2-II-4-3
3188720005806;M2-II-4-3
3188720006438;M2-II-4-3
3188720006445;M2-II-4-3
3188720006452;M2-II-4-3
3188720008715;M2-II-4-3
3188720100754;M2-II-4-3
3188720100990;M2-II-4-3
3256220177979;M2-II-4-3
3256220660785;M2-II-4-3
3256221135329;M2-II-4-3
3256222215129;M2-II-4-3
3256222215136;M2-II-4-3
3256222215143;M2-II-4-3
3256229957725;M2-II-4-3
3263670012347;M2-II-4-3
3263670016420;M2-II-4-3
3263670019223;M2-II-4-3
3263670111330;M2-II-4-3
3263670113815;M2-II-4-3
3263670123616;M2-II-4-3
3263670124019;M2-II-4-3
3263670126211;M2-II-4-3
3263670126419;M2-II-4-3
3263670126617;M2-II-4-3
3263670128116;M2-II-4-3
3263670128215;M2-II-4-3
3263670128413;M2-II-4-3
3263670128512;M2-II-4-3
3263670141016;M2-II-4-3
3263670162219;M2-II-4-3
3263670793819;M2-II-4-3
3263670798586;M2-II-4-3
3263670798609;M2-II-4-3
3263670798623;M2-II-4-3
3263670798647;M2-II-4-3
3365622020063;M2-II-4-3
3365622023156;M2-II-4-3
3365622024061;M2-II-4-3
3365622025068;M2-II-4-3
3365622026065;M2-II-4-3
3365622030062;M2-II-4-3
3365622031168;M2-II-4-3
3365622032165;M2-II-4-3
3365622034169;M2-II-4-3
3365622035067;M2-II-4-3
3365622044069;M2-II-4-3
3365624020061;M2-II-4-3
3365624021068;M2-II-4-3
3368952723406;M2-II-4-3
3660992012114;M2-II-4-3
3019080021505;M2-II-4-4
3019081238391;M2-II-4-4
3019081240066;M2-II-4-4
3019089042228;M2-II-4-4
3019089042235;M2-II-4-4
3019089042242;M2-II-4-4
3019089042266;M2-II-4-4
3019089042273;M2-II-4-4
3019089045151;M2-II-4-4
3019089045168;M2-II-4-4
3019089045731;M2-II-4-4
3165950036015;M2-II-4-4
3165950217070;M2-II-4-4
3165950217094;M2-II-4-4
3165950217100;M2-II-4-4
3165950217759;M2-II-4-4
3165950217803;M2-II-4-4
3165950217810;M2-II-4-4
3165950218510;M2-II-4-4
3165950220018;M2-II-4-4
3165950222289;M2-II-4-4
3165950222296;M2-II-4-4
3165950258011;M2-II-4-4
3165957610010;M2-II-4-4
3165959213028;M2-II-4-4
3165959308021;M2-II-4-4
3188720000917;M2-II-4-4
3188720000924;M2-II-4-4
3188720000948;M2-II-4-4
3188720002027;M2-II-4-4
3188720005899;M2-II-4-4
3188720005905;M2-II-4-4
3200071022001;M2-II-4-4
3200073220009;M2-II-4-4
3200073230008;M2-II-4-4
3256220170321;M2-II-4-4
3256220268851;M2-II-4-4
3256222240473;M2-II-4-4
3256222240480;M2-II-4-4
3256222240503;M2-II-4-4
3256223664001;M2-II-4-4
3256224118350;M2-II-4-4
3256224118381;M2-II-4-4
3256225041886;M2-II-4-4
3256225041893;M2-II-4-4
3256225041909;M2-II-4-4
3256225519576;M2-II-4-4
3256226081720;M2-II-4-4
3256226081737;M2-II-4-4
3256226081744;M2-II-4-4
3256226089221;M2-II-4-4
3256226089238;M2-II-4-4
3256228439468;M2-II-4-4
3256228439475;M2-II-4-4
3256228439482;M2-II-4-4
3256228441058;M2-II-4-4
3256228441300;M2-II-4-4
3256228441317;M2-II-4-4
3256228467836;M2-II-4-4
3256229267213;M2-II-4-4
3261950041216;M2-II-4-4
3263670034257;M2-II-4-4
3263670034455;M2-II-4-4
3263670052527;M2-II-4-4
3263670344912;M2-II-4-4
3263670923414;M2-II-4-4
3269660016609;M2-II-4-4
3269660016616;M2-II-4-4
3269660016623;M2-II-4-4
3325815011971;M2-II-4-4
3329150320620;M2-II-4-4
3329150351129;M2-II-4-4
3329150370502;M2-II-4-4
3329150420115;M2-II-4-4
3329150450075;M2-II-4-4
3365620016006;M2-II-4-4
3365621131500;M2-II-4-4
3365621164867;M2-II-4-4
3365629100010;M2-II-4-4
3365629100027;M2-II-4-4
3365629110019;M2-II-4-4
3365629110026;M2-II-4-4
3365629120018;M2-II-4-4
3365629120025;M2-II-4-4
3365629130017;M2-II-4-4
3365629130024;M2-II-4-4
3365629160014;M2-II-4-4
3365629180012;M2-II-4-4
3365629190011;M2-II-4-4
3700260700746;M2-II-4-4
3700260700777;M2-II-4-4
8004030950016;M2-II-4-4
8004030950047;M2-II-4-4
8004030950054;M2-II-4-4
8004030950078;M2-II-4-4
3019080057009;M2-II-4-5
3019080057016;M2-II-4-5
3019080063505;M2-II-4-5
3019081235598;M2-II-4-5
3019081235604;M2-II-4-5
3019081235611;M2-II-4-5
3019081236090;M2-II-4-5
3019081236106;M2-II-4-5
3019081236113;M2-II-4-5
3019081236601;M2-II-4-5
3019081236618;M2-II-4-5
3019081237325;M2-II-4-5
3019081238353;M2-II-4-5
3019081239237;M2-II-4-5
3019081239626;M2-II-4-5
3019081239633;M2-II-4-5
3019081239640;M2-II-4-5
3019081239862;M2-II-4-5
3019081239879;M2-II-4-5
3019081239886;M2-II-4-5
3019081240769;M2-II-4-5
3019081240806;M2-II-4-5
3019081240820;M2-II-4-5
3019081240905;M2-II-4-5
3019082000331;M2-II-4-5
3019082000485;M2-II-4-5
3019089042501;M2-II-4-5
3019089043966;M2-II-4-5
3019089044482;M2-II-4-5
3019089045632;M2-II-4-5
3019089045656;M2-II-4-5
3019089045663;M2-II-4-5
3165950109016;M2-II-4-5
3165950110012;M2-II-4-5
3165950221961;M2-II-4-5
3165950225587;M2-II-4-5
3165950225594;M2-II-4-5
3165950225600;M2-II-4-5
3165950225686;M2-II-4-5
3165950225709;M2-II-4-5
3256220170314;M2-II-4-5
3256224117865;M2-II-4-5
3256224118282;M2-II-4-5
3256224375104;M2-II-4-5
3256225454945;M2-II-4-5
3256225454952;M2-II-4-5
3256225454969;M2-II-4-5
3256225454976;M2-II-4-5
3256225735792;M2-II-4-5
3256225735808;M2-II-4-5
3263670002614;M2-II-4-5
3263670041422;M2-II-4-5
3263670415018;M2-II-4-5
3263670434910;M2-II-4-5
3263670798999;M2-II-4-5
3263670801569;M2-II-4-5
3263670801590;M2-II-4-5
3263670801606;M2-II-4-5
3263670801613;M2-II-4-5
3329150390296;M2-II-4-5
3660992012121;M2-II-4-5
3660992012138;M2-II-4-5
3660992012145;M2-II-4-5
8004030950023;M2-II-4-5
8004030950030;M2-II-4-5
3038359911828;M2-II-4-6
3038359913365;M2-II-4-6
3038359913372;M2-II-4-6
3083681139709;M2-II-4-6
3083681139716;M2-II-4-6
3256220071444;M2-II-4-6
3256220071468;M2-II-4-6
3256221633207;M2-II-4-6
3256221675528;M2-II-4-6
3256221675535;M2-II-4-6
3256221675542;M2-II-4-6
3256226376055;M2-II-4-6
3256226376079;M2-II-4-6
3256228581464;M2-II-4-6
3256228581471;M2-II-4-6
3256228581488;M2-II-4-6
3256228581518;M2-II-4-6
3256228581563;M2-II-4-6
3256228581570;M2-II-4-6
3256228581587;M2-II-4-6
3256228581594;M2-II-4-6
3379670015711;M2-II-4-6
3379670015742;M2-II-4-6
3379670021910;M2-II-4-6
3487400004369;M2-II-4-6
3487400004390;M2-II-4-6
3487400006714;M2-II-4-6
3487400006721;M2-II-4-6
3487400006745;M2-II-4-6
3487400006776;M2-II-4-6
3487400006790;M2-II-4-6
3487400006929;M2-II-4-6
3487400006943;M2-II-4-6
3487400006967;M2-II-4-6
3487400006981;M2-II-4-6
3487400007001;M2-II-4-6
3487400007025;M2-II-4-6
3487400007544;M2-II-4-6
3760341070595;M2-II-4-6
3760341070601;M2-II-4-6
3760341070670;M2-II-4-6
3760341070687;M2-II-4-6
3760341070694;M2-II-4-6
3760341070700;M2-II-4-6
4002359040245;M2-II-4-6
4002359040269;M2-II-4-6
5010034013605;M2-II-4-6
5010034013643;M2-II-4-6
5010034015388;M2-II-4-6
5010034015395;M2-II-4-6
5010034015401;M2-II-4-6
5010034016071;M2-II-4-6
7613036109154;M2-II-4-6
7613036109192;M2-II-4-6
7613036109215;M2-II-4-6
3188720000207;M2-II-4-7
3188720001266;M2-II-4-7
3188720001624;M2-II-4-7
3188720001679;M2-II-4-7
3188720002447;M2-II-4-7
3188720002454;M2-II-4-7
3188720003505;M2-II-4-7
3188720003673;M2-II-4-7
3188720005851;M2-II-4-7
3188720600438;M2-II-4-7
3188720601114;M2-II-4-7
3188720601138;M2-II-4-7
3188720601152;M2-II-4-7
3245360004931;M2-II-4-7
3245360007345;M2-II-4-7
3245366921959;M2-II-4-7
3256220082396;M2-II-4-7
3256220496308;M2-II-4-7
3256220496384;M2-II-4-7
3256220661263;M2-II-4-7
3256221976694;M2-II-4-7
3256224360599;M2-II-4-7
3256225727643;M2-II-4-7
3256228125545;M2-II-4-7
3256228125552;M2-II-4-7
3256228442482;M2-II-4-7
3256228649256;M2-II-4-7
3256228942180;M2-II-4-7
3256229032941;M2-II-4-7
3261055954114;M2-II-4-7
3261055954121;M2-II-4-7
3261055954916;M2-II-4-7
3261055954923;M2-II-4-7
3261055954930;M2-II-4-7
3660992022069;M2-II-4-7
3660992022076;M2-II-4-7
3188720001006;M2-II-4-8
3188720001303;M2-II-4-8
3188720001488;M2-II-4-8
3188728014978;M2-II-4-8
3245361001953;M2-II-4-8
3245361341950;M2-II-4-8
3245362031959;M2-II-4-8
3256220496353;M2-II-4-8
3256221175189;M2-II-4-8
3256221632934;M2-II-4-8
3256221633153;M2-II-4-8
3256224360568;M2-II-4-8
3256225714100;M2-II-4-8
3256226089405;M2-II-4-8
3256228101594;M2-II-4-8
3256228101600;M2-II-4-8
3256228442666;M2-II-4-8
3256229267176;M2-II-4-8
3256229267183;M2-II-4-8
3256229542822;M2-II-4-8
3256229542839;M2-II-4-8
3261053400415;M2-II-4-8
3261053456603;M2-II-4-8
3261055420503;M2-II-4-8
3261830409143;M2-II-4-8
3261830409150;M2-II-4-8
3375644008383;M2-II-4-8
3375644010638;M2-II-4-8
3375644010645;M2-II-4-8
3379670017401;M2-II-4-8
3379670017432;M2-II-4-8
3379670017463;M2-II-4-8
3379670021767;M2-II-4-8
3379670021798;M2-II-4-8
3379670023075;M2-II-4-8
3379671130284;M2-II-4-8
3379671130376;M2-II-4-8
3379671162346;M2-II-4-8
3660992012152;M2-II-4-8
3660992012169;M2-II-4-8
3038352880206;M2-II-4-9
3038352880305;M2-II-4-9
3038352881005;M2-II-4-9
3038352910200;M2-II-4-9
3038353910803;M2-II-4-9
3038353911909;M2-II-4-9
3038353912203;M2-II-4-9
3038353912500;M2-II-4-9
3038353912708;M2-II-4-9
3038353920109;M2-II-4-9
3162150030720;M2-II-4-9
3162150030744;M2-II-4-9
3162150031000;M2-II-4-9
3256220071482;M2-II-4-9
3256223709368;M2-II-4-9
3256225428779;M2-II-4-9
3256225428861;M2-II-4-9
3256225428878;M2-II-4-9
3256225717477;M2-II-4-9
3256226091910;M2-II-4-9
3256228441287;M2-II-4-9
3256228649195;M2-II-4-9
3256228649232;M2-II-4-9
3256229033078;M2-II-4-9
3256229771390;M2-II-4-9
3256229771406;M2-II-4-9
3256229771413;M2-II-4-9
3256229771420;M2-II-4-9
3261055953179;M2-II-4-9
3261055954961;M2-II-4-9
3261055954985;M2-II-4-9
3375644008574;M2-II-4-9
3375644009755;M2-II-4-9
3375644009762;M2-II-4-9
3375644009793;M2-II-4-9
3375644009861;M2-II-4-9
3375644009878;M2-II-4-9
3375644009892;M2-II-4-9
3375644009908;M2-II-4-9
3375644009953;M2-II-4-9
3375644009984;M2-II-4-9
3375644010355;M2-II-4-9
3379670021859;M2-II-4-9
3379670021941;M2-II-4-9
3379670021972;M2-II-4-9
3036811362317;M2-II-5-1
3036811367824;M2-II-5-1
3036811367848;M2-II-5-1
3036811367886;M2-II-5-1
3036815435512;M2-II-5-1
3036815435529;M2-II-5-1
3036815463126;M2-II-5-1
7613033687884;M2-II-5-1
7613033687914;M2-II-5-1
7613033687983;M2-II-5-1
7613035781627;M2-II-5-1
3036810070176;M2-II-5-10
3036810350032;M2-II-5-10
3036811358112;M2-II-5-10
3036811363147;M2-II-5-10
3036811365585;M2-II-5-10
3036811365615;M2-II-5-10
3036811365974;M2-II-5-10
3036811367978;M2-II-5-10
3036811537807;M2-II-5-10
3036812020667;M2-II-5-10
3036812020681;M2-II-5-10
3036812020704;M2-II-5-10
3036812100109;M2-II-5-10
3036812100147;M2-II-5-10
3036812100154;M2-II-5-10
3036812100161;M2-II-5-10
3036812100178;M2-II-5-10
3036815424387;M2-II-5-10
3036815424394;M2-II-5-10
3036815424417;M2-II-5-10
3036815424424;M2-II-5-10
3036815425520;M2-II-5-10
3036815436946;M2-II-5-10
3036815437165;M2-II-5-10
3036815437189;M2-II-5-10
3036815437370;M2-II-5-10
3036815437387;M2-II-5-10
3036815446198;M2-II-5-10
3036815458955;M2-II-5-10
3036815458962;M2-II-5-10
3036815459020;M2-II-5-10
3036855424408;M2-II-5-10
3185200001327;M2-II-5-10
3185200001358;M2-II-5-10
3185200001556;M2-II-5-10
3185200001563;M2-II-5-10
3185201517025;M2-II-5-10
3256220360531;M2-II-5-10
3256220360548;M2-II-5-10
3256221310603;M2-II-5-10
3256221659290;M2-II-5-10
3256228946454;M2-II-5-10
3256228946485;M2-II-5-10
3256228946492;M2-II-5-10
3256228946515;M2-II-5-10
3256228946539;M2-II-5-10
3256228946546;M2-II-5-10
3256228956552;M2-II-5-10
3256228956576;M2-II-5-10
3256228957795;M2-II-5-10
3256228976062;M2-II-5-10
3256228976079;M2-II-5-10
8710908954498;M2-II-5-10
8712100567360;M2-II-5-10
8712566213757;M2-II-5-10
8712566429271;M2-II-5-10
8714100744345;M2-II-5-10
8720182681904;M2-II-5-10
8720182681911;M2-II-5-10
8722700166641;M2-II-5-10
3011360006042;M2-II-5-11
3011360006233;M2-II-5-11
3011360006301;M2-II-5-11
3011360007438;M2-II-5-11
3011360023995;M2-II-5-11
3011360083302;M2-II-5-11
7613037067477;M2-II-5-11
7613037067507;M2-II-5-11
7613037067538;M2-II-5-11
8445290753717;M2-II-5-11
8445290753755;M2-II-5-11
8445290753793;M2-II-5-11
8445290753922;M2-II-5-11
8445290754004;M2-II-5-11
8445290754530;M2-II-5-11
8445290754561;M2-II-5-11
8445290754592;M2-II-5-11
8445290754622;M2-II-5-11
8445290851451;M2-II-5-11
8445290851482;M2-II-5-11
8445290851659;M2-II-5-11
8445290867315;M2-II-5-11
8445291919433;M2-II-5-11
8445291934498;M2-II-5-11
8710908942310;M2-II-5-11
8718114807898;M2-II-5-11
8718114807980;M2-II-5-11
8718114808185;M2-II-5-11
8718114823065;M2-II-5-11
8718114825199;M2-II-5-11
8718114825311;M2-II-5-11
8718114833354;M2-II-5-11
8720182428271;M2-II-5-11
8720182428288;M2-II-5-11
8720182691835;M2-II-5-11
8720182694836;M2-II-5-11
8720182884961;M2-II-5-11
8720182916631;M2-II-5-11
8720182919823;M2-II-5-11
8720182920225;M2-II-5-11
8720182920508;M2-II-5-11
8720182921819;M2-II-5-11
8720182921840;M2-II-5-11
8720182945211;M2-II-5-11
8722700027775;M2-II-5-11
3256221436693;M2-II-5-2
3256221462531;M2-II-5-2
3368951768996;M2-II-5-2
3660992021994;M2-II-5-2
3760381260420;M2-II-5-2
3760381260451;M2-II-5-2
3760381260543;M2-II-5-2
3760381260574;M2-II-5-2
3760381260635;M2-II-5-2
3760381260666;M2-II-5-2
3760381260819;M2-II-5-2
3760381260871;M2-II-5-2
3760381261021;M2-II-5-2
3760381261052;M2-II-5-2
3760381261465;M2-II-5-2
3760381262196;M2-II-5-2
3760381262202;M2-II-5-2
3168930168287;M2-II-5-3
3168930171812;M2-II-5-3
3168930174738;M2-II-5-3
3256221011524;M2-II-5-3
3256221135305;M2-II-5-3
3256221661712;M2-II-5-3
3256226090463;M2-II-5-3
3256227760143;M2-II-5-3
3256229222717;M2-II-5-3
3336971407263;M2-II-5-3
3336971803089;M2-II-5-3
3497911124159;M2-II-5-3
3497911223159;M2-II-5-3
3770006250026;M2-II-5-3
3256228428301;M2-II-5-4
3256228436832;M2-II-5-4
3256228963956;M2-II-5-4
3256228963987;M2-II-5-4
3256229529243;M2-II-5-4
3336971410027;M2-II-5-4
3497911102126;M2-II-5-4
3497911123350;M2-II-5-4
3497917000778;M2-II-5-4
3497917000792;M2-II-5-4
3497917000914;M2-II-5-4
3497917000938;M2-II-5-4
3497917000990;M2-II-5-4
3497917001621;M2-II-5-4
3497917001911;M2-II-5-4
3497917001928;M2-II-5-4
3497917002161;M2-II-5-4
3497917002352;M2-II-5-4
3497917002451;M2-II-5-4
3497917002475;M2-II-5-4
3497917003564;M2-II-5-4
3497917003595;M2-II-5-4
3497917003618;M2-II-5-4
3497917003694;M2-II-5-4
3497917003847;M2-II-5-4
3770008409934;M2-II-5-4
3770024521016;M2-II-5-4
5000237138069;M2-II-5-4
5060042641000;M2-II-5-4
5060042641406;M2-II-5-4
5060042641413;M2-II-5-4
5060042641420;M2-II-5-4
5060042641437;M2-II-5-4
3168930167921;M2-II-5-5
3168930174554;M2-II-5-5
3168930175124;M2-II-5-5
3168930175186;M2-II-5-5
3168930175322;M2-II-5-5
3168930177647;M2-II-5-5
3336972103058;M2-II-5-5
3497911101129;M2-II-5-5
3497911105127;M2-II-5-5
3497917000303;M2-II-5-5
3497917000518;M2-II-5-5
3497917000907;M2-II-5-5
3497917001263;M2-II-5-5
3497917002741;M2-II-5-5
3497917002789;M2-II-5-5
3497917003151;M2-II-5-5
3497917003168;M2-II-5-5
3497917003380;M2-II-5-5
3497917003540;M2-II-5-5
3497917003588;M2-II-5-5
3497917003830;M2-II-5-5
3497917003854;M2-II-5-5
3168930167983;M2-II-5-6
3168930168133;M2-II-5-6
3256220179195;M2-II-5-6
3256220179294;M2-II-5-6
3256220363310;M2-II-5-6
3256220363341;M2-II-5-6
3256221011432;M2-II-5-6
3256221135299;M2-II-5-6
3256224798781;M2-II-5-6
3256225059935;M2-II-5-6
3256225059942;M2-II-5-6
3256225059973;M2-II-5-6
3256225059980;M2-II-5-6
3256228428455;M2-II-5-6
3256229533370;M2-II-5-6
3336972103072;M2-II-5-6
3336972109012;M2-II-5-6
3336972204021;M2-II-5-6
3336972307012;M2-II-5-6
3336972307029;M2-II-5-6
3336972307043;M2-II-5-6
3336972405015;M2-II-5-6
3497911219251;M2-II-5-6
3168930002987;M2-II-5-7
3168930168195;M2-II-5-7
3168930171683;M2-II-5-7
3168930171737;M2-II-5-7
3256220031509;M2-II-5-7
3256220267090;M2-II-5-7
3256229529120;M2-II-5-7
3256229529205;M2-II-5-7
3336971110170;M2-II-5-7
3336971209164;M2-II-5-7
3336971209249;M2-II-5-7
3336971309178;M2-II-5-7
3336972006014;M2-II-5-7
3497917000037;M2-II-5-7
3497917000075;M2-II-5-7
3497917000136;M2-II-5-7
3660992020447;M2-II-5-7
3036811366315;M2-II-5-8
3036811366322;M2-II-5-8
3036811366339;M2-II-5-8
3036811366346;M2-II-5-8
3036811366445;M2-II-5-8
3036811366568;M2-II-5-8
3036811366957;M2-II-5-8
3036811366988;M2-II-5-8
3036811367008;M2-II-5-8
3036811367640;M2-II-5-8
3036811367664;M2-II-5-8
3036811367732;M2-II-5-8
3036811367749;M2-II-5-8
3036811367992;M2-II-5-8
3036811368005;M2-II-5-8
3036811368272;M2-II-5-8
3036815425513;M2-II-5-8
3036815425537;M2-II-5-8
3036815425544;M2-II-5-8
3036815425803;M2-II-5-8
3036815425810;M2-II-5-8
3036815431149;M2-II-5-8
3036815431156;M2-II-5-8
3036815432320;M2-II-5-8
3036815432337;M2-II-5-8
3256220514552;M2-II-5-8
3256220514576;M2-II-5-8
3256220514606;M2-II-5-8
3256221371093;M2-II-5-8
3256221371116;M2-II-5-8
3256222246086;M2-II-5-8
3256222252780;M2-II-5-8
3256222252797;M2-II-5-8
3256223057513;M2-II-5-8
3256224952190;M2-II-5-8
3256224952817;M2-II-5-8
3256224952893;M2-II-5-8
3256225124466;M2-II-5-8
3256225147670;M2-II-5-8
3256225147700;M2-II-5-8
3256228433633;M2-II-5-8
3256228946461;M2-II-5-8
3256228946522;M2-II-5-8
3256228956583;M2-II-5-8
3256228957788;M2-II-5-8
3256228957801;M2-II-5-8
3274930000394;M2-II-5-8
3274930000400;M2-II-5-8
3274930000431;M2-II-5-8
3274930001148;M2-II-5-8
3274930001568;M2-II-5-8
3274935000306;M2-II-5-8
8710908953767;M2-II-5-8
8710908960956;M2-II-5-8
8710908961045;M2-II-5-8
8710908961236;M2-II-5-8
8710908962080;M2-II-5-8
8712566463862;M2-II-5-8
8714100762677;M2-II-5-8
8714100769409;M2-II-5-8
8714100769966;M2-II-5-8
8720182648037;M2-II-5-8
8720182648044;M2-II-5-8
3036810350278;M2-II-5-9
3036811358846;M2-II-5-9
3036811362263;M2-II-5-9
3036811363161;M2-II-5-9
3036811365592;M2-II-5-9
3036811367763;M2-II-5-9
3036811367787;M2-II-5-9
3036811367985;M2-II-5-9
3036811368029;M2-II-5-9
3036811368258;M2-II-5-9
3036811460259;M2-II-5-9
3036811460266;M2-II-5-9
3036811460280;M2-II-5-9
3036811460365;M2-II-5-9
3036811460372;M2-II-5-9
3036811460396;M2-II-5-9
3036811460419;M2-II-5-9
3036811460426;M2-II-5-9
3036811460433;M2-II-5-9
3036815461337;M2-II-5-9
3256221310542;M2-II-5-9
3256221310641;M2-II-5-9
3256221668025;M2-II-5-9
3256221668032;M2-II-5-9
3256222246079;M2-II-5-9
3256223057506;M2-II-5-9
3256223057537;M2-II-5-9
3256225727650;M2-II-5-9
3256228946478;M2-II-5-9
3256228957771;M2-II-5-9
3256477017028;M2-II-5-9
3269660000011;M2-II-5-9
3274930001124;M2-II-5-9
3274935000405;M2-II-5-9
3274935203011;M2-II-5-9
3274935203028;M2-II-5-9
3274935203035;M2-II-5-9
3274935203042;M2-II-5-9
3274935300130;M2-II-5-9
3368959930456;M2-II-5-9
3660992020799;M2-II-5-9
3660992020805;M2-II-5-9
3700749302157;M2-II-5-9
3700749302171;M2-II-5-9
8710908948282;M2-II-5-9
8710908961298;M2-II-5-9
8711200330775;M2-II-5-9
8711200350230;M2-II-5-9
8711200350377;M2-II-5-9
8712100368349;M2-II-5-9
8712100760273;M2-II-5-9
8714100766576;M2-II-5-9
8714100769362;M2-II-5-9
8720182681898;M2-II-5-9
3039820502354;M2-II-6-1
3039820510250;M2-II-6-1
3039820558269;M2-II-6-1
3039820582257;M2-II-6-1
3256220280167;M2-II-6-1
3256220368001;M2-II-6-1
3256220659116;M2-II-6-1
3256220659123;M2-II-6-1
3256220659130;M2-II-6-1
3256220659147;M2-II-6-1
3256220663212;M2-II-6-1
3256220663229;M2-II-6-1
3256221408515;M2-II-6-1
3256222823843;M2-II-6-1
3256223662106;M2-II-6-1
3256223662113;M2-II-6-1
3256223686430;M2-II-6-1
3256225037704;M2-II-6-1
3256225436293;M2-II-6-1
3256226398644;M2-II-6-1
3256227443480;M2-II-6-1
3256227769146;M2-II-6-1
3256227769153;M2-II-6-1
3368950243807;M2-II-6-1
3487400004451;M2-II-6-1
3600900011037;M2-II-6-1
3600900020497;M2-II-6-1
3600900021586;M2-II-6-1
3600900021883;M2-II-6-1
3600900021890;M2-II-6-1
3600900022200;M2-II-6-1
3600900022958;M2-II-6-1
3600900023191;M2-II-6-1
3760205350030;M2-II-6-1
3760205350191;M2-II-6-1
3760341070311;M2-II-6-1
3256220122108;M2-II-6-10
3256220126267;M2-II-6-10
3256220298896;M2-II-6-10
3256221111613;M2-II-6-10
3256221111637;M2-II-6-10
3256221111651;M2-II-6-10
3256221111675;M2-II-6-10
3256221111767;M2-II-6-10
3256221111774;M2-II-6-10
3256221111781;M2-II-6-10
3256221111798;M2-II-6-10
3256221111941;M2-II-6-10
3256221111958;M2-II-6-10
3256221135398;M2-II-6-10
3256221135411;M2-II-6-10
3256221135428;M2-II-6-10
3256221135435;M2-II-6-10
3256221135442;M2-II-6-10
3256227108358;M2-II-6-10
3256228665966;M2-II-6-10
3660992011919;M2-II-6-10
3660992011926;M2-II-6-10
3660992011933;M2-II-6-10
3038350013002;M2-II-6-11
3038350013101;M2-II-6-11
3038350013200;M2-II-6-11
3038350013507;M2-II-6-11
3038350013606;M2-II-6-11
3038350013804;M2-II-6-11
3038350014504;M2-II-6-11
3038350014603;M2-II-6-11
3038350014801;M2-II-6-11
3038350015006;M2-II-6-11
3038350023001;M2-II-6-11
3038350023100;M2-II-6-11
3038350023605;M2-II-6-11
3038350025005;M2-II-6-11
3038350054203;M2-II-6-11
3038350103604;M2-II-6-11
3038350194909;M2-II-6-11
3038350205001;M2-II-6-11
3038350208613;M2-II-6-11
3038350250803;M2-II-6-11
3038350254108;M2-II-6-11
3038350259806;M2-II-6-11
3038350263605;M2-II-6-11
3038350269805;M2-II-6-11
3038351040809;M2-II-6-11
3038359006876;M2-II-6-11
3038359006883;M2-II-6-11
3038359006890;M2-II-6-11
3038359012341;M2-II-6-11
3038359911569;M2-II-6-11
3038359912900;M2-II-6-11
3038352597609;M2-II-6-2
3038359011368;M2-II-6-2
3038359011528;M2-II-6-2
3038359912238;M2-II-6-2
3165440002919;M2-II-6-2
3165440002926;M2-II-6-2
3165440003015;M2-II-6-2
3165440006702;M2-II-6-2
3165440008621;M2-II-6-2
3165440008782;M2-II-6-2
3165440008935;M2-II-6-2
3223920630134;M2-II-6-2
3223920700127;M2-II-6-2
3223920710133;M2-II-6-2
3256220061117;M2-II-6-2
3256220360180;M2-II-6-2
3256220368018;M2-II-6-2
3256221011302;M2-II-6-2
3256221011319;M2-II-6-2
3256223685877;M2-II-6-2
3256226092009;M2-II-6-2
3487400004437;M2-II-6-2
3600900005159;M2-II-6-2
3600900006972;M2-II-6-2
3600900010580;M2-II-6-2
3600900020091;M2-II-6-2
3600900020985;M2-II-6-2
3600900022828;M2-II-6-2
3600900023016;M2-II-6-2
3660992011865;M2-II-6-2
3256220065382;M2-II-6-3
3256220071369;M2-II-6-3
3256221112061;M2-II-6-3
3256221211894;M2-II-6-3
3256221211917;M2-II-6-3
3256221212426;M2-II-6-3
3256221212457;M2-II-6-3
3256226057213;M2-II-6-3
3256226057220;M2-II-6-3
3256227752513;M2-II-6-3
3256229536210;M2-II-6-3
3256229536234;M2-II-6-3
3760341070045;M2-II-6-3
3760341070052;M2-II-6-3
3760341070076;M2-II-6-3
3760341070328;M2-II-6-3
3760341070335;M2-II-6-3
5410673007995;M2-II-6-3
5410673008053;M2-II-6-3
5410673008084;M2-II-6-3
5410673008091;M2-II-6-3
5410673008114;M2-II-6-3
8001420011388;M2-II-6-3
3038359009044;M2-II-6-4
3039820311222;M2-II-6-4
3039820412226;M2-II-6-4
3256220071376;M2-II-6-4
3256220280174;M2-II-6-4
3256220367981;M2-II-6-4
3256220658300;M2-II-6-4
3256221212433;M2-II-6-4
3256221212464;M2-II-6-4
3256221671964;M2-II-6-4
3256223378502;M2-II-6-4
3256223378519;M2-II-6-4
3256223686362;M2-II-6-4
3256227767104;M2-II-6-4
3256228341075;M2-II-6-4
3256228341105;M2-II-6-4
3256228341686;M2-II-6-4
3256229536227;M2-II-6-4
3660992011872;M2-II-6-4
3660992011896;M2-II-6-4
3760341070144;M2-II-6-4
3760341070472;M2-II-6-4
3760341070489;M2-II-6-4
3760341070533;M2-II-6-4
3760341070540;M2-II-6-4
3760341070557;M2-II-6-4
3760341070564;M2-II-6-4
3760341070731;M2-II-6-4
3760341070748;M2-II-6-4
3760341070823;M2-II-6-4
3760341070830;M2-II-6-4
5410673008015;M2-II-6-4
8001420002782;M2-II-6-4
8001420003406;M2-II-6-4
8001420003413;M2-II-6-4
8001420012200;M2-II-6-4
8001420012453;M2-II-6-4
8032542749774;M2-II-6-4
8053259933812;M2-II-6-4
8720182907608;M2-II-6-4
8720182907615;M2-II-6-4
8720182907646;M2-II-6-4
8720182907653;M2-II-6-4
3038350010100;M2-II-6-5
3038350010209;M2-II-6-5
3038350010308;M2-II-6-5
3038350011701;M2-II-6-5
3038350021304;M2-II-6-5
3038353020106;M2-II-6-5
3038353020403;M2-II-6-5
3256220280099;M2-II-6-5
3256220280105;M2-II-6-5
3256220280112;M2-II-6-5
3256220368032;M2-II-6-5
3256220666527;M2-II-6-5
3256220666534;M2-II-6-5
3256221111606;M2-II-6-5
3256221111804;M2-II-6-5
3256221132557;M2-II-6-5
3256221135381;M2-II-6-5
3256223366707;M2-II-6-5
3256226107642;M2-II-6-5
3256226107680;M2-II-6-5
3256228360960;M2-II-6-5
3256228361332;M2-II-6-5
3256228430892;M2-II-6-5
3256228436351;M2-II-6-5
3256228673039;M2-II-6-5
8076800376999;M2-II-6-5
8076809524452;M2-II-6-5
8076809529433;M2-II-6-5
8076809578363;M2-II-6-5
8076809578998;M2-II-6-5
3256221135374;M2-II-6-6
3256228673640;M2-II-6-6
3256228673657;M2-II-6-6
8008343200660;M2-II-6-6
8008343201179;M2-II-6-6
3038350330802;M2-II-6-7
3038350333001;M2-II-6-7
3038350335005;M2-II-6-7
3038350339706;M2-II-6-7
3038350343109;M2-II-6-7
3038350345004;M2-II-6-7
3038359913242;M2-II-6-7
3038359913259;M2-II-6-7
3038359913266;M2-II-6-7
3038359913273;M2-II-6-7
3038359913280;M2-II-6-7
3256228830722;M2-II-6-7
3256228830739;M2-II-6-7
3256228830746;M2-II-6-7
3256228933485;M2-II-6-7
3368955782844;M2-II-6-7
3368959941612;M2-II-6-7
3368959941629;M2-II-6-7
8076809585200;M2-II-6-7
8076809585217;M2-II-6-7
8076809585224;M2-II-6-7
8076809585385;M2-II-6-7
8076809585408;M2-II-6-7
3038350333100;M2-II-6-8
3038350333605;M2-II-6-8
3038350339805;M2-II-6-8
3038350343000;M2-II-6-8
3038350343604;M2-II-6-8
3038359007378;M2-II-6-8
3073190000669;M2-II-6-8
3073190000676;M2-II-6-8
3073190101014;M2-II-6-8
3073190101069;M2-II-6-8
3073190101229;M2-II-6-8
3073190101236;M2-II-6-8
3073190101250;M2-II-6-8
3073190101267;M2-II-6-8
3073190102233;M2-II-6-8
3256220298902;M2-II-6-8
3256220298919;M2-II-6-8
3256220299053;M2-II-6-8
3256225720149;M2-II-6-8
3256225720156;M2-II-6-8
3256225720163;M2-II-6-8
3256225720170;M2-II-6-8
3256225720187;M2-II-6-8
3660861002956;M2-II-6-8
3660861021490;M2-II-6-8
3660861025658;M2-II-6-8
3660861027645;M2-II-6-8
3660861900092;M2-II-6-8
3660861906490;M2-II-6-8
3660861906520;M2-II-6-8
3660861906582;M2-II-6-8
3660861908302;M2-II-6-8
3660861909613;M2-II-6-8
3660861909651;M2-II-6-8
8076800000061;M2-II-6-9
8076800105056;M2-II-6-9
8076800105735;M2-II-6-9
8076800195019;M2-II-6-9
8076800195033;M2-II-6-9
8076800195057;M2-II-6-9
8076802085738;M2-II-6-9
8076802085912;M2-II-6-9
8076802085936;M2-II-6-9
8076802085981;M2-II-6-9
8076808140325;M2-II-6-9
8076808150072;M2-II-6-9
8076809512268;M2-II-6-9
8076809514439;M2-II-6-9
8076809519977;M2-II-6-9
8076809521581;M2-II-6-9
8076809523509;M2-II-6-9
8076809523523;M2-II-6-9
8076809523714;M2-II-6-9
8076809537711;M2-II-6-9
8076809541305;M2-II-6-9
8076809574631;M2-II-6-9
8076809579100;M2-II-6-9
8076809579438;M2-II-6-9
8076809581851;M2-II-6-9
8076809583367;M2-II-6-9
8076809585545;M2-II-6-9
3166296653478;M2-II-7-1
3166296653508;M2-II-7-1
3183280000360;M2-II-7-1
3183280000544;M2-II-7-1
3183280000650;M2-II-7-1
3183280000728;M2-II-7-1
3183280000964;M2-II-7-1
3183280001022;M2-II-7-1
3183280001800;M2-II-7-1
3183280008144;M2-II-7-1
3183280009493;M2-II-7-1
3183280012066;M2-II-7-1
3183280012578;M2-II-7-1
3183280012837;M2-II-7-1
3183280012875;M2-II-7-1
3183280017559;M2-II-7-1
3183280020238;M2-II-7-1
3183280025332;M2-II-7-1
3183280029439;M2-II-7-1
3183280033269;M2-II-7-1
3183280033290;M2-II-7-1
3256228924810;M2-II-7-1
3261840000033;M2-II-7-1
3261840000132;M2-II-7-1
3346901100010;M2-II-7-1
3346902012558;M2-II-7-1
3346903025052;M2-II-7-1
3354590001013;M2-II-7-1
3368953964198;M2-II-7-1
3368958404163;M2-II-7-1
3445850002144;M2-II-7-1
3445850002151;M2-II-7-1
3445850020339;M2-II-7-1
3445850023057;M2-II-7-1
3445850024023;M2-II-7-1
3445850024108;M2-II-7-1
3445850024207;M2-II-7-1
3445850070051;M2-II-7-1
3445850070259;M2-II-7-1
3445850070709;M2-II-7-1
3445850070716;M2-II-7-1
3445850071041;M2-II-7-1
3445850071294;M2-II-7-1
3445850071607;M2-II-7-1
3445850071669;M2-II-7-1
3445850071911;M2-II-7-1
3445850072079;M2-II-7-1
3445850072147;M2-II-7-1
3445850072154;M2-II-7-1
3445850072161;M2-II-7-1
3445850072581;M2-II-7-1
3544760000162;M2-II-7-1
3544760000889;M2-II-7-1
3544760000988;M2-II-7-1
3544760001398;M2-II-7-1
3544760001978;M2-II-7-1
3544760004290;M2-II-7-1
3544760005013;M2-II-7-1
3544760005068;M2-II-7-1
3544763065007;M2-II-7-1
3544763068008;M2-II-7-1
3544763213002;M2-II-7-1
3558180031712;M2-II-7-1
3660992011728;M2-II-7-1
3660992011735;M2-II-7-1
7610313390076;M2-II-7-1
3245270001884;M2-II-7-10
3245270003765;M2-II-7-10
3256220275026;M2-II-7-10
3256221712056;M2-II-7-10
3256221712254;M2-II-7-10
3256222648774;M2-II-7-10
3256226463557;M2-II-7-10
3256228408211;M2-II-7-10
3256228448774;M2-II-7-10
3259810021560;M2-II-7-10
3265474528000;M2-II-7-10
3265479207009;M2-II-7-10
3265479568001;M2-II-7-10
3336590106561;M2-II-7-10
3368957391945;M2-II-7-10
3368957391952;M2-II-7-10
3368957391969;M2-II-7-10
3660992011667;M2-II-7-10
3660992023479;M2-II-7-10
6191509910380;M2-II-7-10
8410179003498;M2-II-7-10
8410179016375;M2-II-7-10
8410179019802;M2-II-7-10
3210170507026;M2-II-7-11
3256220275033;M2-II-7-11
3256220365307;M2-II-7-11
3256221304718;M2-II-7-11
3256221712223;M2-II-7-11
3256221712230;M2-II-7-11
3256221712261;M2-II-7-11
3256222630076;M2-II-7-11
3256222630083;M2-II-7-11
3256222630090;M2-II-7-11
3256222826257;M2-II-7-11
3256226463380;M2-II-7-11
3256228408235;M2-II-7-11
3265471024086;M2-II-7-11
3265472020056;M2-II-7-11
3265472176005;M2-II-7-11
3265474573000;M2-II-7-11
3265479327011;M2-II-7-11
3265479358008;M2-II-7-11
3336590105267;M2-II-7-11
3660992011629;M2-II-7-11
3660992011636;M2-II-7-11
3660992011643;M2-II-7-11
5410093901347;M2-II-7-11
3017230000059;M2-II-7-2
3017233001008;M2-II-7-2
3017233002005;M2-II-7-2
3017233002012;M2-II-7-2
3017233003019;M2-II-7-2
3017239003723;M2-II-7-2
3017239003860;M2-II-7-2
3017239004188;M2-II-7-2
3017239004829;M2-II-7-2
3017239004911;M2-II-7-2
3017239005031;M2-II-7-2
3017239005154;M2-II-7-2
3017239005178;M2-II-7-2
3017239005185;M2-II-7-2
3076820005188;M2-II-7-2
3076820006192;M2-II-7-2
3076820006208;M2-II-7-2
3076820010366;M2-II-7-2
3076820010373;M2-II-7-2
3104710008152;M2-II-7-2
3165350000999;M2-II-7-2
3166296656370;M2-II-7-2
3217450006323;M2-II-7-2
3217450006330;M2-II-7-2
3256220054379;M2-II-7-2
3256220112208;M2-II-7-2
3256220112215;M2-II-7-2
3256220112222;M2-II-7-2
3256220112239;M2-II-7-2
3256221376487;M2-II-7-2
3256225736249;M2-II-7-2
3256227740060;M2-II-7-2
3256228415448;M2-II-7-2
3256228415455;M2-II-7-2
3256228673558;M2-II-7-2
3256228673695;M2-II-7-2
3256228686671;M2-II-7-2
3256228686688;M2-II-7-2
3256228686695;M2-II-7-2
3256228924841;M2-II-7-2
3256228924865;M2-II-7-2
3256228924896;M2-II-7-2
3256228972187;M2-II-7-2
3256228972194;M2-II-7-2
3256228972248;M2-II-7-2
3256229526938;M2-II-7-2
3425480150460;M2-II-7-2
3425480190015;M2-II-7-2
3425480190022;M2-II-7-2
3425480190039;M2-II-7-2
3425480190046;M2-II-7-2
3425480190053;M2-II-7-2
3425480190060;M2-II-7-2
3660992011742;M2-II-7-2
4012200032947;M2-II-7-2
5200101808528;M2-II-7-2
5200101808542;M2-II-7-2
5200101809389;M2-II-7-2
5410803520004;M2-II-7-2
5410803520080;M2-II-7-2
5410803520097;M2-II-7-2
5410803520165;M2-II-7-2
5410803846005;M2-II-7-2
8001060000988;M2-II-7-2
8001060023604;M2-II-7-2
8711200460786;M2-II-7-2
8711200464302;M2-II-7-2
8720182748461;M2-II-7-2
8720182748744;M2-II-7-2
0011210697003;M2-II-7-3
3036810210275;M2-II-7-3
3036812513350;M2-II-7-3
3104710005564;M2-II-7-3
3104710005571;M2-II-7-3
3104710012128;M2-II-7-3
3104710013675;M2-II-7-3
3166296552191;M2-II-7-3
3166296552207;M2-II-7-3
3166296552214;M2-II-7-3
3217450006217;M2-II-7-3
3217450006224;M2-II-7-3
3256221411003;M2-II-7-3
3256221411010;M2-II-7-3
3256225051793;M2-II-7-3
3256225051809;M2-II-7-3
3256225736423;M2-II-7-3
3256225736430;M2-II-7-3
3256226092689;M2-II-7-3
3256226388683;M2-II-7-3
3256226395469;M2-II-7-3
3256226395476;M2-II-7-3
3256226395506;M2-II-7-3
3256226395513;M2-II-7-3
3256227465444;M2-II-7-3
3256227744334;M2-II-7-3
3256228520227;M2-II-7-3
4012200401019;M2-II-7-3
0000040122250;M2-II-7-3
0000040122274;M2-II-7-3
5410803520035;M2-II-7-3
5410803520189;M2-II-7-3
6194049100105;M2-II-7-3
7702097156006;M2-II-7-3
8410066138906;M2-II-7-3
8410066145423;M2-II-7-3
8710522906453;M2-II-7-3
8712100479243;M2-II-7-3
8712566109067;M2-II-7-3
8712566246496;M2-II-7-3
8712566246526;M2-II-7-3
8712566357390;M2-II-7-3
8712566361601;M2-II-7-3
8712566381340;M2-II-7-3
8714100394489;M2-II-7-3
8714100901410;M2-II-7-3
8714100903506;M2-II-7-3
8714100903544;M2-II-7-3
8715700411286;M2-II-7-3
8720182305930;M2-II-7-3
8720182534378;M2-II-7-3
8720182587213;M2-II-7-3
8720182748492;M2-II-7-3
8720182819796;M2-II-7-3
8721201903168;M2-II-7-3
8722700114703;M2-II-7-3
8722700125174;M2-II-7-3
8722700430889;M2-II-7-3
3112300002756;M2-II-7-4
3250546095238;M2-II-7-4
3250546610271;M2-II-7-4
3256220363099;M2-II-7-4
3256220363105;M2-II-7-4
3256220363112;M2-II-7-4
3256221134759;M2-II-7-4
3256221134766;M2-II-7-4
3256221209440;M2-II-7-4
3256221209457;M2-II-7-4
3256221407839;M2-II-7-4
3256221412055;M2-II-7-4
3256224779476;M2-II-7-4
3256226080815;M2-II-7-4
3256226080822;M2-II-7-4
3256226388690;M2-II-7-4
3256226395490;M2-II-7-4
3256228110565;M2-II-7-4
3256228110572;M2-II-7-4
3256228625069;M2-II-7-4
3256228740014;M2-II-7-4
3256228982179;M2-II-7-4
3256228982209;M2-II-7-4
3660603004651;M2-II-7-4
3660603004729;M2-II-7-4
3660603004736;M2-II-7-4
3660603004774;M2-II-7-4
3660603004828;M2-II-7-4
3660603004842;M2-II-7-4
3660603004897;M2-II-7-4
3660603004927;M2-II-7-4
3660992011759;M2-II-7-4
3760073160304;M2-II-7-4
3760073164005;M2-II-7-4
4012200032107;M2-II-7-4
5000157076052;M2-II-7-4
8711200468522;M2-II-7-4
8712100731822;M2-II-7-4
8714100908068;M2-II-7-4
8714100908082;M2-II-7-4
0000087157154;M2-II-7-4
0000087157741;M2-II-7-4
8718114711515;M2-II-7-4
8720182256645;M2-II-7-4
8720182257307;M2-II-7-4
8720182305558;M2-II-7-4
8720182305565;M2-II-7-4
8720182306456;M2-II-7-4
8720182460042;M2-II-7-4
8720182460721;M2-II-7-4
8720182461247;M2-II-7-4
8720182565662;M2-II-7-4
8721201902130;M2-II-7-4
8721201902376;M2-II-7-4
8722700139201;M2-II-7-4
8722700202387;M2-II-7-4
8722700431237;M2-II-7-4
3011360030474;M2-II-7-5
3011360030498;M2-II-7-5
3011360030504;M2-II-7-5
3011360030511;M2-II-7-5
3104710011831;M2-II-7-5
3165350000821;M2-II-7-5
3165350000838;M2-II-7-5
3165350000845;M2-II-7-5
3165350000852;M2-II-7-5
3245270003888;M2-II-7-5
3250541920139;M2-II-7-5
3256220268035;M2-II-7-5
3256221209433;M2-II-7-5
3256221412017;M2-II-7-5
3256225164240;M2-II-7-5
3256225164332;M2-II-7-5
3256225164356;M2-II-7-5
3256225164394;M2-II-7-5
3256225164400;M2-II-7-5
3256227741791;M2-II-7-5
3256228677709;M2-II-7-5
3258831012267;M2-II-7-5
3660603081843;M2-II-7-5
3660603081850;M2-II-7-5
3660603081867;M2-II-7-5
3660603081904;M2-II-7-5
3660992011780;M2-II-7-5
3760073168546;M2-II-7-5
8710522918647;M2-II-7-5
8710522924327;M2-II-7-5
8711200564798;M2-II-7-5
8712100476662;M2-II-7-5
8712100871429;M2-II-7-5
8712100872273;M2-II-7-5
8712566351022;M2-II-7-5
8718114734484;M2-II-7-5
8720182298553;M2-II-7-5
8720182462046;M2-II-7-5
8720182536280;M2-II-7-5
8720182536297;M2-II-7-5
8720182556738;M2-II-7-5
8720182557315;M2-II-7-5
8720182557452;M2-II-7-5
8720182609984;M2-II-7-5
8720182612618;M2-II-7-5
8720182791719;M2-II-7-5
8721201904592;M2-II-7-5
8721201904844;M2-II-7-5
8722700035022;M2-II-7-5
3215352340095;M2-II-7-6
3256221205879;M2-II-7-6
3256221450385;M2-II-7-6
3256222819754;M2-II-7-6
3256222819785;M2-II-7-6
3256225052615;M2-II-7-6
3256225052622;M2-II-7-6
3256225164363;M2-II-7-6
3256225164387;M2-II-7-6
3256227822889;M2-II-7-6
3265478446003;M2-II-7-6
3660603081980;M2-II-7-6
3660992011773;M2-II-7-6
0000050157617;M2-II-7-6
5410803520059;M2-II-7-6
5900783008062;M2-II-7-6
8005110004650;M2-II-7-6
8005110004674;M2-II-7-6
8005110005558;M2-II-7-6
8410066112845;M2-II-7-6
8410066145713;M2-II-7-6
8710522920725;M2-II-7-6
8710522921500;M2-II-7-6
8710522922002;M2-II-7-6
8710522922019;M2-II-7-6
8711200547982;M2-II-7-6
8711200548002;M2-II-7-6
8711200548033;M2-II-7-6
8712100751370;M2-II-7-6
8712566145003;M2-II-7-6
8715700112596;M2-II-7-6
8715700407760;M2-II-7-6
8715700421353;M2-II-7-6
8715700421957;M2-II-7-6
8715700423913;M2-II-7-6
0000087157215;M2-II-7-6
0000087157277;M2-II-7-6
0000087157635;M2-II-7-6
0000087157857;M2-II-7-6
8720182473813;M2-II-7-6
8720182766342;M2-II-7-6
8720182773692;M2-II-7-6
8720182839008;M2-II-7-6
8722700113348;M2-II-7-6
3013160000626;M2-II-7-7
3013160000657;M2-II-7-7
3013160000695;M2-II-7-7
3013160000800;M2-II-7-7
3013160600024;M2-II-7-7
3013160600031;M2-II-7-7
3036810281176;M2-II-7-7
3036810281183;M2-II-7-7
3256221308198;M2-II-7-7
3256221308204;M2-II-7-7
3256221412185;M2-II-7-7
3256221510140;M2-II-7-7
3256221510201;M2-II-7-7
3256221510218;M2-II-7-7
3256221510225;M2-II-7-7
3256221510287;M2-II-7-7
3256221510300;M2-II-7-7
3256221510324;M2-II-7-7
3256221510331;M2-II-7-7
3256222254227;M2-II-7-7
3256222254234;M2-II-7-7
3256224081609;M2-II-7-7
3256227465420;M2-II-7-7
3256227725494;M2-II-7-7
3256227725500;M2-II-7-7
3256229431850;M2-II-7-7
3256229544987;M2-II-7-7
3265472088001;M2-II-7-7
3265478858004;M2-II-7-7
3265479724001;M2-II-7-7
3660603081911;M2-II-7-7
3660603081935;M2-II-7-7
3660992011704;M2-II-7-7
3660992011711;M2-II-7-7
3660992017669;M2-II-7-7
8009490000196;M2-II-7-7
8009490000547;M2-II-7-7
8009490000561;M2-II-7-7
8711200459926;M2-II-7-7
8711200459995;M2-II-7-7
8711200461004;M2-II-7-7
8711200584383;M2-II-7-7
8714100846155;M2-II-7-7
8714100846179;M2-II-7-7
8718114711775;M2-II-7-7
8720182590626;M2-II-7-7
8721201921698;M2-II-7-7
8721201921896;M2-II-7-7
3036810230341;M2-II-7-8
3036810230440;M2-II-7-8
3036810230464;M2-II-7-8
3036810230860;M2-II-7-8
3165350225224;M2-II-7-8
3165350275069;M2-II-7-8
3165351750060;M2-II-7-8
3165356050066;M2-II-7-8
3182384011012;M2-II-7-8
3182384050981;M2-II-7-8
3245270000733;M2-II-7-8
3245270003819;M2-II-7-8
3250540232677;M2-II-7-8
3256220368056;M2-II-7-8
3256220764261;M2-II-7-8
3256220887922;M2-II-7-8
3256221141535;M2-II-7-8
3256221510027;M2-II-7-8
3256221510058;M2-II-7-8
3256221510072;M2-II-7-8
3256221675559;M2-II-7-8
3256222977904;M2-II-7-8
3256224044130;M2-II-7-8
3256228404671;M2-II-7-8
3256228408242;M2-II-7-8
3368953487642;M2-II-7-8
3368953660090;M2-II-7-8
3368954000925;M2-II-7-8
3368959428021;M2-II-7-8
3660992017621;M2-II-7-8
3760077531469;M2-II-7-8
3760077531506;M2-II-7-8
3760077535993;M2-II-7-8
8005510012057;M2-II-7-8
8712100441608;M2-II-7-8
8712100441639;M2-II-7-8
8712100441660;M2-II-7-8
8720182260550;M2-II-7-8
8722700197508;M2-II-7-8
3178050000725;M2-II-7-9
3245270000726;M2-II-7-9
3245270001426;M2-II-7-9
3245270001488;M2-II-7-9
3245270001495;M2-II-7-9
3245270004540;M2-II-7-9
3256221712155;M2-II-7-9
3256221712162;M2-II-7-9
3256225429073;M2-II-7-9
3256229431775;M2-II-7-9
3256229529083;M2-II-7-9
3256229529090;M2-II-7-9
3265472382000;M2-II-7-9
3265479179009;M2-II-7-9
3336590080748;M2-II-7-9
3336590080809;M2-II-7-9
3353870002689;M2-II-7-9
3353870002702;M2-II-7-9
3353870002726;M2-II-7-9
3353870002740;M2-II-7-9
3353870002757;M2-II-7-9
3353870002764;M2-II-7-9
3353870002771;M2-II-7-9
3660992011674;M2-II-7-9
5200252261586;M2-II-7-9
5200252261593;M2-II-7-9
6191509900688;M2-II-7-9
6191509900862;M2-II-7-9
6191509909933;M2-II-7-9
6191509909940;M2-II-7-9
6191509909957;M2-II-7-9
6191509910700;M2-II-7-9
8005510001525;M2-II-7-9
8005510007961;M2-II-7-9
0000080508816;M2-II-7-9
8410179009391;M2-II-7-9
8410179012230;M2-II-7-9
4027900016357;M2-II-8-1
4027900030797;M2-II-8-1
4027900031992;M2-II-8-1
4027900034351;M2-II-8-1
4027900034375;M2-II-8-1
4027900035433;M2-II-8-1
4027900035884;M2-II-8-1
4027900035921;M2-II-8-1
4027900193164;M2-II-8-1
4027900193195;M2-II-8-1
4027900193232;M2-II-8-1
4027900193515;M2-II-8-1
4027900194383;M2-II-8-1
4027900194666;M2-II-8-1
4027900195366;M2-II-8-1
4027900196165;M2-II-8-1
4027900218607;M2-II-8-1
4027900218867;M2-II-8-1
4027900244385;M2-II-8-1
4027900244507;M2-II-8-1
4027900244637;M2-II-8-1
4027900244736;M2-II-8-1
4027900566081;M2-II-8-1
4027900566104;M2-II-8-1
4027900566135;M2-II-8-1
4027900566210;M2-II-8-1
4027900566227;M2-II-8-1
4027900566234;M2-II-8-1
4027900566241;M2-II-8-1
4027900566265;M2-II-8-1
4027900566272;M2-II-8-1
4027900566289;M2-II-8-1
4027900566777;M2-II-8-1
4027900566784;M2-II-8-1
4027900566791;M2-II-8-1
4027900566920;M2-II-8-1
4027900566937;M2-II-8-1
4027900566944;M2-II-8-1
4027900567019;M2-II-8-1
4027900567026;M2-II-8-1
4027900567033;M2-II-8-1
4027900567064;M2-II-8-1
4027900567071;M2-II-8-1
4027900567088;M2-II-8-1
4027900567095;M2-II-8-1
4027900567101;M2-II-8-1
4027900567118;M2-II-8-1
4027900567125;M2-II-8-1
4027900567132;M2-II-8-1
4027900567156;M2-II-8-1
4027900567163;M2-II-8-1
4027900567170;M2-II-8-1
4027900567187;M2-II-8-1
4027900567194;M2-II-8-1
4027900567200;M2-II-8-1
4027900567217;M2-II-8-1
4027900567224;M2-II-8-1
4027900567231;M2-II-8-1
4027900567248;M2-II-8-1
4027900567255;M2-II-8-1
4027900567262;M2-II-8-1
4027900567279;M2-II-8-1
4027900567286;M2-II-8-1
4027900567293;M2-II-8-1
4027900567309;M2-II-8-1
4027900567316;M2-II-8-1
4027900567323;M2-II-8-1
4027900567330;M2-II-8-1
4027900567347;M2-II-8-1
4027900567354;M2-II-8-1
4027900567378;M2-II-8-1
4027900567439;M2-II-8-1
4027900567453;M2-II-8-1
4027900567477;M2-II-8-1
4027900567484;M2-II-8-1
4027900567491;M2-II-8-1
4027900567514;M2-II-8-1
4027900567521;M2-II-8-1
4027900567538;M2-II-8-1
4027900567545;M2-II-8-1
4027900567569;M2-II-8-1
4027900567576;M2-II-8-1
4027900567583;M2-II-8-1
4027900567590;M2-II-8-1
4027900567606;M2-II-8-1
4027900567613;M2-II-8-1
4027900567620;M2-II-8-1
4027900567651;M2-II-8-1
4027900567668;M2-II-8-1
4027900567675;M2-II-8-1
4027900567699;M2-II-8-1
4027900567712;M2-II-8-1
4027900567729;M2-II-8-1
4027900567736;M2-II-8-1
4027900567743;M2-II-8-1
4027900567750;M2-II-8-1
4027900637101;M2-II-8-1
4027900637149;M2-II-8-1
5941390041486;M2-II-8-1
5941390044722;M2-II-8-1
5941390045026;M2-II-8-1
3166290130029;M2-II-8-2
3166290200104;M2-II-8-2
3166290200173;M2-II-8-2
3166290200180;M2-II-8-2
3166290200197;M2-II-8-2
3166290200302;M2-II-8-2
3166290200500;M2-II-8-2
3166290200616;M2-II-8-2
3166290200647;M2-II-8-2
3166290200678;M2-II-8-2
3166290200821;M2-II-8-2
3166290200852;M2-II-8-2
3166290201040;M2-II-8-2
3166290201088;M2-II-8-2
3166290201347;M2-II-8-2
3166290300033;M2-II-8-2
3166290400610;M2-II-8-2
3166290400801;M2-II-8-2
3166290911161;M2-II-8-2
3166291010023;M2-II-8-2
3166291010610;M2-II-8-2
3166291010801;M2-II-8-2
3166291011112;M2-II-8-2
3166291011167;M2-II-8-2
3166291146708;M2-II-8-2
3166291148801;M2-II-8-2
3166291167901;M2-II-8-2
3166291300995;M2-II-8-2
3166291350990;M2-II-8-2
3166291361149;M2-II-8-2
3166291440004;M2-II-8-2
3166291440400;M2-II-8-2
3166291452007;M2-II-8-2
3166291452106;M2-II-8-2
3166291452304;M2-II-8-2
3166291454704;M2-II-8-2
3166291457507;M2-II-8-2
3166291458405;M2-II-8-2
3166291459402;M2-II-8-2
3166291461900;M2-II-8-2
3166291464901;M2-II-8-2
3166291465007;M2-II-8-2
3166291465205;M2-II-8-2
3166291465403;M2-II-8-2
3166291495608;M2-II-8-2
3166291498203;M2-II-8-2
3166291500807;M2-II-8-2
3166291503402;M2-II-8-2
3166291503600;M2-II-8-2
3166291519007;M2-II-8-2
3166291519304;M2-II-8-2
3166291520805;M2-II-8-2
3166291521802;M2-II-8-2
3166291522106;M2-II-8-2
3166291522205;M2-II-8-2
3166291522502;M2-II-8-2
3166291529303;M2-II-8-2
3166291529501;M2-II-8-2
3166291529600;M2-II-8-2
3166291529709;M2-II-8-2
3166291529808;M2-II-8-2
3166291531306;M2-II-8-2
3166291531405;M2-II-8-2
3166291531603;M2-II-8-2
3166291538909;M2-II-8-2
3166291542951;M2-II-8-2
3166291543200;M2-II-8-2
3166291543262;M2-II-8-2
3166291746014;M2-II-8-2
3166291748155;M2-II-8-2
3166291748346;M2-II-8-2
3166291748384;M2-II-8-2
3166291748469;M2-II-8-2
3166296200207;M2-II-8-2
3166296202966;M2-II-8-2
3166296202973;M2-II-8-2
3166296203093;M2-II-8-2
3166296203116;M2-II-8-2
3166296203444;M2-II-8-2
3166296203451;M2-II-8-2
3166296203468;M2-II-8-2
3166296203482;M2-II-8-2
3166296204267;M2-II-8-2
3166296204274;M2-II-8-2
3166296204922;M2-II-8-2
3166296204939;M2-II-8-2
3166296204946;M2-II-8-2
3166296204953;M2-II-8-2
3166296204960;M2-II-8-2
3166296204977;M2-II-8-2
3166296205509;M2-II-8-2
3166296205516;M2-II-8-2
3166296205523;M2-II-8-2
3166296208869;M2-II-8-2
3166296208883;M2-II-8-2
3166296209149;M2-II-8-2
3166296210039;M2-II-8-2
3166296210053;M2-II-8-2
3166296210077;M2-II-8-2
3166296210091;M2-II-8-2
3166296210107;M2-II-8-2
3166296210121;M2-II-8-2
3166296210138;M2-II-8-2
3166296210169;M2-II-8-2
3166296210671;M2-II-8-2
3166296210879;M2-II-8-2
3166296211067;M2-II-8-2
3166296212224;M2-II-8-2
3166296212385;M2-II-8-2
3166296300136;M2-II-8-2
3166296300228;M2-II-8-2
3166296400140;M2-II-8-2
3166296400188;M2-II-8-2
3166296400300;M2-II-8-2
3166296455058;M2-II-8-2
3166296455478;M2-II-8-2
3166296455485;M2-II-8-2
3166296455492;M2-II-8-2
3166296459322;M2-II-8-2
3166296550371;M2-II-8-2
3166296550432;M2-II-8-2
3166296552139;M2-II-8-2
3166296552337;M2-II-8-2
3166296552351;M2-II-8-2
3166296552375;M2-II-8-2
3166296552382;M2-II-8-2
3166296552429;M2-II-8-2
3166296553075;M2-II-8-2
3166296553198;M2-II-8-2
3166296553228;M2-II-8-2
3166296555017;M2-II-8-2
3166296555031;M2-II-8-2
3166296555048;M2-II-8-2
3166296555055;M2-II-8-2
3166296555130;M2-II-8-2
3166296555307;M2-II-8-2
3166296555314;M2-II-8-2
3166296555321;M2-II-8-2
3166296555338;M2-II-8-2
3166296555345;M2-II-8-2
3166296600397;M2-II-8-2
3166296600434;M2-II-8-2
3166296650507;M2-II-8-2
3166296652112;M2-II-8-2
3166296652198;M2-II-8-2
3166296652204;M2-II-8-2
3166296652211;M2-II-8-2
3166296652471;M2-II-8-2
3166296653119;M2-II-8-2
3166296653218;M2-II-8-2
3166296655458;M2-II-8-2
3166296656363;M2-II-8-2
3166296656707;M2-II-8-2
3166296656714;M2-II-8-2
3166296656721;M2-II-8-2
3256225437023;M2-II-8-3
3256225437030;M2-II-8-3
3256225437054;M2-II-8-3
3256225437061;M2-II-8-3
3256225437078;M2-II-8-3
3256225472611;M2-II-8-3
3256225472635;M2-II-8-3
3256225472871;M2-II-8-3
3256225472895;M2-II-8-3
3256225472925;M2-II-8-3
3256225472932;M2-II-8-3
3256225472949;M2-II-8-3
3256225472956;M2-II-8-3
3256225472963;M2-II-8-3
3256225472970;M2-II-8-3
3256225472987;M2-II-8-3
3256225472994;M2-II-8-3
3256225473014;M2-II-8-3
3256225475155;M2-II-8-3
3256225475179;M2-II-8-3
3256225475261;M2-II-8-3
3256225475308;M2-II-8-3
3256226398675;M2-II-8-3
3256226398699;M2-II-8-3
3256226398736;M2-II-8-3
3256226398743;M2-II-8-3
3256226398767;M2-II-8-3
3256228099594;M2-II-8-3
3256228099600;M2-II-8-3
3256228099624;M2-II-8-3
3256228099662;M2-II-8-3
3256228099709;M2-II-8-3
3256228099747;M2-II-8-3
3256228099976;M2-II-8-3
3256228100016;M2-II-8-3
3256228100030;M2-II-8-3
3256228100054;M2-II-8-3
3256228100078;M2-II-8-3
3256228100085;M2-II-8-3
3256228100108;M2-II-8-3
3256228100115;M2-II-8-3
3256228100139;M2-II-8-3
3256228100146;M2-II-8-3
3256228100177;M2-II-8-3
3256228100191;M2-II-8-3
3256228100207;M2-II-8-3
3256228938770;M2-II-8-3
3256228938787;M2-II-8-3
3256228938800;M2-II-8-3
3353870000012;M2-II-8-3
3353870001460;M2-II-8-3
3353870001477;M2-II-8-3
3353870001491;M2-II-8-3
3353870001507;M2-II-8-3
3353870001521;M2-II-8-3
3353870001538;M2-II-8-3
3353870001545;M2-II-8-3
4007747003895;M2-II-8-3
4007747271140;M2-II-8-3
4007747271164;M2-II-8-3
4007747271188;M2-II-8-3
4007747271195;M2-II-8-3
4007747271232;M2-II-8-3
4007747271249;M2-II-8-3
4007747271256;M2-II-8-3
3011360007254;M2-II-8-4
3011360011657;M2-II-8-4
3033710084005;M2-II-8-4
3215470516471;M2-II-8-4
3250541913629;M2-II-8-4
3250541913636;M2-II-8-4
3250541913643;M2-II-8-4
3256220878968;M2-II-8-4
3256220878982;M2-II-8-4
3256220878999;M2-II-8-4
3256225451678;M2-II-8-4
3256226399672;M2-II-8-4
3256227447891;M2-II-8-4
3256227447907;M2-II-8-4
3256227447914;M2-II-8-4
3256227447921;M2-II-8-4
3256227447938;M2-II-8-4
3256227447945;M2-II-8-4
3256228961426;M2-II-8-4
3256228961433;M2-II-8-4
3256228961440;M2-II-8-4
3256228961457;M2-II-8-4
3256229273436;M2-II-8-4
0000042421825;M2-II-8-4
7613030811725;M2-II-8-4
7613030811756;M2-II-8-4
7613032915735;M2-II-8-4
7613032946142;M2-II-8-4
7613033132599;M2-II-8-4
7613033404320;M2-II-8-4
7613033404344;M2-II-8-4
7613033486005;M2-II-8-4
7613033486029;M2-II-8-4
7613033918643;M2-II-8-4
7613035037250;M2-II-8-4
7613039829264;M2-II-8-4
7613039830079;M2-II-8-4
7613039830727;M2-II-8-4
7613039830864;M2-II-8-4
7613039831014;M2-II-8-4
7613039832417;M2-II-8-4
7613039839348;M2-II-8-4
8445291939882;M2-II-8-4
8445291945531;M2-II-8-4
8585002442499;M2-II-8-4
8585002484055;M2-II-8-4
8585002484079;M2-II-8-4
8712100630040;M2-II-8-4
8720182333247;M2-II-8-4
8720182595959;M2-II-8-4
8721201915550;M2-II-8-4
8721201966583;M2-II-8-4
8722700056874;M2-II-8-4
3011360000767;M2-II-8-5
3011360001252;M2-II-8-5
3011360002884;M2-II-8-5
3011360005557;M2-II-8-5
3011360031853;M2-II-8-5
3011360031914;M2-II-8-5
3011360031938;M2-II-8-5
3033710083107;M2-II-8-5
3033710083626;M2-II-8-5
3033710084913;M2-II-8-5
3033710085095;M2-II-8-5
3034450001123;M2-II-8-5
3256225451081;M2-II-8-5
3256225451098;M2-II-8-5
3256225451128;M2-II-8-5
3256225451272;M2-II-8-5
3256225451296;M2-II-8-5
3256225451449;M2-II-8-5
3256225451456;M2-II-8-5
3256229122246;M2-II-8-5
7613032394547;M2-II-8-5
7613032397623;M2-II-8-5
7613032847449;M2-II-8-5
7613034678515;M2-II-8-5
7613035067585;M2-II-8-5
7613035645585;M2-II-8-5
7613035862265;M2-II-8-5
7613035952331;M2-II-8-5
7613036400411;M2-II-8-5
7613036400640;M2-II-8-5
7613036400671;M2-II-8-5
7613036749985;M2-II-8-5
7613036750011;M2-II-8-5
7613036891530;M2-II-8-5
8445290866752;M2-II-8-5
8445290866783;M2-II-8-5
8585002438874;M2-II-8-5
8585002441263;M2-II-8-5
8585002442659;M2-II-8-5
8585002444233;M2-II-8-5
8585002444257;M2-II-8-5
8585002444271;M2-II-8-5
8585002484093;M2-II-8-5
8711200339495;M2-II-8-5
8712100423147;M2-II-8-5
8712566432127;M2-II-8-5
8714100880128;M2-II-8-5
8714100880142;M2-II-8-5
8720182332967;M2-II-8-5
8720182490186;M2-II-8-5
8720182780027;M2-II-8-5
8720182953438;M2-II-8-5
8721201916120;M2-II-8-5
8722700122821;M2-II-8-5
3038359007613;M2-II-8-6
3038359007620;M2-II-8-6
3038359007644;M2-II-8-6
3038359007651;M2-II-8-6
3038359010507;M2-II-8-6
3038359010514;M2-II-8-6
3038359011269;M2-II-8-6
3038359011276;M2-II-8-6
3038359011467;M2-II-8-6
3038359012419;M2-II-8-6
3038359912351;M2-II-8-6
3038359913495;M2-II-8-6
3256224061489;M2-II-8-6
3256224061496;M2-II-8-6
3256224061502;M2-II-8-6
3256224061618;M2-II-8-6
3256224061625;M2-II-8-6
3256224061663;M2-II-8-6
3256224061670;M2-II-8-6
3256224061687;M2-II-8-6
3256224061694;M2-II-8-6
3256224061724;M2-II-8-6
3256228118561;M2-II-8-6
3256228961402;M2-II-8-6
3256229431904;M2-II-8-6
3330720536730;M2-II-8-6
3330720536754;M2-II-8-6
3368957099629;M2-II-8-6
3368957099711;M2-II-8-6
3660992021444;M2-II-8-6
8001060000926;M2-II-8-6
8001060000933;M2-II-8-6
8001060001275;M2-II-8-6
8001060001329;M2-II-8-6
8001060042308;M2-II-8-6
8008343299664;M2-II-8-6
8008343299688;M2-II-8-6
8076809513722;M2-II-8-6
8076809535755;M2-II-8-6
8076809545396;M2-II-8-6
8076809576574;M2-II-8-6
8076809576598;M2-II-8-6
8076809581868;M2-II-8-6
3038354199603;M2-II-8-7
3038359000782;M2-II-8-7
3038359004544;M2-II-8-7
3038359005572;M2-II-8-7
3038359008481;M2-II-8-7
3038359011344;M2-II-8-7
3038359011399;M2-II-8-7
3038359011412;M2-II-8-7
3038359011429;M2-II-8-7
3038359011450;M2-II-8-7
3038359011481;M2-II-8-7
3038359011504;M2-II-8-7
3038359912184;M2-II-8-7
3038359912191;M2-II-8-7
3038359912597;M2-II-8-7
3256224061519;M2-II-8-7
3256224061526;M2-II-8-7
3256224061533;M2-II-8-7
3256224061588;M2-II-8-7
3256224061595;M2-II-8-7
3256224061601;M2-II-8-7
3256224395133;M2-II-8-7
3256224395331;M2-II-8-7
3256226387679;M2-II-8-7
3256227450617;M2-II-8-7
3256227750625;M2-II-8-7
3256228974990;M2-II-8-7
3256229517097;M2-II-8-7
8001310005985;M2-II-8-7
8001310008375;M2-II-8-7
8001310008443;M2-II-8-7
8001310008986;M2-II-8-7
8001310009051;M2-II-8-7
8005110000775;M2-II-8-7
8005110005572;M2-II-8-7
8005110006838;M2-II-8-7
8005110006920;M2-II-8-7
8005110171215;M2-II-8-7
8005110519000;M2-II-8-7
8076809513388;M2-II-8-7
8076809513692;M2-II-8-7
8076809513715;M2-II-8-7
8076809513753;M2-II-8-7
8076809517881;M2-II-8-7
8076809523547;M2-II-8-7
8076809543934;M2-II-8-7
8076809570596;M2-II-8-7
8076809582643;M2-II-8-7
8076809584531;M2-II-8-7
8076809584548;M2-II-8-7
8076809584593;M2-II-8-7
3038350032195;M2-II-8-8
3038352875035;M2-II-8-8
3038352875400;M2-II-8-8
3038352876506;M2-II-8-8
3038359004186;M2-II-8-8
3038359005053;M2-II-8-8
3038359006456;M2-II-8-8
3038359008542;M2-II-8-8
3038359010460;M2-II-8-8
3256220172844;M2-II-8-8
3256220509749;M2-II-8-8
3256223683798;M2-II-8-8
3256223683804;M2-II-8-8
3256223683811;M2-II-8-8
3256223683828;M2-II-8-8
3256223683835;M2-II-8-8
3256228961419;M2-II-8-8
3256228967077;M2-II-8-8
3256228967084;M2-II-8-8
3256228967206;M2-II-8-8
3256228967213;M2-II-8-8
3256228975041;M2-II-8-8
3256228976000;M2-II-8-8
3330720537607;M2-II-8-8
3330720537614;M2-II-8-8
3660992011803;M2-II-8-8
3660992011827;M2-II-8-8
3660992011834;M2-II-8-8
3660992018963;M2-II-8-8
3660992023141;M2-II-8-8
8001770092112;M2-II-8-8
0000080042556;M2-II-8-8
8005110001673;M2-II-8-8
8005110003363;M2-II-8-8
8005110004766;M2-II-8-8
8005110005381;M2-II-8-8
8005110005404;M2-II-8-8
8005110170300;M2-II-8-8
8005110170324;M2-II-8-8
8005110175718;M2-II-8-8
8005110517006;M2-II-8-8
8005110551284;M2-II-8-8
8410066118090;M2-II-8-8
8410066118700;M2-II-8-8
8410066138999;M2-II-8-8
3179140213940;M2-II-9-1
3179140313114;M2-II-9-1
3179140313121;M2-II-9-1
3179140633458;M2-II-9-1
3179140803684;M2-II-9-1
3179140805367;M2-II-9-1
3179140923061;M2-II-9-1
3179141394051;M2-II-9-1
3179142000074;M2-II-9-1
3179142000401;M2-II-9-1
3179142000418;M2-II-9-1
3179142000463;M2-II-9-1
3179142040155;M2-II-9-1
3179142040186;M2-II-9-1
3179142040193;M2-II-9-1
3179142040209;M2-II-9-1
3179142040223;M2-II-9-1
3179142040247;M2-II-9-1
3179142040254;M2-II-9-1
3179142040292;M2-II-9-1
3179142040308;M2-II-9-1
3179142040513;M2-II-9-1
3179142052769;M2-II-9-1
3179142052998;M2-II-9-1
3179142053001;M2-II-9-1
3179142053322;M2-II-9-1
3179142054428;M2-II-9-1
3179142054466;M2-II-9-1
3179142054503;M2-II-9-1
3179142054527;M2-II-9-1
3179142056583;M2-II-9-1
3179142056989;M2-II-9-1
3179142056996;M2-II-9-1
3179142058389;M2-II-9-1
3179142061037;M2-II-9-1
3179142061075;M2-II-9-1
3179142062119;M2-II-9-1
3179142062416;M2-II-9-1
3179142062423;M2-II-9-1
3179142063383;M2-II-9-1
3179142063390;M2-II-9-1
3179142063406;M2-II-9-1
3179142063475;M2-II-9-1
3179142063499;M2-II-9-1
3179142064304;M2-II-9-1
3179142064311;M2-II-9-1
3179142064328;M2-II-9-1
3179142065035;M2-II-9-1
3179142065455;M2-II-9-1
3179142065462;M2-II-9-1
3179142065608;M2-II-9-1
3179142065639;M2-II-9-1
3179142065646;M2-II-9-1
3179142076604;M2-II-9-1
3179142704507;M2-II-9-1
3179142708208;M2-II-9-1
3179142709205;M2-II-9-1
3179142709304;M2-II-9-1
3179142709403;M2-II-9-1
3179142709502;M2-II-9-1
3179142709601;M2-II-9-1
3179142709700;M2-II-9-1
3179142709809;M2-II-9-1
3179142709908;M2-II-9-1
3179142710102;M2-II-9-1
3179142710201;M2-II-9-1
3179142725007;M2-II-9-1
3179142762507;M2-II-9-1
3179142786008;M2-II-9-1
3179142787104;M2-II-9-1
3179142787203;M2-II-9-1
3179142787401;M2-II-9-1
3179142792672;M2-II-9-1
3179142794010;M2-II-9-1
3179142794027;M2-II-9-1
3179142794034;M2-II-9-1
3179142897971;M2-II-9-1
3179142897988;M2-II-9-1
3179142898473;M2-II-9-1
3179142898534;M2-II-9-1
3179140103319;M2-II-9-2
3179140203132;M2-II-9-2
3179140203415;M2-II-9-2
3179140213964;M2-II-9-2
3179140303467;M2-II-9-2
3179142030330;M2-II-9-2
3179142040032;M2-II-9-2
3179142040377;M2-II-9-2
3179142054633;M2-II-9-2
3179142054664;M2-II-9-2
3179142054671;M2-II-9-2
3179142054688;M2-II-9-2
3179142054701;M2-II-9-2
3179142054718;M2-II-9-2
3179142054725;M2-II-9-2
3179142054732;M2-II-9-2
3179142054749;M2-II-9-2
3179142054770;M2-II-9-2
3179142054800;M2-II-9-2
3179142054817;M2-II-9-2
3179142054824;M2-II-9-2
3179142055043;M2-II-9-2
3179142055050;M2-II-9-2
3179142055203;M2-II-9-2
3179142055388;M2-II-9-2
3179142055623;M2-II-9-2
3179142055968;M2-II-9-2
3179142056385;M2-II-9-2
3179142056613;M2-II-9-2
3179142056620;M2-II-9-2
3179142056637;M2-II-9-2
3179142056644;M2-II-9-2
3179142056651;M2-II-9-2
3179142056668;M2-II-9-2
3179142056705;M2-II-9-2
3179142056842;M2-II-9-2
3179142057221;M2-II-9-2
3179142057993;M2-II-9-2
3179142058006;M2-II-9-2
3179142060276;M2-II-9-2
3179142061334;M2-II-9-2
3179142061341;M2-II-9-2
3179142065523;M2-II-9-2
3179142065530;M2-II-9-2
3179142070510;M2-II-9-2
3179142720200;M2-II-9-2
3179142772704;M2-II-9-2
3179142792870;M2-II-9-2
3179142897889;M2-II-9-2
3256220714761;M2-II-9-3
3256221976922;M2-II-9-3
3256222826233;M2-II-9-3
3256222977898;M2-II-9-3
3256224759546;M2-II-9-3
3256224759584;M2-II-9-3
3256224759591;M2-II-9-3
3256224759607;M2-II-9-3
3256225731893;M2-II-9-3
3256225731909;M2-II-9-3
3256225731916;M2-II-9-3
3256225731923;M2-II-9-3
3256225731930;M2-II-9-3
3256225731947;M2-II-9-3
3256225731954;M2-II-9-3
3256225731961;M2-II-9-3
3256225731978;M2-II-9-3
3256225731992;M2-II-9-3
3256225732005;M2-II-9-3
3256225732012;M2-II-9-3
3256225732036;M2-II-9-3
3256225732043;M2-II-9-3
3256226383343;M2-II-9-3
3256226383350;M2-II-9-3
3256226383367;M2-II-9-3
3256226383398;M2-II-9-3
3256226383411;M2-II-9-3
3256226383466;M2-II-9-3
3256226383480;M2-II-9-3
3256229522039;M2-II-9-3
3256229522046;M2-II-9-3
3256229804203;M2-II-9-3
3256229804210;M2-II-9-3
3256229804227;M2-II-9-3
3256229804234;M2-II-9-3
3256229804241;M2-II-9-3
3368950500139;M2-II-9-3
3368950500146;M2-II-9-3
3368950500153;M2-II-9-3
3368953662346;M2-II-9-3
3011360030108;M2-II-9-4
3027030012541;M2-II-9-4
3027030012688;M2-II-9-4
3027030012718;M2-II-9-4
3027030012749;M2-II-9-4
3027030012770;M2-II-9-4
3027030012800;M2-II-9-4
3027030012992;M2-II-9-4
3027030013777;M2-II-9-4
3027030014262;M2-II-9-4
3027030015139;M2-II-9-4
3027030015160;M2-II-9-4
3027030015191;M2-II-9-4
3027030015344;M2-II-9-4
3027030015382;M2-II-9-4
3027030015504;M2-II-9-4
3027030016396;M2-II-9-4
3027030016464;M2-II-9-4
3027030018444;M2-II-9-4
3027030018826;M2-II-9-4
3027030020720;M2-II-9-4
3027030028429;M2-II-9-4
3027030028450;M2-II-9-4
3027030032761;M2-II-9-4
3027030032822;M2-II-9-4
3179140123805;M2-II-9-4
3179142056606;M2-II-9-4
3179142064151;M2-II-9-4
3179142064199;M2-II-9-4
3179142064229;M2-II-9-4
3179142065400;M2-II-9-4
3179142065417;M2-II-9-4
3179142065431;M2-II-9-4
3256229522060;M2-II-9-4
3265820550143;M2-II-9-4
3265820770183;M2-II-9-4
3265820910060;M2-II-9-4
5414972108063;M2-II-9-4
8712100724572;M2-II-9-4
8722700030119;M2-II-9-4
3011360004420;M2-II-9-5
3068110380235;M2-II-9-5
3068110703232;M2-II-9-5
3068110703249;M2-II-9-5
3068111001238;M2-II-9-5
3068111450234;M2-II-9-5
3068111451231;M2-II-9-5
3068111452238;M2-II-9-5
3068111454232;M2-II-9-5
3068111708229;M2-II-9-5
3068111752222;M2-II-9-5
3162780362291;M2-II-9-5
3179140163801;M2-II-9-5
3179140163818;M2-II-9-5
3179142054589;M2-II-9-5
3179142061389;M2-II-9-5
3179142062355;M2-II-9-5
3179142062362;M2-II-9-5
3179142065509;M2-II-9-5
3179142704705;M2-II-9-5
3179142767304;M2-II-9-5
3256220270571;M2-II-9-5
3256220513715;M2-II-9-5
3256220840101;M2-II-9-5
3256221011005;M2-II-9-5
3256221011012;M2-II-9-5
3256224070351;M2-II-9-5
3256224070368;M2-II-9-5
3256225435012;M2-II-9-5
3256225435029;M2-II-9-5
3256225435036;M2-II-9-5
3256227732805;M2-II-9-5
3256227732829;M2-II-9-5
3256227732843;M2-II-9-5
3256229521919;M2-II-9-5
3307350010237;M2-II-9-5
3660992011582;M2-II-9-5
3011360014993;M2-II-9-6
3011360044518;M2-II-9-6
3038352357005;M2-II-9-6
3068110361906;M2-II-9-6
3068110702235;M2-II-9-6
3068111301246;M2-II-9-6
3068111503619;M2-II-9-6
3162780362116;M2-II-9-6
3162780362123;M2-II-9-6
3162780362239;M2-II-9-6
3165431020007;M2-II-9-6
3165433734018;M2-II-9-6
3165440001707;M2-II-9-6
3165440007808;M2-II-9-6
3177960003611;M2-II-9-6
3220035610006;M2-II-9-6
3220035650002;M2-II-9-6
3220035660292;M2-II-9-6
3220035712007;M2-II-9-6
3256221660067;M2-II-9-6
3256222250427;M2-II-9-6
3256223369401;M2-II-9-6
3307350017946;M2-II-9-6
3307350018325;M2-II-9-6
3483050001420;M2-II-9-6
3483050001444;M2-II-9-6
3600900020398;M2-II-9-6
3600900020404;M2-II-9-6
3600900022729;M2-II-9-6
3600900022743;M2-II-9-6
3600900022750;M2-II-9-6
3600900022965;M2-II-9-6
4000400155023;M2-II-9-6
8712100338694;M2-II-9-6
8712100338724;M2-II-9-6
3165430100007;M2-II-9-7
3165430121255;M2-II-9-7
3165430521505;M2-II-9-7
3165430522007;M2-II-9-7
3165430810005;M2-II-9-7
3165430930017;M2-II-9-7
3165431691221;M2-II-9-7
3165432073507;M2-II-9-7
3165432100005;M2-II-9-7
3165432643007;M2-II-9-7
3165433600009;M2-II-9-7
3165433612002;M2-II-9-7
3165433704011;M2-II-9-7
3165433714010;M2-II-9-7
3174660000124;M2-II-9-7
3174660000896;M2-II-9-7
3174660032316;M2-II-9-7
3174660070325;M2-II-9-7
3174660084612;M2-II-9-7
3220033050002;M2-II-9-7
3220033063712;M2-II-9-7
3220033080009;M2-II-9-7
3220033090008;M2-II-9-7
3220033941195;M2-II-9-7
3220034950714;M2-II-9-7
3220035011001;M2-II-9-7
3220035175000;M2-II-9-7
3220035179008;M2-II-9-7
3220035229611;M2-II-9-7
3660992011605;M2-II-9-7
3088542506256;M2-II-9-8
3088543506255;M2-II-9-8
3088544506254;M2-II-9-8
3165430421300;M2-II-9-8
3165430520003;M2-II-9-8
3165432491509;M2-II-9-8
3165432491608;M2-II-9-8
3165432491707;M2-II-9-8
3165433691502;M2-II-9-8
3165433724019;M2-II-9-8
3165437010101;M2-II-9-8
3174660084513;M2-II-9-8
3220032518213;M2-II-9-8
3220032538112;M2-II-9-8
3220033020005;M2-II-9-8
3220035230211;M2-II-9-8
3256220496186;M2-II-9-8
3256222242811;M2-II-9-8
3256222242835;M2-II-9-8
3256223661192;M2-II-9-8
3256225134656;M2-II-9-8
3256227824326;M2-II-9-8
3329757000529;M2-II-9-8
3329757002561;M2-II-9-8
3329757002790;M2-II-9-8
3329757002967;M2-II-9-8
3329757002998;M2-II-9-8
3329757003506;M2-II-9-8
3329757003568;M2-II-9-8
3329757003728;M2-II-9-8
3329757003735;M2-II-9-8
3329757004091;M2-II-9-8
3329757004442;M2-II-9-8
3329757004541;M2-II-9-8
3329757004558;M2-II-9-8
3329757004695;M2-II-9-8
3329757004992;M2-II-9-8
3329757005234;M2-II-9-8
3329757005241;M2-II-9-8
3660992011599;M2-II-9-8
3660992011612;M2-II-9-8
8000070016675;M2-II-9-8
3256220764445;M2-JJ-10-1
3256228125750;M2-JJ-10-1
3256228198020;M2-JJ-10-1
3256228198051;M2-JJ-10-1
3256228410993;M2-JJ-10-1
3256228411006;M2-JJ-10-1
3256229528642;M2-JJ-10-1
3339720410392;M2-JJ-10-1
3368950103460;M2-JJ-10-1
3368952828897;M2-JJ-10-1
3368953500723;M2-JJ-10-1
3368953500730;M2-JJ-10-1
3368958712046;M2-JJ-10-1
3368958712060;M2-JJ-10-1
3449851140553;M2-JJ-10-1
3449865241116;M2-JJ-10-1
3449865292231;M2-JJ-10-1
3449865293139;M2-JJ-10-1
3449865293832;M2-JJ-10-1
3449865304200;M2-JJ-10-1
3449865344251;M2-JJ-10-1
3449865364792;M2-JJ-10-1
3449865375019;M2-JJ-10-1
3449865375415;M2-JJ-10-1
3449865378928;M2-JJ-10-1
3449865396229;M2-JJ-10-1
3450160004795;M2-JJ-10-1
3450160005259;M2-JJ-10-1
3450160005266;M2-JJ-10-1
3450160005938;M2-JJ-10-1
3450160007956;M2-JJ-10-1
3760090372612;M2-JJ-10-1
3760090372629;M2-JJ-10-1
8410060111004;M2-JJ-10-1
8410843077657;M2-JJ-10-1
8410843127376;M2-JJ-10-1
8410843145028;M2-JJ-10-1
3181450100599;M2-JJ-10-2
3181450100605;M2-JJ-10-2
3181450100612;M2-JJ-10-2
3256220509121;M2-JJ-10-2
3256220764551;M2-JJ-10-2
3256224375654;M2-JJ-10-2
3256224658917;M2-JJ-10-2
3256224658931;M2-JJ-10-2
3256226157463;M2-JJ-10-2
3256226157470;M2-JJ-10-2
3256228101174;M2-JJ-10-2
3256228433763;M2-JJ-10-2
3449860415703;M2-JJ-10-2
3449860415710;M2-JJ-10-2
3449860415727;M2-JJ-10-2
3449860429342;M2-JJ-10-2
3449865253799;M2-JJ-10-2
3449865302763;M2-JJ-10-2
3449865302770;M2-JJ-10-2
3449865302862;M2-JJ-10-2
3449865327551;M2-JJ-10-2
3449865327568;M2-JJ-10-2
3449865328688;M2-JJ-10-2
3450160001831;M2-JJ-10-2
3450160001848;M2-JJ-10-2
3466250015015;M2-JJ-10-2
3466250015237;M2-JJ-10-2
3466250039394;M2-JJ-10-2
3579260039398;M2-JJ-10-2
3248340054070;M2-JJ-1-1
3256224234487;M2-JJ-1-1
3256225736386;M2-JJ-1-1
3256225736393;M2-JJ-1-1
3533630903801;M2-JJ-1-1
3533631333003;M2-JJ-1-1
3256221652802;M2-JJ-11-1
3256222250434;M2-JJ-11-1
3256224362722;M2-JJ-11-1
3256224461449;M2-JJ-11-1
3256225428885;M2-JJ-11-1
3256225718184;M2-JJ-11-1
3256225718191;M2-JJ-11-1
3256225718207;M2-JJ-11-1
3256225718214;M2-JJ-11-1
3256225721061;M2-JJ-11-1
3256226383855;M2-JJ-11-1
3256226384463;M2-JJ-11-1
3256226384470;M2-JJ-11-1
3256226384487;M2-JJ-11-1
3256226384494;M2-JJ-11-1
3256226384500;M2-JJ-11-1
3256226384517;M2-JJ-11-1
3256226384524;M2-JJ-11-1
3256226384531;M2-JJ-11-1
3256226384548;M2-JJ-11-1
3256226384562;M2-JJ-11-1
3256227111235;M2-JJ-11-1
3256227111242;M2-JJ-11-1
3256227111266;M2-JJ-11-1
3256227111280;M2-JJ-11-1
3256229138469;M2-JJ-11-1
3256229138490;M2-JJ-11-1
3256229138568;M2-JJ-11-1
3281780054347;M2-JJ-11-1
3342280032041;M2-JJ-11-1
3342280032058;M2-JJ-11-1
3342280032126;M2-JJ-11-1
3342280032171;M2-JJ-11-1
3342280032225;M2-JJ-11-1
3342280032256;M2-JJ-11-1
3342280032614;M2-JJ-11-1
3342280032867;M2-JJ-11-1
3342280032911;M2-JJ-11-1
3342280032935;M2-JJ-11-1
3342280823205;M2-JJ-11-1
3342280890153;M2-JJ-11-1
3342280896391;M2-JJ-11-1
3342283242201;M2-JJ-11-1
3083680484466;M2-JJ-11-2
3083680566131;M2-JJ-11-2
3083680588348;M2-JJ-11-2
3083680643566;M2-JJ-11-2
3083680806008;M2-JJ-11-2
3083681008678;M2-JJ-11-2
3083681055269;M2-JJ-11-2
3083681055306;M2-JJ-11-2
3083681055429;M2-JJ-11-2
3083681081596;M2-JJ-11-2
3083681081640;M2-JJ-11-2
3083681083163;M2-JJ-11-2
3083681124668;M2-JJ-11-2
3083681148619;M2-JJ-11-2
3083681148626;M2-JJ-11-2
3083681148640;M2-JJ-11-2
3083681148657;M2-JJ-11-2
3083681148749;M2-JJ-11-2
3083681149586;M2-JJ-11-2
3083681149852;M2-JJ-11-2
3083681149975;M2-JJ-11-2
3083681153613;M2-JJ-11-2
3083681153644;M2-JJ-11-2
3083681153729;M2-JJ-11-2
3083681157222;M2-JJ-11-2
3083681157253;M2-JJ-11-2
3083681160673;M2-JJ-11-2
3083681170726;M2-JJ-11-2
3083681170825;M2-JJ-11-2
3242271000946;M2-JJ-11-2
3242274000554;M2-JJ-11-2
3242274003654;M2-JJ-11-2
3242274004651;M2-JJ-11-2
3242274030056;M2-JJ-11-2
3242274032050;M2-JJ-11-2
3242274034054;M2-JJ-11-2
3256226383862;M2-JJ-11-2
3256227111259;M2-JJ-11-2
3256227111273;M2-JJ-11-2
3281780025514;M2-JJ-11-2
3281780064209;M2-JJ-11-2
3281780065008;M2-JJ-11-2
3281780065206;M2-JJ-11-2
3281780066609;M2-JJ-11-2
3281780085105;M2-JJ-11-2
3281780873597;M2-JJ-11-2
3281780889994;M2-JJ-11-2
3281780892888;M2-JJ-11-2
3281780893892;M2-JJ-11-2
3281780893915;M2-JJ-11-2
3281780894820;M2-JJ-11-2
3281780894950;M2-JJ-11-2
3281780894974;M2-JJ-11-2
3281780895162;M2-JJ-11-2
3281780897227;M2-JJ-11-2
3281780897241;M2-JJ-11-2
3281780897258;M2-JJ-11-2
3281780897685;M2-JJ-11-2
3281780897807;M2-JJ-11-2
3342280891877;M2-JJ-11-2
3342280892126;M2-JJ-11-2
3367651008456;M2-JJ-11-2
3367651008470;M2-JJ-11-2
3700009276334;M2-JJ-11-2
3083681148602;M2-JJ-11-3
3242272921059;M2-JJ-11-3
3242274002053;M2-JJ-11-3
3242274005658;M2-JJ-11-3
3242274007058;M2-JJ-11-3
3242274008550;M2-JJ-11-3
3242274500054;M2-JJ-11-3
3242274700058;M2-JJ-11-3
3242274703059;M2-JJ-11-3
3256223891278;M2-JJ-11-3
3256223891674;M2-JJ-11-3
3256225038350;M2-JJ-11-3
3256225038367;M2-JJ-11-3
3256227549601;M2-JJ-11-3
3256227549618;M2-JJ-11-3
3256227549625;M2-JJ-11-3
3256227549632;M2-JJ-11-3
3256227549656;M2-JJ-11-3
3281780096057;M2-JJ-11-3
3367651001891;M2-JJ-11-3
3367651003307;M2-JJ-11-3
3367651003314;M2-JJ-11-3
3367651004274;M2-JJ-11-3
3367651004878;M2-JJ-11-3
3367651004885;M2-JJ-11-3
3367651004908;M2-JJ-11-3
3367651007022;M2-JJ-11-3
3367651008104;M2-JJ-11-3
3367651008333;M2-JJ-11-3
3367651008784;M2-JJ-11-3
3367651009941;M2-JJ-11-3
3700009252567;M2-JJ-11-3
3700009252574;M2-JJ-11-3
3700009252758;M2-JJ-11-3
3700009265369;M2-JJ-11-3
3700009269084;M2-JJ-11-3
3700009269114;M2-JJ-11-3
3700009271872;M2-JJ-11-3
3242272845157;M2-JJ-11-4
3242272846055;M2-JJ-11-4
3242272856559;M2-JJ-11-4
3242272861058;M2-JJ-11-4
3242272861553;M2-JJ-11-4
3242272890157;M2-JJ-11-4
3242272890751;M2-JJ-11-4
3242272890959;M2-JJ-11-4
3242272891352;M2-JJ-11-4
3242272907152;M2-JJ-11-4
3242272920557;M2-JJ-11-4
3242272922056;M2-JJ-11-4
3242272923053;M2-JJ-11-4
3242272980650;M2-JJ-11-4
3242272980759;M2-JJ-11-4
3242272981053;M2-JJ-11-4
3242272981459;M2-JJ-11-4
3242272981558;M2-JJ-11-4
3242273012251;M2-JJ-11-4
3256220060844;M2-JJ-11-4
3256220060851;M2-JJ-11-4
3256221113471;M2-JJ-11-4
3256222245218;M2-JJ-11-4
3256224756835;M2-JJ-11-4
3256224759331;M2-JJ-11-4
3256224759348;M2-JJ-11-4
3256224759355;M2-JJ-11-4
3256225036233;M2-JJ-11-4
3256229031609;M2-JJ-11-4
3367651000054;M2-JJ-11-4
3367651000061;M2-JJ-11-4
3367651001884;M2-JJ-11-4
3367651002874;M2-JJ-11-4
3367651002881;M2-JJ-11-4
3367651002959;M2-JJ-11-4
3367651002973;M2-JJ-11-4
3367651003550;M2-JJ-11-4
3367651004014;M2-JJ-11-4
3367651004205;M2-JJ-11-4
3367651004298;M2-JJ-11-4
3367651004601;M2-JJ-11-4
3367651009286;M2-JJ-11-4
3367651009385;M2-JJ-11-4
3770018078397;M2-JJ-11-4
3770018078403;M2-JJ-11-4
3770018078410;M2-JJ-11-4
3242272250050;M2-JJ-11-5
3242272251354;M2-JJ-11-5
3242272256656;M2-JJ-11-5
3242272256854;M2-JJ-11-5
3242272260059;M2-JJ-11-5
3242272260554;M2-JJ-11-5
3242272261056;M2-JJ-11-5
3242272261650;M2-JJ-11-5
3242272263050;M2-JJ-11-5
3242272263456;M2-JJ-11-5
3242272270157;M2-JJ-11-5
3242272270256;M2-JJ-11-5
3242272270355;M2-JJ-11-5
3242272270454;M2-JJ-11-5
3248830001706;M2-JJ-11-5
3248830001720;M2-JJ-11-5
3248830001744;M2-JJ-11-5
3256220122337;M2-JJ-11-5
3256225736508;M2-JJ-11-5
3256226092603;M2-JJ-11-5
3256226092962;M2-JJ-11-5
3256226092979;M2-JJ-11-5
3367651000825;M2-JJ-11-5
3367651000832;M2-JJ-11-5
3367651001846;M2-JJ-11-5
3367651001853;M2-JJ-11-5
3367651002416;M2-JJ-11-5
3367651004151;M2-JJ-11-5
3367651006599;M2-JJ-11-5
3367651007039;M2-JJ-11-5
3367651008302;M2-JJ-11-5
3367651009187;M2-JJ-11-5
3492590010014;M2-JJ-11-5
3492590010052;M2-JJ-11-5
3492590010113;M2-JJ-11-5
3492590030012;M2-JJ-11-5
3492590040059;M2-JJ-11-5
3492590050010;M2-JJ-11-5
3492590606170;M2-JJ-11-5
3492590727202;M2-JJ-11-5
3492591111116;M2-JJ-11-5
3492592011132;M2-JJ-11-5
3492593331000;M2-JJ-11-5
3492597100008;M2-JJ-11-5
3760324300121;M2-JJ-11-5
3770016162043;M2-JJ-11-5
3770016162098;M2-JJ-11-5
7613036092487;M2-JJ-11-5
7613036337342;M2-JJ-11-5
3166350006271;M2-JJ-11-6
3166352940054;M2-JJ-11-6
3166352940092;M2-JJ-11-6
3166352940115;M2-JJ-11-6
3166352967037;M2-JJ-11-6
3166352967211;M2-JJ-11-6
3166352967907;M2-JJ-11-6
3166352968485;M2-JJ-11-6
3166352968515;M2-JJ-11-6
3166352968591;M2-JJ-11-6
3166353931402;M2-JJ-11-6
3166359678103;M2-JJ-11-6
3175681108974;M2-JJ-11-6
3248830000136;M2-JJ-11-6
3248830000457;M2-JJ-11-6
3248830000631;M2-JJ-11-6
3248830000655;M2-JJ-11-6
3248830000914;M2-JJ-11-6
3248830000945;M2-JJ-11-6
3248830000983;M2-JJ-11-6
3248830002307;M2-JJ-11-6
3248830015277;M2-JJ-11-6
3248830242383;M2-JJ-11-6
3248830242390;M2-JJ-11-6
3248830440109;M2-JJ-11-6
3248830687559;M2-JJ-11-6
3248830690214;M2-JJ-11-6
3248830691013;M2-JJ-11-6
3248830692287;M2-JJ-11-6
3248830692362;M2-JJ-11-6
3248832940522;M2-JJ-11-6
3248832940539;M2-JJ-11-6
3248832960025;M2-JJ-11-6
3248832960209;M2-JJ-11-6
3248832967277;M2-JJ-11-6
3248832967284;M2-JJ-11-6
3248832967611;M2-JJ-11-6
3256221418576;M2-JJ-11-6
3256225036011;M2-JJ-11-6
3256225736188;M2-JJ-11-6
3256225736195;M2-JJ-11-6
3256225736478;M2-JJ-11-6
3256225736485;M2-JJ-11-6
3256225736492;M2-JJ-11-6
3259011033768;M2-JJ-11-6
3259011034000;M2-JJ-11-6
3760257090717;M2-JJ-11-6
3760257090731;M2-JJ-11-6
3760257090861;M2-JJ-11-6
3760324300053;M2-JJ-11-6
3760324300138;M2-JJ-11-6
3760324300220;M2-JJ-11-6
3760367390059;M2-JJ-11-6
3760367390066;M2-JJ-11-6
3760367390127;M2-JJ-11-6
3770018934204;M2-JJ-11-6
3770018934754;M2-JJ-11-6
3770018934761;M2-JJ-11-6
5411761278440;M2-JJ-11-6
7613035694897;M2-JJ-11-6
7613035694958;M2-JJ-11-6
7613035982055;M2-JJ-11-6
7613035982086;M2-JJ-11-6
7613035982116;M2-JJ-11-6
7613036021388;M2-JJ-11-6
7613036077569;M2-JJ-11-6
8410320383264;M2-JJ-11-6
8410320393577;M2-JJ-11-6
8437017041955;M2-JJ-11-6
3154230812739;M2-JJ-11-7
3154230812821;M2-JJ-11-7
3166352968386;M2-JJ-11-7
3240931548227;M2-JJ-11-7
3248830001263;M2-JJ-11-7
3248830001270;M2-JJ-11-7
3248831224180;M2-JJ-11-7
3256220171786;M2-JJ-11-7
3256221978896;M2-JJ-11-7
3256223372531;M2-JJ-11-7
3256225706457;M2-JJ-11-7
3256226090487;M2-JJ-11-7
3256228669896;M2-JJ-11-7
3256228981370;M2-JJ-11-7
3256228981608;M2-JJ-11-7
3256228989819;M2-JJ-11-7
3256228989857;M2-JJ-11-7
3256229017986;M2-JJ-11-7
3256229237117;M2-JJ-11-7
3256229514416;M2-JJ-11-7
3256229528710;M2-JJ-11-7
3256229528727;M2-JJ-11-7
3256229528758;M2-JJ-11-7
3302740003837;M2-JJ-11-7
3302740017742;M2-JJ-11-7
3302740018947;M2-JJ-11-7
3302740020636;M2-JJ-11-7
3302740030901;M2-JJ-11-7
3302740030925;M2-JJ-11-7
3302740030932;M2-JJ-11-7
3302740030963;M2-JJ-11-7
3302740031038;M2-JJ-11-7
3302740044427;M2-JJ-11-7
3302740044779;M2-JJ-11-7
3302740044786;M2-JJ-11-7
3302740046728;M2-JJ-11-7
3302740057212;M2-JJ-11-7
3302740057465;M2-JJ-11-7
3302740057472;M2-JJ-11-7
3302740058011;M2-JJ-11-7
3302740058028;M2-JJ-11-7
3302740058677;M2-JJ-11-7
3302740058776;M2-JJ-11-7
3302740059308;M2-JJ-11-7
3302740059995;M2-JJ-11-7
3302740065859;M2-JJ-11-7
3302740076466;M2-JJ-11-7
3302740086793;M2-JJ-11-7
3302740368103;M2-JJ-11-7
3302740447020;M2-JJ-11-7
3302740483103;M2-JJ-11-7
3302740484100;M2-JJ-11-7
3302740606106;M2-JJ-11-7
3302740719028;M2-JJ-11-7
3302740975103;M2-JJ-11-7
3302741846105;M2-JJ-11-7
3302741847102;M2-JJ-11-7
3302741859105;M2-JJ-11-7
3302741970107;M2-JJ-11-7
3302743330022;M2-JJ-11-7
3302744121025;M2-JJ-11-7
3302746298022;M2-JJ-11-7
3302746964026;M2-JJ-11-7
3302748083022;M2-JJ-11-7
3302748085026;M2-JJ-11-7
3302748087020;M2-JJ-11-7
3302748093021;M2-JJ-11-7
3302748427024;M2-JJ-11-7
3302748600021;M2-JJ-11-7
3302749111021;M2-JJ-11-7
3368951464607;M2-JJ-11-7
3368957856307;M2-JJ-11-7
3492590040011;M2-JJ-11-7
4260334165905;M2-JJ-11-7
3173980044115;M2-JJ-1-2
3252210490110;M2-JJ-1-2
3252212910050;M2-JJ-1-2
3428271940035;M2-JJ-1-2
3428272960049;M2-JJ-1-2
3428272970017;M2-JJ-1-2
3428273090059;M2-JJ-1-2
3428273140044;M2-JJ-1-2
3428273980022;M2-JJ-1-2
0207639000000;M2-JJ-12-1
0208756000000;M2-JJ-12-1
0209008000000;M2-JJ-12-1
2237284000000;M2-JJ-12-1
2237285000000;M2-JJ-12-1
2241893000000;M2-JJ-12-1
2248790000000;M2-JJ-12-1
2253021000000;M2-JJ-12-1
2253048000000;M2-JJ-12-1
2253069000000;M2-JJ-12-1
2270198000000;M2-JJ-12-1
2280759000000;M2-JJ-12-1
2283990000000;M2-JJ-12-1
2283991000000;M2-JJ-12-1
2283992000000;M2-JJ-12-1
2288424000000;M2-JJ-12-1
2293262000000;M2-JJ-12-1
2632656000000;M2-JJ-12-1
2632659000000;M2-JJ-12-1
2632662000000;M2-JJ-12-1
2823352000000;M2-JJ-12-1
2890856000000;M2-JJ-12-1
3181580259013;M2-JJ-12-1
3276770207186;M2-JJ-12-1
3276770252797;M2-JJ-12-1
3276770253138;M2-JJ-12-1
3287360772144;M2-JJ-12-1
3338310001989;M2-JJ-12-1
3498940013148;M2-JJ-12-1
3700009211472;M2-JJ-12-1
3700009215920;M2-JJ-12-1
3700009217511;M2-JJ-12-1
3700009217849;M2-JJ-12-1
3700009217863;M2-JJ-12-1
3700009217870;M2-JJ-12-1
3700009217887;M2-JJ-12-1
3700009266175;M2-JJ-12-1
3700009276822;M2-JJ-12-1
3700009277454;M2-JJ-12-1
3700009277478;M2-JJ-12-1
3700009278543;M2-JJ-12-1
3700009278567;M2-JJ-12-1
3760298512384;M2-JJ-12-1
3760298512391;M2-JJ-12-1
3760370320104;M2-JJ-12-1
3770012119003;M2-JJ-12-1
2000000309194;M2-JJ-12-2
2000000309200;M2-JJ-12-2
2000000309248;M2-JJ-12-2
2808784000000;M2-JJ-12-2
2871619000000;M2-JJ-12-2
2889155000000;M2-JJ-12-2
3181580262204;M2-JJ-12-2
3234510040127;M2-JJ-12-2
3234510060354;M2-JJ-12-2
3234510064635;M2-JJ-12-2
3242278010115;M2-JJ-12-2
3242278031011;M2-JJ-12-2
3242278062312;M2-JJ-12-2
3242278070614;M2-JJ-12-2
3242278076616;M2-JJ-12-2
3242278094214;M2-JJ-12-2
3242278094412;M2-JJ-12-2
3242278100410;M2-JJ-12-2
3242278201117;M2-JJ-12-2
3256224989370;M2-JJ-12-2
3256224989585;M2-JJ-12-2
3338310000340;M2-JJ-12-2
3338310001484;M2-JJ-12-2
3338310001552;M2-JJ-12-2
3338310001965;M2-JJ-12-2
3338310001972;M2-JJ-12-2
3338310002092;M2-JJ-12-2
3366760008548;M2-JJ-12-2
3366760023015;M2-JJ-12-2
3366760023077;M2-JJ-12-2
3366760042191;M2-JJ-12-2
3366760052336;M2-JJ-12-2
3701222803161;M2-JJ-12-2
3760094448931;M2-JJ-12-2
3770012119454;M2-JJ-12-2
3770012119645;M2-JJ-12-2
3181580280413;M2-JJ-12-3
3181580280475;M2-JJ-12-3
3181580280499;M2-JJ-12-3
3234510045139;M2-JJ-12-3
3234510048666;M2-JJ-12-3
3234510048673;M2-JJ-12-3
3234510048680;M2-JJ-12-3
3234510048734;M2-JJ-12-3
3256228559821;M2-JJ-12-3
3256228581068;M2-JJ-12-3
3256228586681;M2-JJ-12-3
3256228586759;M2-JJ-12-3
3256228586858;M2-JJ-12-3
3256229545403;M2-JJ-12-3
3287390074683;M2-JJ-12-3
3287390074690;M2-JJ-12-3
3287390074744;M2-JJ-12-3
3325890000624;M2-JJ-12-3
3325890000853;M2-JJ-12-3
3338310230006;M2-JJ-12-3
3366760042054;M2-JJ-12-3
3366760042078;M2-JJ-12-3
3760298510748;M2-JJ-12-3
0200271000000;M2-JJ-12-4
0201596000000;M2-JJ-12-4
0201600000000;M2-JJ-12-4
0201610000000;M2-JJ-12-4
0201757000000;M2-JJ-12-4
0201882000000;M2-JJ-12-4
0204451000000;M2-JJ-12-4
0205089000000;M2-JJ-12-4
0205741000000;M2-JJ-12-4
0207584000000;M2-JJ-12-4
0235576000000;M2-JJ-12-4
0235578000000;M2-JJ-12-4
0235770000000;M2-JJ-12-4
2263705000000;M2-JJ-12-4
2263707000000;M2-JJ-12-4
2263710000000;M2-JJ-12-4
2263713000000;M2-JJ-12-4
2265348000000;M2-JJ-12-4
2265351000000;M2-JJ-12-4
2265356000000;M2-JJ-12-4
2265358000000;M2-JJ-12-4
2265361000000;M2-JJ-12-4
2265363000000;M2-JJ-12-4
2265367000000;M2-JJ-12-4
2265369000000;M2-JJ-12-4
2265374000000;M2-JJ-12-4
2265377000000;M2-JJ-12-4
2267673000000;M2-JJ-12-4
2273698000000;M2-JJ-12-4
2290618000000;M2-JJ-12-4
2421187000000;M2-JJ-12-4
2615002000000;M2-JJ-12-4
2615003000000;M2-JJ-12-4
2615006000000;M2-JJ-12-4
2615009000000;M2-JJ-12-4
2615012000000;M2-JJ-12-4
2615015000000;M2-JJ-12-4
2615577000000;M2-JJ-12-4
2615590000000;M2-JJ-12-4
2615591000000;M2-JJ-12-4
2618512000000;M2-JJ-12-4
2618514000000;M2-JJ-12-4
2621986000000;M2-JJ-12-4
2621987000000;M2-JJ-12-4
2621988000000;M2-JJ-12-4
2630525000000;M2-JJ-12-4
2630528000000;M2-JJ-12-4
2630542000000;M2-JJ-12-4
2630593000000;M2-JJ-12-4
2630874000000;M2-JJ-12-4
2800113000000;M2-JJ-12-4
2802018000000;M2-JJ-12-4
2809566000000;M2-JJ-12-4
2885910000000;M2-JJ-12-4
2886191000000;M2-JJ-12-4
2886513000000;M2-JJ-12-4
2886623000000;M2-JJ-12-4
2891051000000;M2-JJ-12-4
2893383000000;M2-JJ-12-4
2893388000000;M2-JJ-12-4
2893390000000;M2-JJ-12-4
2893394000000;M2-JJ-12-4
2893421000000;M2-JJ-12-4
2893425000000;M2-JJ-12-4
3181580280130;M2-JJ-12-4
3237550028025;M2-JJ-12-4
3237550028049;M2-JJ-12-4
3237550028100;M2-JJ-12-4
3256220681261;M2-JJ-12-4
3256222808550;M2-JJ-12-4
3256228581341;M2-JJ-12-4
3256228581389;M2-JJ-12-4
3256228581402;M2-JJ-12-4
3256228581426;M2-JJ-12-4
3256228581440;M2-JJ-12-4
3256228581457;M2-JJ-12-4
3256228586667;M2-JJ-12-4
3256228586698;M2-JJ-12-4
3256228586728;M2-JJ-12-4
3256228586766;M2-JJ-12-4
3256228586780;M2-JJ-12-4
3256228586803;M2-JJ-12-4
3256228586865;M2-JJ-12-4
3256229681866;M2-JJ-12-4
3272640001939;M2-JJ-12-4
3272640002066;M2-JJ-12-4
3272641441376;M2-JJ-12-4
3273230241018;M2-JJ-12-4
3273230242350;M2-JJ-12-4
3287390075550;M2-JJ-12-4
3321271199147;M2-JJ-12-4
3338310002153;M2-JJ-12-4
3338310002337;M2-JJ-12-4
3338310002382;M2-JJ-12-4
3338310002399;M2-JJ-12-4
3338310230075;M2-JJ-12-4
3348700085406;M2-JJ-12-4
3348709949754;M2-JJ-12-4
3389400343427;M2-JJ-12-4
3389400343496;M2-JJ-12-4
3389400403404;M2-JJ-12-4
3389400403428;M2-JJ-12-4
3389400403435;M2-JJ-12-4
3389400403442;M2-JJ-12-4
3507000300972;M2-JJ-12-4
3660014111924;M2-JJ-12-4
3700009278321;M2-JJ-12-4
3700009278338;M2-JJ-12-4
3700009278352;M2-JJ-12-4
3701222806254;M2-JJ-12-4
3760094442199;M2-JJ-12-4
3760094442670;M2-JJ-12-4
3760094444070;M2-JJ-12-4
3760094444087;M2-JJ-12-4
3760094444186;M2-JJ-12-4
3760298511639;M2-JJ-12-4
3760298511745;M2-JJ-12-4
3760325840657;M2-JJ-12-4
8006013988986;M2-JJ-12-4
8006013989020;M2-JJ-12-4
8006013989051;M2-JJ-12-4
0253023000000;M2-JJ-12-5
0253028000000;M2-JJ-12-5
2273695000000;M2-JJ-12-5
2429580000000;M2-JJ-12-5
2432865000000;M2-JJ-12-5
2470745000000;M2-JJ-12-5
2471248000000;M2-JJ-12-5
2471251000000;M2-JJ-12-5
2478872000000;M2-JJ-12-5
2645764000000;M2-JJ-12-5
2689709000000;M2-JJ-12-5
2871621000000;M2-JJ-12-5
2885883000000;M2-JJ-12-5
2885913000000;M2-JJ-12-5
2885953000000;M2-JJ-12-5
2885997000000;M2-JJ-12-5
2885998000000;M2-JJ-12-5
3181580284374;M2-JJ-12-5
3237550029213;M2-JJ-12-5
3256228581037;M2-JJ-12-5
3256228581044;M2-JJ-12-5
3256228581365;M2-JJ-12-5
3256228586735;M2-JJ-12-5
3256229545939;M2-JJ-12-5
3256229791206;M2-JJ-12-5
3334216701527;M2-JJ-12-5
3339720411665;M2-JJ-12-5
3346650210015;M2-JJ-12-5
3346650210107;M2-JJ-12-5
3346650213207;M2-JJ-12-5
3346650216383;M2-JJ-12-5
3368956450568;M2-JJ-12-5
3700133918896;M2-JJ-12-5
3760298510755;M2-JJ-12-5
8028257013330;M2-JJ-12-5
8028257013378;M2-JJ-12-5
8028257013460;M2-JJ-12-5
8410060486201;M2-JJ-12-5
3256225425600;M2-JJ-1-3
3256225425617;M2-JJ-1-3
3256225736317;M2-JJ-1-3
3533631436001;M2-JJ-1-3
3256220126496;M2-JJ-13-1
3256220126502;M2-JJ-13-1
3256226076627;M2-JJ-13-1
3256226076641;M2-JJ-13-1
3273220076484;M2-JJ-13-1
3273220081600;M2-JJ-13-1
3273220082089;M2-JJ-13-1
3273220082188;M2-JJ-13-1
3273220082256;M2-JJ-13-1
3273220082355;M2-JJ-13-1
3273220083000;M2-JJ-13-1
3273220083260;M2-JJ-13-1
3273220083758;M2-JJ-13-1
3273220085196;M2-JJ-13-1
3273220085301;M2-JJ-13-1
3273220085349;M2-JJ-13-1
3273220085370;M2-JJ-13-1
3273221113195;M2-JJ-13-1
3273221117667;M2-JJ-13-1
3297760084006;M2-JJ-13-1
3297760084068;M2-JJ-13-1
3413160100287;M2-JJ-13-1
3413160100317;M2-JJ-13-1
3608580131700;M2-JJ-13-1
5411188112747;M2-JJ-13-1
5411188118121;M2-JJ-13-1
5411188119098;M2-JJ-13-1
5411188512271;M2-JJ-13-1
3033490165000;M2-JJ-13-10
3033490192037;M2-JJ-13-10
3033490691899;M2-JJ-13-10
3033491580512;M2-JJ-13-10
3033491580536;M2-JJ-13-10
3033491580543;M2-JJ-13-10
3033492056719;M2-JJ-13-10
3033492081766;M2-JJ-13-10
3256221798746;M2-JJ-13-10
3256224221203;M2-JJ-13-10
3256224235705;M2-JJ-13-10
3256224242628;M2-JJ-13-10
3256225426942;M2-JJ-13-10
3256225426966;M2-JJ-13-10
3256225426973;M2-JJ-13-10
3329770065499;M2-JJ-13-10
3329770065871;M2-JJ-13-10
3329770065895;M2-JJ-13-10
3329770065901;M2-JJ-13-10
3329770065918;M2-JJ-13-10
3329770065963;M2-JJ-13-10
3329770075092;M2-JJ-13-10
3329770079243;M2-JJ-13-10
3329770080102;M2-JJ-13-10
3329770080119;M2-JJ-13-10
3329770080126;M2-JJ-13-10
3329770080133;M2-JJ-13-10
3329770080140;M2-JJ-13-10
3329770080256;M2-JJ-13-10
3329770083738;M2-JJ-13-10
3329770085206;M2-JJ-13-10
3329770086197;M2-JJ-13-10
3329770087347;M2-JJ-13-10
3329770087378;M2-JJ-13-10
3329770087675;M2-JJ-13-10
3329770087705;M2-JJ-13-10
3329770087736;M2-JJ-13-10
3329770087767;M2-JJ-13-10
3329770087798;M2-JJ-13-10
3329770087828;M2-JJ-13-10
3329770087859;M2-JJ-13-10
3329770087880;M2-JJ-13-10
3329770087910;M2-JJ-13-10
3329770090057;M2-JJ-13-10
3023290021286;M2-JJ-13-11
3023290101964;M2-JJ-13-11
3023290101995;M2-JJ-13-11
3023290234839;M2-JJ-13-11
3023290234853;M2-JJ-13-11
3023290234860;M2-JJ-13-11
3023290600023;M2-JJ-13-11
3033491010071;M2-JJ-13-11
3045320517613;M2-JJ-13-11
3256220121668;M2-JJ-13-11
3256222790718;M2-JJ-13-11
3256222790725;M2-JJ-13-11
3256224242536;M2-JJ-13-11
3256224242543;M2-JJ-13-11
3256224242550;M2-JJ-13-11
3256224242567;M2-JJ-13-11
3256228262059;M2-JJ-13-11
3256228408129;M2-JJ-13-11
3278690085622;M2-JJ-13-11
3278690085639;M2-JJ-13-11
3278692111169;M2-JJ-13-11
3278692363216;M2-JJ-13-11
3278692363339;M2-JJ-13-11
3278692420025;M2-JJ-13-11
3278692420032;M2-JJ-13-11
3278692500048;M2-JJ-13-11
3278692550166;M2-JJ-13-11
3279231142002;M2-JJ-13-11
3279231149001;M2-JJ-13-11
3279231183005;M2-JJ-13-11
3279231349012;M2-JJ-13-11
3329770060845;M2-JJ-13-11
3329770060876;M2-JJ-13-11
3329770061507;M2-JJ-13-11
3329770061514;M2-JJ-13-11
3329770086388;M2-JJ-13-11
3463342709296;M2-JJ-13-11
3463342709302;M2-JJ-13-11
3463342709319;M2-JJ-13-11
3608580085690;M2-JJ-13-11
3608580085737;M2-JJ-13-11
3608580085744;M2-JJ-13-11
3608580085751;M2-JJ-13-11
3608580183297;M2-JJ-13-11
3033491143014;M2-JJ-13-12
3033491143021;M2-JJ-13-12
3033491579714;M2-JJ-13-12
3033491579721;M2-JJ-13-12
3033491579738;M2-JJ-13-12
3033491579745;M2-JJ-13-12
3033491579752;M2-JJ-13-12
3033491579769;M2-JJ-13-12
3033491579950;M2-JJ-13-12
3033491724114;M2-JJ-13-12
3177630361003;M2-JJ-13-12
3177630361034;M2-JJ-13-12
3256220358330;M2-JJ-13-12
3256220358347;M2-JJ-13-12
3256220765206;M2-JJ-13-12
3256220765213;M2-JJ-13-12
3256222408132;M2-JJ-13-12
3256222408545;M2-JJ-13-12
3256222811338;M2-JJ-13-12
3256222817392;M2-JJ-13-12
3256224225171;M2-JJ-13-12
3256228230782;M2-JJ-13-12
3278692550142;M2-JJ-13-12
3329770086098;M2-JJ-13-12
3329770086104;M2-JJ-13-12
3329770086142;M2-JJ-13-12
3329770086159;M2-JJ-13-12
3329770086166;M2-JJ-13-12
3329770086173;M2-JJ-13-12
3456770002183;M2-JJ-13-12
3456770005382;M2-JJ-13-12
3456770008352;M2-JJ-13-12
3456770316105;M2-JJ-13-12
3456770316143;M2-JJ-13-12
3456770960971;M2-JJ-13-12
3456772020970;M2-JJ-13-12
3456772021397;M2-JJ-13-12
3456772022523;M2-JJ-13-12
3456772023605;M2-JJ-13-12
3456774709811;M2-JJ-13-12
3456774758772;M2-JJ-13-12
3456774797405;M2-JJ-13-12
3456779805525;M2-JJ-13-12
3608580143581;M2-JJ-13-12
3608580183327;M2-JJ-13-12
3660992022120;M2-JJ-13-12
3033491824067;M2-JJ-13-2
3033491917066;M2-JJ-13-2
3033491976544;M2-JJ-13-2
3033491976551;M2-JJ-13-2
3033491987434;M2-JJ-13-2
3256221870091;M2-JJ-13-2
3256222713342;M2-JJ-13-2
3256222713489;M2-JJ-13-2
3256222713496;M2-JJ-13-2
3256222809649;M2-JJ-13-2
3256225432905;M2-JJ-13-2
3256225432912;M2-JJ-13-2
3256225432950;M2-JJ-13-2
3256226266035;M2-JJ-13-2
3256226387686;M2-JJ-13-2
3256226387693;M2-JJ-13-2
3273220083130;M2-JJ-13-2
3273221113201;M2-JJ-13-2
3280241101002;M2-JJ-13-2
3280241101026;M2-JJ-13-2
3280241101101;M2-JJ-13-2
3280241101118;M2-JJ-13-2
3280241101507;M2-JJ-13-2
3280241101804;M2-JJ-13-2
3280249800013;M2-JJ-13-2
3280249800105;M2-JJ-13-2
3280249801003;M2-JJ-13-2
3297760084150;M2-JJ-13-2
3358150003820;M2-JJ-13-2
3413160100294;M2-JJ-13-2
3413160100300;M2-JJ-13-2
3413160100324;M2-JJ-13-2
3523230014212;M2-JJ-13-2
3523230014243;M2-JJ-13-2
3523230014267;M2-JJ-13-2
3523230026680;M2-JJ-13-2
3523230029193;M2-JJ-13-2
3523230032971;M2-JJ-13-2
3523230034142;M2-JJ-13-2
3523230038591;M2-JJ-13-2
3523230038621;M2-JJ-13-2
3523230039604;M2-JJ-13-2
3523230039628;M2-JJ-13-2
3523230039680;M2-JJ-13-2
3523230048354;M2-JJ-13-2
3523230053044;M2-JJ-13-2
3523230060196;M2-JJ-13-2
3523230063715;M2-JJ-13-2
3523230063739;M2-JJ-13-2
3608580046745;M2-JJ-13-2
3608580055792;M2-JJ-13-2
3608580055846;M2-JJ-13-2
3608580075578;M2-JJ-13-2
3608580086055;M2-JJ-13-2
3608580141211;M2-JJ-13-2
3608580890898;M2-JJ-13-2
3608580890911;M2-JJ-13-2
3608580890928;M2-JJ-13-2
3608580890942;M2-JJ-13-2
3608580890997;M2-JJ-13-2
3608580942764;M2-JJ-13-2
3608580968252;M2-JJ-13-2
3608580968290;M2-JJ-13-2
5411188103387;M2-JJ-13-2
5411188118961;M2-JJ-13-2
5411188124269;M2-JJ-13-2
5411188125808;M2-JJ-13-2
3033491139444;M2-JJ-13-3
3033491325229;M2-JJ-13-3
3173980033089;M2-JJ-13-3
3256220054218;M2-JJ-13-3
3256220362429;M2-JJ-13-3
3256220870382;M2-JJ-13-3
3256221106831;M2-JJ-13-3
3256221106879;M2-JJ-13-3
3256221955408;M2-JJ-13-3
3256222040974;M2-JJ-13-3
3256222254272;M2-JJ-13-3
3256225130757;M2-JJ-13-3
3256225130870;M2-JJ-13-3
3256225432943;M2-JJ-13-3
3256225432981;M2-JJ-13-3
3256226767020;M2-JJ-13-3
3256227087486;M2-JJ-13-3
3256227087493;M2-JJ-13-3
3256227375446;M2-JJ-13-3
3256227375507;M2-JJ-13-3
3256227445491;M2-JJ-13-3
3256229164482;M2-JJ-13-3
3256229164635;M2-JJ-13-3
3273220504055;M2-JJ-13-3
3273220530351;M2-JJ-13-3
3273220540015;M2-JJ-13-3
3273220540213;M2-JJ-13-3
3273220540855;M2-JJ-13-3
3273220541012;M2-JJ-13-3
3273220541166;M2-JJ-13-3
3273221111450;M2-JJ-13-3
3273221114864;M2-JJ-13-3
3273221116622;M2-JJ-13-3
3278692500246;M2-JJ-13-3
3278699005010;M2-JJ-13-3
3278699005027;M2-JJ-13-3
3280240000030;M2-JJ-13-3
3280249800655;M2-JJ-13-3
3280249801218;M2-JJ-13-3
3523230046725;M2-JJ-13-3
3523230046749;M2-JJ-13-3
3523230046763;M2-JJ-13-3
3523230046800;M2-JJ-13-3
3523230047371;M2-JJ-13-3
3523230052986;M2-JJ-13-3
3523230052993;M2-JJ-13-3
3523230062527;M2-JJ-13-3
3523230062534;M2-JJ-13-3
3523230062763;M2-JJ-13-3
3523230063593;M2-JJ-13-3
3523230064453;M2-JJ-13-3
3523230064484;M2-JJ-13-3
3661344117297;M2-JJ-13-3
3661344155114;M2-JJ-13-3
3661344221772;M2-JJ-13-3
3661344221796;M2-JJ-13-3
3661344221819;M2-JJ-13-3
3661344288676;M2-JJ-13-3
3661344288683;M2-JJ-13-3
3661344288690;M2-JJ-13-3
3661344382930;M2-JJ-13-3
3661344382947;M2-JJ-13-3
3661344653573;M2-JJ-13-3
3661344688339;M2-JJ-13-3
3661344912533;M2-JJ-13-3
3661344961326;M2-JJ-13-3
3661344962750;M2-JJ-13-3
3661344997257;M2-JJ-13-3
3023290095850;M2-JJ-13-4
3033490545185;M2-JJ-13-4
3033490699833;M2-JJ-13-4
3033490907730;M2-JJ-13-4
3033491139819;M2-JJ-13-4
3033491147067;M2-JJ-13-4
3033491235375;M2-JJ-13-4
3033491235382;M2-JJ-13-4
3033491235405;M2-JJ-13-4
3033491314780;M2-JJ-13-4
3033491325236;M2-JJ-13-4
3033491325243;M2-JJ-13-4
3033491325250;M2-JJ-13-4
3033491325366;M2-JJ-13-4
3033491325403;M2-JJ-13-4
3033491325694;M2-JJ-13-4
3033491325700;M2-JJ-13-4
3033491325724;M2-JJ-13-4
3033491325731;M2-JJ-13-4
3033491325755;M2-JJ-13-4
3033491347818;M2-JJ-13-4
3033491350672;M2-JJ-13-4
3033491350689;M2-JJ-13-4
3033491350795;M2-JJ-13-4
3033491350863;M2-JJ-13-4
3033491350948;M2-JJ-13-4
3033491351082;M2-JJ-13-4
3033491402807;M2-JJ-13-4
3033491638343;M2-JJ-13-4
3033491920349;M2-JJ-13-4
3033491993138;M2-JJ-13-4
3033491993176;M2-JJ-13-4
3033492023087;M2-JJ-13-4
3033492058232;M2-JJ-13-4
3033492058263;M2-JJ-13-4
3256220269407;M2-JJ-13-4
3256220358316;M2-JJ-13-4
3256220362399;M2-JJ-13-4
3256220362405;M2-JJ-13-4
3256220362412;M2-JJ-13-4
3256221106893;M2-JJ-13-4
3256221664003;M2-JJ-13-4
3256222254296;M2-JJ-13-4
3256222647081;M2-JJ-13-4
3256222817477;M2-JJ-13-4
3256224223504;M2-JJ-13-4
3256224223597;M2-JJ-13-4
3256226874810;M2-JJ-13-4
3256227083204;M2-JJ-13-4
3256227763373;M2-JJ-13-4
3256229164451;M2-JJ-13-4
3256229164468;M2-JJ-13-4
3278692500284;M2-JJ-13-4
3329770085213;M2-JJ-13-4
3329770089464;M2-JJ-13-4
3661344014268;M2-JJ-13-4
3661344014350;M2-JJ-13-4
3023290008331;M2-JJ-13-5
3023290008362;M2-JJ-13-5
3023290008393;M2-JJ-13-5
3023290070628;M2-JJ-13-5
3023290080429;M2-JJ-13-5
3023290080443;M2-JJ-13-5
3023291169031;M2-JJ-13-5
3023291415909;M2-JJ-13-5
3033490005962;M2-JJ-13-5
3033490005986;M2-JJ-13-5
3033490006006;M2-JJ-13-5
3033490006037;M2-JJ-13-5
3033490006051;M2-JJ-13-5
3033490006099;M2-JJ-13-5
3033490006143;M2-JJ-13-5
3033491213199;M2-JJ-13-5
3033491213205;M2-JJ-13-5
3033491213212;M2-JJ-13-5
3033491214509;M2-JJ-13-5
3033491460845;M2-JJ-13-5
3033491460852;M2-JJ-13-5
3033491460869;M2-JJ-13-5
3033491633591;M2-JJ-13-5
3033491781063;M2-JJ-13-5
3184670001288;M2-JJ-13-5
3184670001387;M2-JJ-13-5
3256220172035;M2-JJ-13-5
3256220881296;M2-JJ-13-5
3256220881302;M2-JJ-13-5
3256222254289;M2-JJ-13-5
3256224223108;M2-JJ-13-5
3256224223115;M2-JJ-13-5
3256224223573;M2-JJ-13-5
3256224235309;M2-JJ-13-5
3256224235828;M2-JJ-13-5
3278691140016;M2-JJ-13-5
3329770051065;M2-JJ-13-5
3329770076457;M2-JJ-13-5
3329770086289;M2-JJ-13-5
3329770086296;M2-JJ-13-5
3329770086319;M2-JJ-13-5
3033491482892;M2-JJ-13-6
3033491482953;M2-JJ-13-6
3033491485756;M2-JJ-13-6
3033491485763;M2-JJ-13-6
3033491588136;M2-JJ-13-6
3033491704642;M2-JJ-13-6
3033491724633;M2-JJ-13-6
3033491728167;M2-JJ-13-6
3033491729218;M2-JJ-13-6
3033491824364;M2-JJ-13-6
3033491953637;M2-JJ-13-6
3033491974182;M2-JJ-13-6
3033491998324;M2-JJ-13-6
3033492036131;M2-JJ-13-6
3033492056634;M2-JJ-13-6
3033492056641;M2-JJ-13-6
3033492061409;M2-JJ-13-6
3256221416114;M2-JJ-13-6
3256222713359;M2-JJ-13-6
3256224235408;M2-JJ-13-6
3256228544483;M2-JJ-13-6
3256228544599;M2-JJ-13-6
3256228547446;M2-JJ-13-6
3256229477155;M2-JJ-13-6
3256229477162;M2-JJ-13-6
3273220081068;M2-JJ-13-6
3273220083406;M2-JJ-13-6
3273220085394;M2-JJ-13-6
3329770057234;M2-JJ-13-6
3329770073265;M2-JJ-13-6
3329770073272;M2-JJ-13-6
3329770073289;M2-JJ-13-6
3329770073296;M2-JJ-13-6
3329770077003;M2-JJ-13-6
3329770080010;M2-JJ-13-6
3329770082342;M2-JJ-13-6
3329770082359;M2-JJ-13-6
3329770083233;M2-JJ-13-6
3329770083622;M2-JJ-13-6
3329770087286;M2-JJ-13-6
3329770087316;M2-JJ-13-6
3329770089433;M2-JJ-13-6
3329770090453;M2-JJ-13-6
3660992022335;M2-JJ-13-6
3023290027332;M2-JJ-13-7
3023290030547;M2-JJ-13-7
3023290030585;M2-JJ-13-7
3023290030608;M2-JJ-13-7
3023290038147;M2-JJ-13-7
3023290063873;M2-JJ-13-7
3023290077658;M2-JJ-13-7
3023290078518;M2-JJ-13-7
3023290080641;M2-JJ-13-7
3023290092620;M2-JJ-13-7
3033490613983;M2-JJ-13-7
3033491024832;M2-JJ-13-7
3033491270864;M2-JJ-13-7
3033491451652;M2-JJ-13-7
3033491451713;M2-JJ-13-7
3033491454080;M2-JJ-13-7
3033491916502;M2-JJ-13-7
3033491916526;M2-JJ-13-7
3033491916533;M2-JJ-13-7
3033491923043;M2-JJ-13-7
3033491998317;M2-JJ-13-7
3184670001080;M2-JJ-13-7
3184670001165;M2-JJ-13-7
3184670001363;M2-JJ-13-7
3184670002049;M2-JJ-13-7
3256221400250;M2-JJ-13-7
3256224080435;M2-JJ-13-7
3256224235446;M2-JJ-13-7
3256224235477;M2-JJ-13-7
3256228482341;M2-JJ-13-7
3256229477186;M2-JJ-13-7
3329770051072;M2-JJ-13-7
3329770051096;M2-JJ-13-7
3329770051157;M2-JJ-13-7
3329770052024;M2-JJ-13-7
3329770052048;M2-JJ-13-7
3329770062344;M2-JJ-13-7
3329770076464;M2-JJ-13-7
3329770076471;M2-JJ-13-7
3332621060222;M2-JJ-13-7
3368958431251;M2-JJ-13-7
3369640011973;M2-JJ-13-7
3456772021601;M2-JJ-13-7
3456772021632;M2-JJ-13-7
3456772021663;M2-JJ-13-7
3597240060422;M2-JJ-13-7
3597240060521;M2-JJ-13-7
3033490004514;M2-JJ-13-8
3033490004521;M2-JJ-13-8
3033490004569;M2-JJ-13-8
3033490004583;M2-JJ-13-8
3033490004590;M2-JJ-13-8
3184670001141;M2-JJ-13-8
3184670001882;M2-JJ-13-8
3256220277426;M2-JJ-13-8
3256222978741;M2-JJ-13-8
3256222978758;M2-JJ-13-8
3256224221258;M2-JJ-13-8
3256224221272;M2-JJ-13-8
3256224225126;M2-JJ-13-8
3256228430335;M2-JJ-13-8
3256229807419;M2-JJ-13-8
3278691120018;M2-JJ-13-8
3278691130017;M2-JJ-13-8
3278691130086;M2-JJ-13-8
3278691190011;M2-JJ-13-8
3278691220114;M2-JJ-13-8
3278692111145;M2-JJ-13-8
3278692211142;M2-JJ-13-8
3278692500567;M2-JJ-13-8
3278692500673;M2-JJ-13-8
3278692500697;M2-JJ-13-8
3278692500734;M2-JJ-13-8
3278692500741;M2-JJ-13-8
3278692500826;M2-JJ-13-8
3278692500871;M2-JJ-13-8
3278692501151;M2-JJ-13-8
3329770052031;M2-JJ-13-8
3023290001950;M2-JJ-13-9
3023290002018;M2-JJ-13-9
3023290014080;M2-JJ-13-9
3023290069509;M2-JJ-13-9
3023290080504;M2-JJ-13-9
3023290115251;M2-JJ-13-9
3023290115282;M2-JJ-13-9
3023290223055;M2-JJ-13-9
3023291122005;M2-JJ-13-9
3033490004545;M2-JJ-13-9
3256220370295;M2-JJ-13-9
3256220370318;M2-JJ-13-9
3256221235401;M2-JJ-13-9
3256221647143;M2-JJ-13-9
3256224221302;M2-JJ-13-9
3256224225133;M2-JJ-13-9
3256224235781;M2-JJ-13-9
3256224760023;M2-JJ-13-9
3256225432851;M2-JJ-13-9
3256225432868;M2-JJ-13-9
3256226090340;M2-JJ-13-9
3256228440440;M2-JJ-13-9
3256228961594;M2-JJ-13-9
3256228961600;M2-JJ-13-9
3256228961617;M2-JJ-13-9
3256229528277;M2-JJ-13-9
3660992013241;M2-JJ-13-9
3173980044818;M2-JJ-1-4
3176571959003;M2-JJ-1-4
3176571989000;M2-JJ-1-4
3176571991003;M2-JJ-1-4
3256224234463;M2-JJ-1-4
3256224234494;M2-JJ-1-4
3256224234500;M2-JJ-1-4
3256225736331;M2-JJ-1-4
3256225736355;M2-JJ-1-4
3033491279294;M2-JJ-14-1
3033491279300;M2-JJ-14-1
3033491279706;M2-JJ-14-1
3033491279713;M2-JJ-14-1
3033491279720;M2-JJ-14-1
3033491279737;M2-JJ-14-1
3033491279782;M2-JJ-14-1
3033491279881;M2-JJ-14-1
3033491279898;M2-JJ-14-1
3033491322365;M2-JJ-14-1
3033491432736;M2-JJ-14-1
3033491432767;M2-JJ-14-1
3033491917141;M2-JJ-14-1
3256220267748;M2-JJ-14-1
3256220370325;M2-JJ-14-1
3256221096316;M2-JJ-14-1
3256221647129;M2-JJ-14-1
3256221647136;M2-JJ-14-1
3256222811215;M2-JJ-14-1
3256222811222;M2-JJ-14-1
3256223376225;M2-JJ-14-1
3256224236337;M2-JJ-14-1
3256224236344;M2-JJ-14-1
3256224236351;M2-JJ-14-1
3256226092986;M2-JJ-14-1
3660992013203;M2-JJ-14-1
3660992013210;M2-JJ-14-1
3023290013403;M2-JJ-14-2
3023290013427;M2-JJ-14-2
3023290035627;M2-JJ-14-2
3023290035689;M2-JJ-14-2
3023290035801;M2-JJ-14-2
3023290035924;M2-JJ-14-2
3023290050347;M2-JJ-14-2
3023290050378;M2-JJ-14-2
3023290077689;M2-JJ-14-2
3023290092088;M2-JJ-14-2
3023290112243;M2-JJ-14-2
3023290112267;M2-JJ-14-2
3023290165386;M2-JJ-14-2
3023290233702;M2-JJ-14-2
3023290620144;M2-JJ-14-2
3023290623527;M2-JJ-14-2
3023290797365;M2-JJ-14-2
3023292259014;M2-JJ-14-2
3023292259144;M2-JJ-14-2
3033491377006;M2-JJ-14-2
3033491432743;M2-JJ-14-2
3033491432774;M2-JJ-14-2
3033491529726;M2-JJ-14-2
3033491976537;M2-JJ-14-2
3033492101532;M2-JJ-14-2
3256221142990;M2-JJ-14-2
3256221143003;M2-JJ-14-2
3256221143010;M2-JJ-14-2
3256222822334;M2-JJ-14-2
3256222822341;M2-JJ-14-2
3256229129719;M2-JJ-14-2
3256229129726;M2-JJ-14-2
3278690085646;M2-JJ-14-2
3278690085684;M2-JJ-14-2
3278690085691;M2-JJ-14-2
3278692500802;M2-JJ-14-2
3278693504076;M2-JJ-14-2
3278693504083;M2-JJ-14-2
3372900901693;M2-JJ-14-2
3456770033446;M2-JJ-14-2
3456770522155;M2-JJ-14-2
3456772022554;M2-JJ-14-2
3456774759342;M2-JJ-14-2
3456774759359;M2-JJ-14-2
3456774759366;M2-JJ-14-2
3456774781602;M2-JJ-14-2
3456774781619;M2-JJ-14-2
3456774781633;M2-JJ-14-2
3456774781640;M2-JJ-14-2
3456776728100;M2-JJ-14-2
3456778743248;M2-JJ-14-2
3608580902928;M2-JJ-14-2
3760289260195;M2-JJ-14-2
3760289260201;M2-JJ-14-2
5060971860787;M2-JJ-14-2
3023290030356;M2-JJ-14-3
3023290050408;M2-JJ-14-3
3023290170076;M2-JJ-14-3
3023290639221;M2-JJ-14-3
3033490005221;M2-JJ-14-3
3033490005238;M2-JJ-14-3
3033490005245;M2-JJ-14-3
3033491377105;M2-JJ-14-3
3033491377112;M2-JJ-14-3
3033491753558;M2-JJ-14-3
3033491990052;M2-JJ-14-3
3033492071866;M2-JJ-14-3
3033492071873;M2-JJ-14-3
3033492071880;M2-JJ-14-3
3256220020534;M2-JJ-14-3
3256220020541;M2-JJ-14-3
3256220020558;M2-JJ-14-3
3256220020565;M2-JJ-14-3
3256224241188;M2-JJ-14-3
3256224241201;M2-JJ-14-3
3256224242468;M2-JJ-14-3
3256224242475;M2-JJ-14-3
3256229528260;M2-JJ-14-3
3279231710010;M2-JJ-14-3
3279231711000;M2-JJ-14-3
3279231714001;M2-JJ-14-3
3279231730018;M2-JJ-14-3
3279231731008;M2-JJ-14-3
3279231732005;M2-JJ-14-3
3279231740017;M2-JJ-14-3
3279231741014;M2-JJ-14-3
3280242880005;M2-JJ-14-3
3368951868030;M2-JJ-14-3
3368951868238;M2-JJ-14-3
3372900900634;M2-JJ-14-3
3372900901105;M2-JJ-14-3
3608580113836;M2-JJ-14-3
3608580113898;M2-JJ-14-3
3608580765653;M2-JJ-14-3
3608580765684;M2-JJ-14-3
3608580787631;M2-JJ-14-3
3660992013227;M2-JJ-14-3
3760122966000;M2-JJ-14-3
3023290003022;M2-JJ-14-4
3023290009055;M2-JJ-14-4
3023290009086;M2-JJ-14-4
3023290009178;M2-JJ-14-4
3023290029862;M2-JJ-14-4
3023290036655;M2-JJ-14-4
3023290036686;M2-JJ-14-4
3023290036716;M2-JJ-14-4
3023290050255;M2-JJ-14-4
3023290050286;M2-JJ-14-4
3023290068175;M2-JJ-14-4
3023290079003;M2-JJ-14-4
3023290115176;M2-JJ-14-4
3023290169940;M2-JJ-14-4
3023290205068;M2-JJ-14-4
3023290230183;M2-JJ-14-4
3023290624302;M2-JJ-14-4
3023292266005;M2-JJ-14-4
3045320517699;M2-JJ-14-4
3256220141260;M2-JJ-14-4
3256221658699;M2-JJ-14-4
3256221663969;M2-JJ-14-4
3256221663976;M2-JJ-14-4
3256221663990;M2-JJ-14-4
3256224236429;M2-JJ-14-4
3256224236672;M2-JJ-14-4
3256224242482;M2-JJ-14-4
3256227446528;M2-JJ-14-4
3256229550810;M2-JJ-14-4
3256229617575;M2-JJ-14-4
3279231500000;M2-JJ-14-4
3279231501007;M2-JJ-14-4
3279231503001;M2-JJ-14-4
3279231543007;M2-JJ-14-4
3372900900306;M2-JJ-14-4
3608580908197;M2-JJ-14-4
3608580908319;M2-JJ-14-4
5410096784701;M2-JJ-14-4
3023290169803;M2-JJ-14-5
3023290208137;M2-JJ-14-5
3023290623992;M2-JJ-14-5
3023290624265;M2-JJ-14-5
3023290643488;M2-JJ-14-5
3023290719312;M2-JJ-14-5
3023290719329;M2-JJ-14-5
3045320525106;M2-JJ-14-5
3045320525137;M2-JJ-14-5
3045320528572;M2-JJ-14-5
3176572350069;M2-JJ-14-5
3184670001547;M2-JJ-14-5
3184670005194;M2-JJ-14-5
3184670006115;M2-JJ-14-5
3184670006429;M2-JJ-14-5
3184670006610;M2-JJ-14-5
3184670006627;M2-JJ-14-5
3184670006917;M2-JJ-14-5
3184670007808;M2-JJ-14-5
3184670008089;M2-JJ-14-5
3184670008379;M2-JJ-14-5
3184670008713;M2-JJ-14-5
3256221648140;M2-JJ-14-5
3256221648164;M2-JJ-14-5
3256221663983;M2-JJ-14-5
3256222645216;M2-JJ-14-5
3256222645223;M2-JJ-14-5
3256226761219;M2-JJ-14-5
3256226761226;M2-JJ-14-5
3256227443282;M2-JJ-14-5
3256227443299;M2-JJ-14-5
3256229238350;M2-JJ-14-5
3456774750608;M2-JJ-14-5
3608580134305;M2-JJ-14-5
3608580884170;M2-JJ-14-5
3608580907831;M2-JJ-14-5
3608580934783;M2-JJ-14-5
3023290456538;M2-JJ-14-6
3033491011993;M2-JJ-14-6
3033491012006;M2-JJ-14-6
3033491012020;M2-JJ-14-6
3033491889578;M2-JJ-14-6
3033491987403;M2-JJ-14-6
3256220310765;M2-JJ-14-6
3256221971217;M2-JJ-14-6
3256225051069;M2-JJ-14-6
3256228129802;M2-JJ-14-6
3256228231086;M2-JJ-14-6
3329770052017;M2-JJ-14-6
3368950505479;M2-JJ-14-6
3368952508058;M2-JJ-14-6
3368952508072;M2-JJ-14-6
3368953025264;M2-JJ-14-6
3368953072831;M2-JJ-14-6
3368953577664;M2-JJ-14-6
3368953577671;M2-JJ-14-6
3368953692046;M2-JJ-14-6
3368954301343;M2-JJ-14-6
3368955826791;M2-JJ-14-6
3368955826807;M2-JJ-14-6
3368956286242;M2-JJ-14-6
3368957045787;M2-JJ-14-6
3368958247524;M2-JJ-14-6
3368958510109;M2-JJ-14-6
3368959425167;M2-JJ-14-6
3368959959259;M2-JJ-14-6
3372900017899;M2-JJ-14-6
3372900020059;M2-JJ-14-6
3372900901075;M2-JJ-14-6
3372900901471;M2-JJ-14-6
3372900901556;M2-JJ-14-6
3372900901570;M2-JJ-14-6
3372900901723;M2-JJ-14-6
3372900901846;M2-JJ-14-6
3372900901969;M2-JJ-14-6
3372900901983;M2-JJ-14-6
3372900902041;M2-JJ-14-6
3372900902201;M2-JJ-14-6
3533631886004;M2-JJ-14-6
3533631887001;M2-JJ-14-6
3533631888008;M2-JJ-14-6
3660992013180;M2-JJ-14-6
5711953145476;M2-JJ-14-6
5711953145483;M2-JJ-14-6
5711953145490;M2-JJ-14-6
5711953145506;M2-JJ-14-6
5711953161735;M2-JJ-14-6
5711953163791;M2-JJ-14-6
3023290007310;M2-JJ-14-7
3023290021064;M2-JJ-14-7
3023290021095;M2-JJ-14-7
3023290077740;M2-JJ-14-7
3023290400326;M2-JJ-14-7
3023290400333;M2-JJ-14-7
3033490143589;M2-JJ-14-7
3033491208195;M2-JJ-14-7
3033491225307;M2-JJ-14-7
3033491233692;M2-JJ-14-7
3033491988219;M2-JJ-14-7
3033492074027;M2-JJ-14-7
3176572555280;M2-JJ-14-7
3256220031066;M2-JJ-14-7
3256220060134;M2-JJ-14-7
3256221664010;M2-JJ-14-7
3256221973280;M2-JJ-14-7
3256222645162;M2-JJ-14-7
3256222645179;M2-JJ-14-7
3256222645186;M2-JJ-14-7
3256222822372;M2-JJ-14-7
3256222822396;M2-JJ-14-7
3256222972640;M2-JJ-14-7
3256225051014;M2-JJ-14-7
3256225051106;M2-JJ-14-7
3256225051113;M2-JJ-14-7
3256225051120;M2-JJ-14-7
3256226862350;M2-JJ-14-7
3256226862367;M2-JJ-14-7
3329770048706;M2-JJ-14-7
3329770063037;M2-JJ-14-7
3329770063143;M2-JJ-14-7
3329770063273;M2-JJ-14-7
3329770063280;M2-JJ-14-7
3329770063297;M2-JJ-14-7
3329770063310;M2-JJ-14-7
3329770063327;M2-JJ-14-7
3329770063334;M2-JJ-14-7
3329770063341;M2-JJ-14-7
3329770070660;M2-JJ-14-7
3329770071391;M2-JJ-14-7
3329770071421;M2-JJ-14-7
3329770075313;M2-JJ-14-7
3329770075351;M2-JJ-14-7
3329770075399;M2-JJ-14-7
3329770075405;M2-JJ-14-7
3329770080041;M2-JJ-14-7
3329770088016;M2-JJ-14-7
3660992013197;M2-JJ-14-7
3033491225222;M2-JJ-14-8
3033491225253;M2-JJ-14-8
3033491225284;M2-JJ-14-8
3033491227097;M2-JJ-14-8
3033491267642;M2-JJ-14-8
3033491916458;M2-JJ-14-8
3033491987441;M2-JJ-14-8
3045320000412;M2-JJ-14-8
3045320017205;M2-JJ-14-8
3045320074864;M2-JJ-14-8
3045320077636;M2-JJ-14-8
3045320082135;M2-JJ-14-8
3045320523584;M2-JJ-14-8
3256225051045;M2-JJ-14-8
3256225051052;M2-JJ-14-8
3256225051137;M2-JJ-14-8
3256225060504;M2-JJ-14-8
3329770058897;M2-JJ-14-8
3329770058903;M2-JJ-14-8
3367651005462;M2-JJ-14-8
3608580003625;M2-JJ-14-8
3608580006633;M2-JJ-14-8
3608580006657;M2-JJ-14-8
3608580006664;M2-JJ-14-8
3608580006671;M2-JJ-14-8
3608580102526;M2-JJ-14-8
3608580745228;M2-JJ-14-8
3608580762294;M2-JJ-14-8
3608580784524;M2-JJ-14-8
3608580796312;M2-JJ-14-8
3608580796350;M2-JJ-14-8
3608580796374;M2-JJ-14-8
3608580796404;M2-JJ-14-8
3608580931546;M2-JJ-14-8
3608580931584;M2-JJ-14-8
3608580931591;M2-JJ-14-8
3608580941668;M2-JJ-14-8
4008400290829;M2-JJ-14-8
4008400551920;M2-JJ-14-8
8000500309469;M2-JJ-14-8
8000500385395;M2-JJ-14-8
9120025839957;M2-JJ-14-8
9120097310545;M2-JJ-14-8
9120097311283;M2-JJ-14-8
3021760980101;M2-JJ-14-9
3021760980118;M2-JJ-14-9
3021760980156;M2-JJ-14-9
3021760980163;M2-JJ-14-9
3021760980187;M2-JJ-14-9
3021760980194;M2-JJ-14-9
3256220178112;M2-JJ-14-9
3256220178129;M2-JJ-14-9
3256220178136;M2-JJ-14-9
3256220866040;M2-JJ-14-9
3256220878203;M2-JJ-14-9
3256220878210;M2-JJ-14-9
3256220878227;M2-JJ-14-9
3256221129229;M2-JJ-14-9
3256221416602;M2-JJ-14-9
3256223368954;M2-JJ-14-9
3256223368961;M2-JJ-14-9
3256224242802;M2-JJ-14-9
3256224242826;M2-JJ-14-9
3256224242840;M2-JJ-14-9
3256224242864;M2-JJ-14-9
3256224242871;M2-JJ-14-9
3256225059874;M2-JJ-14-9
3256225059898;M2-JJ-14-9
3256225060740;M2-JJ-14-9
3256227206207;M2-JJ-14-9
3256227206214;M2-JJ-14-9
3256227206221;M2-JJ-14-9
3256227206252;M2-JJ-14-9
3256227206276;M2-JJ-14-9
3256227206283;M2-JJ-14-9
3256229930391;M2-JJ-14-9
3256229930407;M2-JJ-14-9
3256229930414;M2-JJ-14-9
3297760092124;M2-JJ-14-9
3297760092148;M2-JJ-14-9
3297760092179;M2-JJ-14-9
3297760092209;M2-JJ-14-9
3297760092216;M2-JJ-14-9
3297760092223;M2-JJ-14-9
3297760097006;M2-JJ-14-9
3297760097020;M2-JJ-14-9
3297760097037;M2-JJ-14-9
3297760097044;M2-JJ-14-9
3297760097068;M2-JJ-14-9
3297760097099;M2-JJ-14-9
3297760097143;M2-JJ-14-9
3297760097167;M2-JJ-14-9
3297760097280;M2-JJ-14-9
3297760097327;M2-JJ-14-9
3297760097952;M2-JJ-14-9
3297760097969;M2-JJ-14-9
3297760097976;M2-JJ-14-9
3297760097990;M2-JJ-14-9
3297760098430;M2-JJ-14-9
3608580161844;M2-JJ-14-9
3256221135794;M2-JJ-1-5
3256222242682;M2-JJ-1-5
3256224234555;M2-JJ-1-5
3256224234562;M2-JJ-1-5
3428271100095;M2-JJ-1-5
3428272950057;M2-JJ-1-5
3428272950064;M2-JJ-1-5
3428272970161;M2-JJ-1-5
3428272970178;M2-JJ-1-5
3428273090028;M2-JJ-1-5
3428274050120;M2-JJ-1-5
3533631835002;M2-JJ-1-5
3256222242644;M2-JJ-1-6
3256222242651;M2-JJ-1-6
3428272040062;M2-JJ-1-6
3428272110017;M2-JJ-1-6
3428272170028;M2-JJ-1-6
3428272170059;M2-JJ-1-6
3428273990083;M2-JJ-1-6
3533631574000;M2-JJ-1-6
3021760980217;M2-JJ-16-1
3021760980224;M2-JJ-16-1
3256221952452;M2-JJ-16-1
3256221952544;M2-JJ-16-1
3256221952582;M2-JJ-16-1
3256221952599;M2-JJ-16-1
3256221952605;M2-JJ-16-1
3256221952629;M2-JJ-16-1
3256221952650;M2-JJ-16-1
3256221952667;M2-JJ-16-1
3256221952704;M2-JJ-16-1
3256221952711;M2-JJ-16-1
3256222627281;M2-JJ-16-1
3256222809793;M2-JJ-16-1
3256222809823;M2-JJ-16-1
3256224200000;M2-JJ-16-1
3256224200031;M2-JJ-16-1
3256227457296;M2-JJ-16-1
3256227457302;M2-JJ-16-1
3289196220011;M2-JJ-16-1
3297760019039;M2-JJ-16-1
3297760098829;M2-JJ-16-1
3608580133445;M2-JJ-16-1
3608580141150;M2-JJ-16-1
3608580141181;M2-JJ-16-1
3760192493307;M2-JJ-16-1
3760192493819;M2-JJ-16-1
3760192493857;M2-JJ-16-1
3760192494137;M2-JJ-16-1
3760192494151;M2-JJ-16-1
3770032519005;M2-JJ-16-1
3770032519012;M2-JJ-16-1
3770032519050;M2-JJ-16-1
3770032519067;M2-JJ-16-1
3770032519074;M2-JJ-16-1
3770032519081;M2-JJ-16-1
3770037280023;M2-JJ-16-1
3770037280030;M2-JJ-16-1
3770037280054;M2-JJ-16-1
5038862000192;M2-JJ-16-1
5038862000901;M2-JJ-16-1
5038862003452;M2-JJ-16-1
5038862110303;M2-JJ-16-1
5038862130462;M2-JJ-16-1
5038862130929;M2-JJ-16-1
5038862132411;M2-JJ-16-1
5038862133838;M2-JJ-16-1
5038862134330;M2-JJ-16-1
5038862134590;M2-JJ-16-1
5038862134729;M2-JJ-16-1
5038862135443;M2-JJ-16-1
5038862136129;M2-JJ-16-1
5038862136440;M2-JJ-16-1
5038862136532;M2-JJ-16-1
5038862137034;M2-JJ-16-1
5038862137775;M2-JJ-16-1
5038862139137;M2-JJ-16-1
5038862160506;M2-JJ-16-1
5038862161503;M2-JJ-16-1
5038862162500;M2-JJ-16-1
5038862164504;M2-JJ-16-1
5038862165501;M2-JJ-16-1
5038862166508;M2-JJ-16-1
5038862167505;M2-JJ-16-1
5038862234115;M2-JJ-16-1
5038862234214;M2-JJ-16-1
5038862237482;M2-JJ-16-1
5038862238342;M2-JJ-16-1
5038862239677;M2-JJ-16-1
5038862326100;M2-JJ-16-1
5038862362504;M2-JJ-16-1
5038862366502;M2-JJ-16-1
5038862430081;M2-JJ-16-1
5038862432269;M2-JJ-16-1
5038862433600;M2-JJ-16-1
5038862433815;M2-JJ-16-1
5038862437820;M2-JJ-16-1
5038862437905;M2-JJ-16-1
5038862438728;M2-JJ-16-1
1210002000383;M2-JJ-16-2
1210002000659;M2-JJ-16-2
1210002001489;M2-JJ-16-2
1210002001939;M2-JJ-16-2
3045320104127;M2-JJ-16-2
3045320104158;M2-JJ-16-2
3045320104165;M2-JJ-16-2
3045320104172;M2-JJ-16-2
3045320104196;M2-JJ-16-2
3045320104530;M2-JJ-16-2
3045320104776;M2-JJ-16-2
3168930156376;M2-JJ-16-2
3168930156680;M2-JJ-16-2
3168930156741;M2-JJ-16-2
3168930156772;M2-JJ-16-2
3168930156802;M2-JJ-16-2
3168930156864;M2-JJ-16-2
3168930156925;M2-JJ-16-2
3168930156987;M2-JJ-16-2
3168930162070;M2-JJ-16-2
3168930163480;M2-JJ-16-2
3256221115536;M2-JJ-16-2
3256221952490;M2-JJ-16-2
3256221952520;M2-JJ-16-2
3256221952537;M2-JJ-16-2
3256221952643;M2-JJ-16-2
3256225037919;M2-JJ-16-2
3256225130764;M2-JJ-16-2
3256227457319;M2-JJ-16-2
3291330005071;M2-JJ-16-2
3291330006009;M2-JJ-16-2
3291330009635;M2-JJ-16-2
3608580113539;M2-JJ-16-2
3608580113591;M2-JJ-16-2
3608580913856;M2-JJ-16-2
3661138600585;M2-JJ-16-2
3661505086530;M2-JJ-16-2
3661505086578;M2-JJ-16-2
3661505086608;M2-JJ-16-2
3770013080159;M2-JJ-16-2
3770013080166;M2-JJ-16-2
3770013080173;M2-JJ-16-2
3770013080180;M2-JJ-16-2
3770013080197;M2-JJ-16-2
3770013080203;M2-JJ-16-2
3770013080258;M2-JJ-16-2
3770013080265;M2-JJ-16-2
5410188032161;M2-JJ-16-2
3155250001554;M2-JJ-16-3
3155250001714;M2-JJ-16-3
3155250003763;M2-JJ-16-3
3155250004708;M2-JJ-16-3
3155250004746;M2-JJ-16-3
3155250300527;M2-JJ-16-3
3155251205425;M2-JJ-16-3
3155253004262;M2-JJ-16-3
3155253019723;M2-JJ-16-3
3155253020644;M2-JJ-16-3
3155253026172;M2-JJ-16-3
3155253031374;M2-JJ-16-3
3173980060054;M2-JJ-16-3
3218930156002;M2-JJ-16-3
3218930167008;M2-JJ-16-3
3252214970045;M2-JJ-16-3
3254550010126;M2-JJ-16-3
3254550010140;M2-JJ-16-3
3254550014704;M2-JJ-16-3
3254550014711;M2-JJ-16-3
3254550018832;M2-JJ-16-3
3256220362436;M2-JJ-16-3
3256221801569;M2-JJ-16-3
3256221802177;M2-JJ-16-3
3256222622286;M2-JJ-16-3
3256222622309;M2-JJ-16-3
3256222803128;M2-JJ-16-3
3256222803135;M2-JJ-16-3
3256224231530;M2-JJ-16-3
3256224318781;M2-JJ-16-3
3256225429059;M2-JJ-16-3
3256225534661;M2-JJ-16-3
3256226383084;M2-JJ-16-3
3256229983007;M2-JJ-16-3
3329770062696;M2-JJ-16-3
3329770062702;M2-JJ-16-3
3329770062740;M2-JJ-16-3
3329770062764;M2-JJ-16-3
3332621038054;M2-JJ-16-3
3332850507031;M2-JJ-16-3
3368954301381;M2-JJ-16-3
3368957611838;M2-JJ-16-3
3428200303863;M2-JJ-16-3
3428203079598;M2-JJ-16-3
3451790012358;M2-JJ-16-3
3451790012914;M2-JJ-16-3
3451790020483;M2-JJ-16-3
3533630097531;M2-JJ-16-3
3533630097579;M2-JJ-16-3
3533630097654;M2-JJ-16-3
3660992022007;M2-JJ-16-3
3660992022113;M2-JJ-16-3
3073781178241;M2-JJ-16-4
3155250348734;M2-JJ-16-4
3155250364758;M2-JJ-16-4
3155250364772;M2-JJ-16-4
3155250364819;M2-JJ-16-4
3155251205296;M2-JJ-16-4
3155251205302;M2-JJ-16-4
3155251205319;M2-JJ-16-4
3155251205548;M2-JJ-16-4
3155251205814;M2-JJ-16-4
3252920035502;M2-JJ-16-4
3252950000808;M2-JJ-16-4
3252950038221;M2-JJ-16-4
3256220064651;M2-JJ-16-4
3256225052981;M2-JJ-16-4
3256229806566;M2-JJ-16-4
3256229806573;M2-JJ-16-4
3278693120504;M2-JJ-16-4
3329770082403;M2-JJ-16-4
3329770082410;M2-JJ-16-4
3366321053291;M2-JJ-16-4
3366321053307;M2-JJ-16-4
3412290001822;M2-JJ-16-4
3451790439353;M2-JJ-16-4
3451790439506;M2-JJ-16-4
3451790961038;M2-JJ-16-4
3451790961274;M2-JJ-16-4
3660992013265;M2-JJ-16-4
8719200031357;M2-JJ-16-4
8719200031449;M2-JJ-16-4
8719200031524;M2-JJ-16-4
8719200056626;M2-JJ-16-4
8719200230859;M2-JJ-16-4
8719200254589;M2-JJ-16-4
3155250006238;M2-JJ-16-5
3155250301463;M2-JJ-16-5
3155250358788;M2-JJ-16-5
3155250367063;M2-JJ-16-5
3155250367094;M2-JJ-16-5
3155251204343;M2-JJ-16-5
3155251205524;M2-JJ-16-5
3155251209515;M2-JJ-16-5
3155253007737;M2-JJ-16-5
3155253007751;M2-JJ-16-5
3155253020965;M2-JJ-16-5
3155253022181;M2-JJ-16-5
3155253029678;M2-JJ-16-5
3155253029708;M2-JJ-16-5
3155253031251;M2-JJ-16-5
3228020215090;M2-JJ-16-5
3228020215106;M2-JJ-16-5
3228022000243;M2-JJ-16-5
3228022000250;M2-JJ-16-5
3228022020050;M2-JJ-16-5
3256220366113;M2-JJ-16-5
3256220366120;M2-JJ-16-5
3256224251804;M2-JJ-16-5
3256224251828;M2-JJ-16-5
3256224303008;M2-JJ-16-5
3256228261434;M2-JJ-16-5
3366321051525;M2-JJ-16-5
3366321051983;M2-JJ-16-5
3366321051990;M2-JJ-16-5
3366321052003;M2-JJ-16-5
3366321052386;M2-JJ-16-5
3366321052393;M2-JJ-16-5
3366321053284;M2-JJ-16-5
3366321053314;M2-JJ-16-5
3366321053864;M2-JJ-16-5
3366321053871;M2-JJ-16-5
3366321053949;M2-JJ-16-5
3366321053956;M2-JJ-16-5
3366321053963;M2-JJ-16-5
3366321053970;M2-JJ-16-5
3366321054205;M2-JJ-16-5
3366321054229;M2-JJ-16-5
3366321054236;M2-JJ-16-5
3366321054359;M2-JJ-16-5
3366321055516;M2-JJ-16-5
3366321055523;M2-JJ-16-5
3412290016055;M2-JJ-16-5
3451790011245;M2-JJ-16-5
3451790988677;M2-JJ-16-5
8719200012516;M2-JJ-16-5
8719200012608;M2-JJ-16-5
8719200012837;M2-JJ-16-5
8719200251458;M2-JJ-16-5
8719200251649;M2-JJ-16-5
8719200251670;M2-JJ-16-5
8719200251700;M2-JJ-16-5
8719200254527;M2-JJ-16-5
8719200254619;M2-JJ-16-5
8719200254640;M2-JJ-16-5
8719200271333;M2-JJ-16-5
8719200292932;M2-JJ-16-5
3114270300214;M2-JJ-16-6
3114270300221;M2-JJ-16-6
3155250366974;M2-JJ-16-6
3155251207146;M2-JJ-16-6
3155251208082;M2-JJ-16-6
3155253016067;M2-JJ-16-6
3155253016111;M2-JJ-16-6
3155253020941;M2-JJ-16-6
3184030001125;M2-JJ-16-6
3228021990095;M2-JJ-16-6
3228023030072;M2-JJ-16-6
3252920012305;M2-JJ-16-6
3252920012350;M2-JJ-16-6
3252920013494;M2-JJ-16-6
3252920015306;M2-JJ-16-6
3252920015351;M2-JJ-16-6
3254550025984;M2-JJ-16-6
3254550025991;M2-JJ-16-6
3256220114158;M2-JJ-16-6
3256220114165;M2-JJ-16-6
3256224252009;M2-JJ-16-6
3256224252016;M2-JJ-16-6
3256224252054;M2-JJ-16-6
3256224303015;M2-JJ-16-6
3256228118509;M2-JJ-16-6
3412290011050;M2-JJ-16-6
3412290011067;M2-JJ-16-6
3412290011074;M2-JJ-16-6
3412290011258;M2-JJ-16-6
3412290015980;M2-JJ-16-6
3412290015997;M2-JJ-16-6
3412290016000;M2-JJ-16-6
3412290016185;M2-JJ-16-6
3412290018233;M2-JJ-16-6
3451790988813;M2-JJ-16-6
3523230009362;M2-JJ-16-6
3523230030755;M2-JJ-16-6
3523230030793;M2-JJ-16-6
3523239723009;M2-JJ-16-6
3700342359312;M2-JJ-16-6
3700342359329;M2-JJ-16-6
3155250008577;M2-JJ-16-7
3155250359396;M2-JJ-16-7
3155250359402;M2-JJ-16-7
3155250367049;M2-JJ-16-7
3155251205500;M2-JJ-16-7
3155251212973;M2-JJ-16-7
3155251212980;M2-JJ-16-7
3155253020934;M2-JJ-16-7
3161919369286;M2-JJ-16-7
3173980010035;M2-JJ-16-7
3173980010400;M2-JJ-16-7
3228020400199;M2-JJ-16-7
3228020481150;M2-JJ-16-7
3254550020262;M2-JJ-16-7
3256221115642;M2-JJ-16-7
3256221115659;M2-JJ-16-7
3256221135848;M2-JJ-16-7
3256221135855;M2-JJ-16-7
3256222646886;M2-JJ-16-7
3256222646893;M2-JJ-16-7
3256224252061;M2-JJ-16-7
3256224252108;M2-JJ-16-7
3256224252122;M2-JJ-16-7
3256224252139;M2-JJ-16-7
3256224252146;M2-JJ-16-7
3256225169009;M2-JJ-16-7
3256225169016;M2-JJ-16-7
3274932103802;M2-JJ-16-7
3274932103857;M2-JJ-16-7
3275240216505;M2-JJ-16-7
3275240226252;M2-JJ-16-7
3276660390134;M2-JJ-16-7
3354599571005;M2-JJ-16-7
3354599572002;M2-JJ-16-7
3412290011098;M2-JJ-16-7
3412290011104;M2-JJ-16-7
3412290027686;M2-JJ-16-7
3412290027693;M2-JJ-16-7
3451790011269;M2-JJ-16-7
3451790011283;M2-JJ-16-7
3451790408892;M2-JJ-16-7
3451790563256;M2-JJ-16-7
3451790563379;M2-JJ-16-7
3451790934865;M2-JJ-16-7
3451790934988;M2-JJ-16-7
3451790941610;M2-JJ-16-7
3451795373652;M2-JJ-16-7
3523230000819;M2-JJ-16-7
3700342358322;M2-JJ-16-7
3700342358339;M2-JJ-16-7
8719200274303;M2-JJ-16-7
8719200274334;M2-JJ-16-7
3060921454358;M2-JJ-16-8
3123930640034;M2-JJ-16-8
3123930640621;M2-JJ-16-8
3123930640645;M2-JJ-16-8
3123930711307;M2-JJ-16-8
3123930715008;M2-JJ-16-8
3123930770007;M2-JJ-16-8
3123930771004;M2-JJ-16-8
3123930771059;M2-JJ-16-8
3176582076560;M2-JJ-16-8
3228021170046;M2-JJ-16-8
3228022210079;M2-JJ-16-8
3228022230015;M2-JJ-16-8
3228022230091;M2-JJ-16-8
3228023060192;M2-JJ-16-8
3228023210054;M2-JJ-16-8
3228024050178;M2-JJ-16-8
3228024960293;M2-JJ-16-8
3256220276917;M2-JJ-16-8
3256221663952;M2-JJ-16-8
3256223375662;M2-JJ-16-8
3256223375679;M2-JJ-16-8
3256223375686;M2-JJ-16-8
3256224311096;M2-JJ-16-8
3256225720408;M2-JJ-16-8
3256227091445;M2-JJ-16-8
3256227610042;M2-JJ-16-8
3256228101181;M2-JJ-16-8
3256228278432;M2-JJ-16-8
3256228363640;M2-JJ-16-8
3256229252356;M2-JJ-16-8
3368953577466;M2-JJ-16-8
3368954300940;M2-JJ-16-8
3368955783940;M2-JJ-16-8
3368959008421;M2-JJ-16-8
3412290001853;M2-JJ-16-8
3523230040952;M2-JJ-16-8
3523230064736;M2-JJ-16-8
3660992013166;M2-JJ-16-8
3660992013173;M2-JJ-16-8
3760056260069;M2-JJ-16-8
3760056260076;M2-JJ-16-8
3760056264906;M2-JJ-16-8
5202390024221;M2-JJ-16-8
8000430137866;M2-JJ-16-8
8000430390049;M2-JJ-16-8
8000430396249;M2-JJ-16-8
8000430405095;M2-JJ-16-8
8001230000787;M2-JJ-16-8
8010721001509;M2-JJ-16-8
3123930710737;M2-JJ-16-9
3123930711703;M2-JJ-16-9
3123930711758;M2-JJ-16-9
3123930713356;M2-JJ-16-9
3228022120040;M2-JJ-16-9
3256220034890;M2-JJ-16-9
3256221099898;M2-JJ-16-9
3256224332312;M2-JJ-16-9
3256224332336;M2-JJ-16-9
3256224332350;M2-JJ-16-9
3256226408664;M2-JJ-16-9
3256228124036;M2-JJ-16-9
3412290023909;M2-JJ-16-9
3412290023916;M2-JJ-16-9
3176571732286;M2-JJ-1-7
3176571744012;M2-JJ-1-7
3176571744067;M2-JJ-1-7
3176571744289;M2-JJ-1-7
3181550000164;M2-JJ-1-7
3181550000225;M2-JJ-1-7
3181550000515;M2-JJ-1-7
3181550000522;M2-JJ-1-7
3256224406426;M2-JJ-1-7
3256224406433;M2-JJ-1-7
3256224406457;M2-JJ-1-7
3256224761075;M2-JJ-1-7
3256226680985;M2-JJ-1-7
3256226681098;M2-JJ-1-7
3256226681272;M2-JJ-1-7
3428271160075;M2-JJ-1-7
3428271990030;M2-JJ-1-7
3428272970147;M2-JJ-1-7
3428273000041;M2-JJ-1-7
3428273090011;M2-JJ-1-7
3428273140068;M2-JJ-1-7
3428273190254;M2-JJ-1-7
3428273190278;M2-JJ-1-7
3428274960078;M2-JJ-1-7
3533630097159;M2-JJ-1-7
3533630900015;M2-JJ-1-7
3533631768003;M2-JJ-1-7
3023260027751;M2-JJ-17-1
3023260030928;M2-JJ-17-1
3023260033448;M2-JJ-17-1
3123931280505;M2-JJ-17-1
3123931280772;M2-JJ-17-1
3123931280963;M2-JJ-17-1
3123931281045;M2-JJ-17-1
3123931281403;M2-JJ-17-1
3176580101349;M2-JJ-17-1
3176582005065;M2-JJ-17-1
3176582016252;M2-JJ-17-1
3176582016269;M2-JJ-17-1
3176582016283;M2-JJ-17-1
3176582016306;M2-JJ-17-1
3176582016320;M2-JJ-17-1
3176582016351;M2-JJ-17-1
3176582035932;M2-JJ-17-1
3176582035949;M2-JJ-17-1
3176584511007;M2-JJ-17-1
3176584514008;M2-JJ-17-1
3228022220016;M2-JJ-17-1
3228022220054;M2-JJ-17-1
3228023170105;M2-JJ-17-1
3228023190127;M2-JJ-17-1
3250550016892;M2-JJ-17-1
3250554107930;M2-JJ-17-1
3256220067577;M2-JJ-17-1
3256220177924;M2-JJ-17-1
3256220370981;M2-JJ-17-1
3256220370998;M2-JJ-17-1
3256221977400;M2-JJ-17-1
3256222649146;M2-JJ-17-1
3256224311027;M2-JJ-17-1
3256224311034;M2-JJ-17-1
3256224311119;M2-JJ-17-1
3256224333319;M2-JJ-17-1
3256225058358;M2-JJ-17-1
3256225058365;M2-JJ-17-1
3256227139468;M2-JJ-17-1
3256228438201;M2-JJ-17-1
3256228438218;M2-JJ-17-1
3256229217751;M2-JJ-17-1
3256229273405;M2-JJ-17-1
3275240312436;M2-JJ-17-1
3368952677617;M2-JJ-17-1
3368953545250;M2-JJ-17-1
3368953692053;M2-JJ-17-1
3370390001008;M2-JJ-17-1
3523230034340;M2-JJ-17-1
3523230050999;M2-JJ-17-1
3593551177149;M2-JJ-17-1
3660992013128;M2-JJ-17-1
3660992024254;M2-JJ-17-1
3760056260014;M2-JJ-17-1
3760056260496;M2-JJ-17-1
3760056260519;M2-JJ-17-1
3760056264548;M2-JJ-17-1
3760056264623;M2-JJ-17-1
3760056264890;M2-JJ-17-1
3760056265309;M2-JJ-17-1
3760056265644;M2-JJ-17-1
3760056266177;M2-JJ-17-1
3760056266290;M2-JJ-17-1
5202258025773;M2-JJ-17-1
5202390020407;M2-JJ-17-1
8000430132014;M2-JJ-17-1
8000430132564;M2-JJ-17-1
8000430135268;M2-JJ-17-1
8000430138870;M2-JJ-17-1
8000430138931;M2-JJ-17-1
8000430171013;M2-JJ-17-1
8000430172010;M2-JJ-17-1
8000430194036;M2-JJ-17-1
8000430900231;M2-JJ-17-1
8721800409672;M2-JJ-17-1
3073780515702;M2-JJ-17-10
3073780515931;M2-JJ-17-10
3073780809061;M2-JJ-17-10
3073780832717;M2-JJ-17-10
3073780960410;M2-JJ-17-10
3073780968997;M2-JJ-17-10
3073780969000;M2-JJ-17-10
3073780982818;M2-JJ-17-10
3073781035438;M2-JJ-17-10
3073781056259;M2-JJ-17-10
3073781057027;M2-JJ-17-10
3073781066975;M2-JJ-17-10
3073781067057;M2-JJ-17-10
3073781081466;M2-JJ-17-10
3073781085976;M2-JJ-17-10
3073781088717;M2-JJ-17-10
3073781091687;M2-JJ-17-10
3073781110500;M2-JJ-17-10
3073781115499;M2-JJ-17-10
3073781131888;M2-JJ-17-10
3073781131925;M2-JJ-17-10
3073781131963;M2-JJ-17-10
3073781173536;M2-JJ-17-10
3073781176650;M2-JJ-17-10
3073781177916;M2-JJ-17-10
3073781191547;M2-JJ-17-10
3073781191585;M2-JJ-17-10
3073781192148;M2-JJ-17-10
3073781194111;M2-JJ-17-10
3073781194692;M2-JJ-17-10
3073781198201;M2-JJ-17-10
3073781215878;M2-JJ-17-10
3073781216486;M2-JJ-17-10
3073781220261;M2-JJ-17-10
3256225230723;M2-JJ-17-10
3256225739721;M2-JJ-17-10
3256225739738;M2-JJ-17-10
3272770005708;M2-JJ-17-10
3272770015936;M2-JJ-17-10
3272770017060;M2-JJ-17-10
3272770017077;M2-JJ-17-10
3272770098007;M2-JJ-17-10
3480341003231;M2-JJ-17-10
3480341003279;M2-JJ-17-10
3480341003293;M2-JJ-17-10
3480341003316;M2-JJ-17-10
5011069171629;M2-JJ-17-10
5011069171643;M2-JJ-17-10
5011069171667;M2-JJ-17-10
5057624122965;M2-JJ-17-10
3023260032038;M2-JJ-17-11
3032220061100;M2-JJ-17-11
3032220061193;M2-JJ-17-11
3032220061230;M2-JJ-17-11
3032220061377;M2-JJ-17-11
3060921452309;M2-JJ-17-11
3060921452354;M2-JJ-17-11
3060921454341;M2-JJ-17-11
3060921507726;M2-JJ-17-11
3073781081619;M2-JJ-17-11
3073781098068;M2-JJ-17-11
3073781099324;M2-JJ-17-11
3073781116137;M2-JJ-17-11
3090291123912;M2-JJ-17-11
3090291389448;M2-JJ-17-11
3123930617777;M2-JJ-17-11
3175333021002;M2-JJ-17-11
3175333031001;M2-JJ-17-11
3176582030111;M2-JJ-17-11
3228021190235;M2-JJ-17-11
3228022240113;M2-JJ-17-11
3228024160020;M2-JJ-17-11
3256223365298;M2-JJ-17-11
3256223365304;M2-JJ-17-11
3256224310273;M2-JJ-17-11
3256224310280;M2-JJ-17-11
3256224310303;M2-JJ-17-11
3256225038954;M2-JJ-17-11
3256225054374;M2-JJ-17-11
3256225427239;M2-JJ-17-11
3256225720392;M2-JJ-17-11
3256226400644;M2-JJ-17-11
3256226400651;M2-JJ-17-11
3256226400668;M2-JJ-17-11
3256226400675;M2-JJ-17-11
3256229271388;M2-JJ-17-11
3480341000261;M2-JJ-17-11
3480341000605;M2-JJ-17-11
3523230040976;M2-JJ-17-11
3523230046480;M2-JJ-17-11
5202390015885;M2-JJ-17-11
5202390024214;M2-JJ-17-11
8721800400549;M2-JJ-17-11
8721800401119;M2-JJ-17-11
8721800401454;M2-JJ-17-11
8721800401515;M2-JJ-17-11
8721800402031;M2-JJ-17-11
8721800402055;M2-JJ-17-11
8721800402239;M2-JJ-17-11
8721800403328;M2-JJ-17-11
8721800406138;M2-JJ-17-11
8721800406312;M2-JJ-17-11
3023260005872;M2-JJ-17-2
3023260025825;M2-JJ-17-2
3023260029656;M2-JJ-17-2
3060921452347;M2-JJ-17-2
3073781032963;M2-JJ-17-2
3073781034769;M2-JJ-17-2
3073781034806;M2-JJ-17-2
3073781045796;M2-JJ-17-2
3073781132618;M2-JJ-17-2
3123930617975;M2-JJ-17-2
3256220057998;M2-JJ-17-2
3256220058001;M2-JJ-17-2
3256220063371;M2-JJ-17-2
3256220174305;M2-JJ-17-2
3256220174329;M2-JJ-17-2
3256221661415;M2-JJ-17-2
3256221674040;M2-JJ-17-2
3256221674057;M2-JJ-17-2
3256224310075;M2-JJ-17-2
3256224310211;M2-JJ-17-2
3256225054336;M2-JJ-17-2
3256225054343;M2-JJ-17-2
3256225222155;M2-JJ-17-2
3256225734412;M2-JJ-17-2
3256226072681;M2-JJ-17-2
3256226091521;M2-JJ-17-2
3256226400682;M2-JJ-17-2
3256227087592;M2-JJ-17-2
3256227446849;M2-JJ-17-2
3256228677617;M2-JJ-17-2
3256229273047;M2-JJ-17-2
3272770015523;M2-JJ-17-2
3272770015530;M2-JJ-17-2
3294581751445;M2-JJ-17-2
3368953393233;M2-JJ-17-2
3368954100144;M2-JJ-17-2
3368954194860;M2-JJ-17-2
3368954194877;M2-JJ-17-2
3368956466699;M2-JJ-17-2
3523230060127;M2-JJ-17-2
3523230063210;M2-JJ-17-2
3613290000185;M2-JJ-17-2
3760056260113;M2-JJ-17-2
3760056260502;M2-JJ-17-2
3760056264678;M2-JJ-17-2
3760056264937;M2-JJ-17-2
3760056265002;M2-JJ-17-2
3760056265316;M2-JJ-17-2
3760056266320;M2-JJ-17-2
4006494025082;M2-JJ-17-2
5202258025827;M2-JJ-17-2
8000430132267;M2-JJ-17-2
8000430133172;M2-JJ-17-2
8000430133356;M2-JJ-17-2
8000430135985;M2-JJ-17-2
8000430138719;M2-JJ-17-2
8721800082110;M2-JJ-17-2
8721800082318;M2-JJ-17-2
8721800400587;M2-JJ-17-2
2875844000000;M2-JJ-17-3
3123930612260;M2-JJ-17-3
3123930612505;M2-JJ-17-3
3123930650026;M2-JJ-17-3
3123930650064;M2-JJ-17-3
3123930650132;M2-JJ-17-3
3123930650149;M2-JJ-17-3
3123937100043;M2-JJ-17-3
3123937110004;M2-JJ-17-3
3123937111025;M2-JJ-17-3
3176580111546;M2-JJ-17-3
3228021150246;M2-JJ-17-3
3228021170022;M2-JJ-17-3
3228021170152;M2-JJ-17-3
3228021200156;M2-JJ-17-3
3228022120033;M2-JJ-17-3
3228022120071;M2-JJ-17-3
3228024150113;M2-JJ-17-3
3256220174312;M2-JJ-17-3
3256220288576;M2-JJ-17-3
3256220358460;M2-JJ-17-3
3256221099881;M2-JJ-17-3
3256223728314;M2-JJ-17-3
3256224311126;M2-JJ-17-3
3256224332237;M2-JJ-17-3
3256224332442;M2-JJ-17-3
3256225038947;M2-JJ-17-3
3256225058372;M2-JJ-17-3
3256227751714;M2-JJ-17-3
3256228419194;M2-JJ-17-3
3368952415806;M2-JJ-17-3
3368957450574;M2-JJ-17-3
3368957774199;M2-JJ-17-3
3368957947173;M2-JJ-17-3
3412290023442;M2-JJ-17-3
3412290023800;M2-JJ-17-3
3542860692010;M2-JJ-17-3
3542860752011;M2-JJ-17-3
3542862592110;M2-JJ-17-3
3760351340060;M2-JJ-17-3
8721800082417;M2-JJ-17-3
3023260022459;M2-JJ-17-4
3023260027607;M2-JJ-17-4
3023260029731;M2-JJ-17-4
3023260031017;M2-JJ-17-4
3023260031734;M2-JJ-17-4
3173980030095;M2-JJ-17-4
3173980030415;M2-JJ-17-4
3184670010532;M2-JJ-17-4
3184670010570;M2-JJ-17-4
3184670016503;M2-JJ-17-4
3228021170053;M2-JJ-17-4
3228023080015;M2-JJ-17-4
3228023180036;M2-JJ-17-4
3228023200017;M2-JJ-17-4
3256220652841;M2-JJ-17-4
3256223370438;M2-JJ-17-4
3256224310488;M2-JJ-17-4
3256224310518;M2-JJ-17-4
3256224310525;M2-JJ-17-4
3256224310532;M2-JJ-17-4
3256227892127;M2-JJ-17-4
3256229544307;M2-JJ-17-4
3272770016131;M2-JJ-17-4
3272770093286;M2-JJ-17-4
3273220012123;M2-JJ-17-4
3273221114710;M2-JJ-17-4
3305510066209;M2-JJ-17-4
3305510066629;M2-JJ-17-4
3305510131808;M2-JJ-17-4
3368954300957;M2-JJ-17-4
3368954300964;M2-JJ-17-4
3368954301060;M2-JJ-17-4
3368954301138;M2-JJ-17-4
3368954301152;M2-JJ-17-4
3394230003144;M2-JJ-17-4
3394230023104;M2-JJ-17-4
3394230110613;M2-JJ-17-4
3523230019934;M2-JJ-17-4
3523230023139;M2-JJ-17-4
3523230023306;M2-JJ-17-4
3523230028431;M2-JJ-17-4
3523230028738;M2-JJ-17-4
3523230029681;M2-JJ-17-4
3523230058810;M2-JJ-17-4
3523230064705;M2-JJ-17-4
3523237756009;M2-JJ-17-4
3523237782008;M2-JJ-17-4
3592620000128;M2-JJ-17-4
0000030005501;M2-JJ-17-5
3023260001263;M2-JJ-17-5
3023260028697;M2-JJ-17-5
3023260029694;M2-JJ-17-5
3023260030515;M2-JJ-17-5
3023260030980;M2-JJ-17-5
3023260031994;M2-JJ-17-5
3023260034247;M2-JJ-17-5
3073780868747;M2-JJ-17-5
3073781069945;M2-JJ-17-5
3090291118239;M2-JJ-17-5
3090291122328;M2-JJ-17-5
3173980030057;M2-JJ-17-5
3177890001220;M2-JJ-17-5
3222110003925;M2-JJ-17-5
3222110009958;M2-JJ-17-5
3222110024029;M2-JJ-17-5
3222110028775;M2-JJ-17-5
3222110030884;M2-JJ-17-5
3222110032956;M2-JJ-17-5
3228021230054;M2-JJ-17-5
3228024140268;M2-JJ-17-5
3252950033011;M2-JJ-17-5
3252950043010;M2-JJ-17-5
3256220370196;M2-JJ-17-5
3256220508353;M2-JJ-17-5
3256221098211;M2-JJ-17-5
3256224231516;M2-JJ-17-5
3256224310259;M2-JJ-17-5
3256224310266;M2-JJ-17-5
3256224310334;M2-JJ-17-5
3256225426089;M2-JJ-17-5
3256226057138;M2-JJ-17-5
3256226758899;M2-JJ-17-5
3256227087349;M2-JJ-17-5
3256228130273;M2-JJ-17-5
3256228419170;M2-JJ-17-5
3256228419187;M2-JJ-17-5
3272320013597;M2-JJ-17-5
3272770014427;M2-JJ-17-5
3272770098274;M2-JJ-17-5
3280640653010;M2-JJ-17-5
3341504005304;M2-JJ-17-5
3341504005540;M2-JJ-17-5
3341504005618;M2-JJ-17-5
3368954300995;M2-JJ-17-5
3368958898139;M2-JJ-17-5
3480341003125;M2-JJ-17-5
3480341004740;M2-JJ-17-5
3480341005020;M2-JJ-17-5
3523230004336;M2-JJ-17-5
3523230024815;M2-JJ-17-5
3523230024839;M2-JJ-17-5
3660992013111;M2-JJ-17-5
8595236904236;M2-JJ-17-5
3073781069716;M2-JJ-17-6
3073781206135;M2-JJ-17-6
3090291124261;M2-JJ-17-6
3090291435015;M2-JJ-17-6
3114270400075;M2-JJ-17-6
3114270400334;M2-JJ-17-6
3161711000622;M2-JJ-17-6
3161711001971;M2-JJ-17-6
3161711002817;M2-JJ-17-6
3161711003098;M2-JJ-17-6
3161712970078;M2-JJ-17-6
3176582077772;M2-JJ-17-6
3222110028119;M2-JJ-17-6
3228021170077;M2-JJ-17-6
3228021190112;M2-JJ-17-6
3228021950129;M2-JJ-17-6
3228023210023;M2-JJ-17-6
3228024160129;M2-JJ-17-6
3252950009573;M2-JJ-17-6
3256220089975;M2-JJ-17-6
3256222812373;M2-JJ-17-6
3256222989075;M2-JJ-17-6
3256223372500;M2-JJ-17-6
3256223375709;M2-JJ-17-6
3256224310174;M2-JJ-17-6
3256224310181;M2-JJ-17-6
3256224310204;M2-JJ-17-6
3256224310471;M2-JJ-17-6
3256224894438;M2-JJ-17-6
3256225426096;M2-JJ-17-6
3256229526532;M2-JJ-17-6
3272320012118;M2-JJ-17-6
3272320012231;M2-JJ-17-6
3272320012507;M2-JJ-17-6
3272320012910;M2-JJ-17-6
3280640652075;M2-JJ-17-6
3294580102019;M2-JJ-17-6
3294580108028;M2-JJ-17-6
3294580201019;M2-JJ-17-6
3307905222061;M2-JJ-17-6
3307905386060;M2-JJ-17-6
3307905467066;M2-JJ-17-6
3307905470059;M2-JJ-17-6
3307905810084;M2-JJ-17-6
3307907100084;M2-JJ-17-6
3307907120082;M2-JJ-17-6
3307907520066;M2-JJ-17-6
3368952494900;M2-JJ-17-6
3368953545274;M2-JJ-17-6
3368954300933;M2-JJ-17-6
3368955671179;M2-JJ-17-6
3368959008360;M2-JJ-17-6
3368959894246;M2-JJ-17-6
3523230022613;M2-JJ-17-6
5202390027826;M2-JJ-17-6
3153126963005;M2-JJ-17-7
3161710000135;M2-JJ-17-7
3161710000654;M2-JJ-17-7
3161716090116;M2-JJ-17-7
3176582003009;M2-JJ-17-7
3176582033327;M2-JJ-17-7
3176582033334;M2-JJ-17-7
3176582033563;M2-JJ-17-7
3176582040103;M2-JJ-17-7
3228021170015;M2-JJ-17-7
3228021170039;M2-JJ-17-7
3228021950051;M2-JJ-17-7
3228022180082;M2-JJ-17-7
3228022190067;M2-JJ-17-7
3228023170068;M2-JJ-17-7
3250552320683;M2-JJ-17-7
3252950003793;M2-JJ-17-7
3252950010517;M2-JJ-17-7
3252950010524;M2-JJ-17-7
3252950012016;M2-JJ-17-7
3256220658287;M2-JJ-17-7
3256221115543;M2-JJ-17-7
3256224310136;M2-JJ-17-7
3256224310150;M2-JJ-17-7
3256224311010;M2-JJ-17-7
3256224332398;M2-JJ-17-7
3256224332428;M2-JJ-17-7
3256225058334;M2-JJ-17-7
3256227759017;M2-JJ-17-7
3267031060657;M2-JJ-17-7
3275240312030;M2-JJ-17-7
3275240312221;M2-JJ-17-7
3275240312313;M2-JJ-17-7
3275240312511;M2-JJ-17-7
3660992013081;M2-JJ-17-7
3660992013098;M2-JJ-17-7
3760112651497;M2-JJ-17-7
3073781036749;M2-JJ-17-8
3073781099621;M2-JJ-17-8
3175460000024;M2-JJ-17-8
3175460001625;M2-JJ-17-8
3176582003016;M2-JJ-17-8
3176582012834;M2-JJ-17-8
3176582047188;M2-JJ-17-8
3177063100316;M2-JJ-17-8
3228020190427;M2-JJ-17-8
3228020481464;M2-JJ-17-8
3228022200032;M2-JJ-17-8
3254550039639;M2-JJ-17-8
3256224231479;M2-JJ-17-8
3256224231493;M2-JJ-17-8
3256224310600;M2-JJ-17-8
3256229271371;M2-JJ-17-8
3267031040581;M2-JJ-17-8
3272770004725;M2-JJ-17-8
3272770013536;M2-JJ-17-8
3272770014168;M2-JJ-17-8
3272770014656;M2-JJ-17-8
3272770093590;M2-JJ-17-8
3272770093750;M2-JJ-17-8
3272770095334;M2-JJ-17-8
3272770096850;M2-JJ-17-8
3272770096942;M2-JJ-17-8
3272770097529;M2-JJ-17-8
3272770097642;M2-JJ-17-8
3272770098090;M2-JJ-17-8
3275240312016;M2-JJ-17-8
3275240312023;M2-JJ-17-8
3275240411023;M2-JJ-17-8
3280249506052;M2-JJ-17-8
3280249506069;M2-JJ-17-8
3332621044307;M2-JJ-17-8
3368954301114;M2-JJ-17-8
3412290070859;M2-JJ-17-8
3480341000636;M2-JJ-17-8
3480341000674;M2-JJ-17-8
3480341000704;M2-JJ-17-8
3480341000872;M2-JJ-17-8
7622300441937;M2-JJ-17-8
7622300685782;M2-JJ-17-8
3060921506118;M2-JJ-17-9
3073781056150;M2-JJ-17-9
3073781069259;M2-JJ-17-9
3073781074994;M2-JJ-17-9
3073781075007;M2-JJ-17-9
3073781091861;M2-JJ-17-9
3073781110180;M2-JJ-17-9
3073781166798;M2-JJ-17-9
3073781170269;M2-JJ-17-9
3073781170283;M2-JJ-17-9
3073781175011;M2-JJ-17-9
3073781180848;M2-JJ-17-9
3073781192216;M2-JJ-17-9
3073781192254;M2-JJ-17-9
3073781192278;M2-JJ-17-9
3155250343302;M2-JJ-17-9
3155250355084;M2-JJ-17-9
3175460000062;M2-JJ-17-9
3236240070405;M2-JJ-17-9
3236240071952;M2-JJ-17-9
3244570054705;M2-JJ-17-9
3256220260251;M2-JJ-17-9
3256221115550;M2-JJ-17-9
3256224310549;M2-JJ-17-9
3256225230747;M2-JJ-17-9
3256225230822;M2-JJ-17-9
3256225426324;M2-JJ-17-9
3256225426331;M2-JJ-17-9
3256228675309;M2-JJ-17-9
3272770015516;M2-JJ-17-9
3272770016063;M2-JJ-17-9
3272770016551;M2-JJ-17-9
3272770094412;M2-JJ-17-9
3272770096195;M2-JJ-17-9
3272770099387;M2-JJ-17-9
3280249506076;M2-JJ-17-9
3280249506090;M2-JJ-17-9
3280249506106;M2-JJ-17-9
3412290070071;M2-JJ-17-9
3412290070088;M2-JJ-17-9
3412290070101;M2-JJ-17-9
3412290070385;M2-JJ-17-9
3412290070583;M2-JJ-17-9
3412290071801;M2-JJ-17-9
3412290071870;M2-JJ-17-9
3480341004320;M2-JJ-17-9
3523230038287;M2-JJ-17-9
3523230060929;M2-JJ-17-9
3660992013142;M2-JJ-17-9
5057624971365;M2-JJ-17-9
5202390021121;M2-JJ-17-9
3033710050000;M2-JJ-1-8
3043932232702;M2-JJ-1-8
3043932363703;M2-JJ-1-8
3043933123702;M2-JJ-1-8
3043933232701;M2-JJ-1-8
3043933593703;M2-JJ-1-8
3043934232700;M2-JJ-1-8
3043934273550;M2-JJ-1-8
3043934273802;M2-JJ-1-8
3043934416704;M2-JJ-1-8
3043936423700;M2-JJ-1-8
3043936542708;M2-JJ-1-8
3155250001523;M2-JJ-1-8
3155250002537;M2-JJ-1-8
3155250306802;M2-JJ-1-8
3155250314128;M2-JJ-1-8
3155250349793;M2-JJ-1-8
3155250363645;M2-JJ-1-8
3155251205449;M2-JJ-1-8
3242470270126;M2-JJ-1-8
3254550007010;M2-JJ-1-8
3256220113984;M2-JJ-1-8
3256220113991;M2-JJ-1-8
3256220267809;M2-JJ-1-8
3256220267816;M2-JJ-1-8
3256220932103;M2-JJ-1-8
3256220932158;M2-JJ-1-8
3256224243007;M2-JJ-1-8
3256224243014;M2-JJ-1-8
3256226759155;M2-JJ-1-8
3273220080108;M2-JJ-1-8
3273220080207;M2-JJ-1-8
3273220080306;M2-JJ-1-8
3273221094586;M2-JJ-1-8
5411188110835;M2-JJ-1-8
5411188110842;M2-JJ-1-8
5411188112709;M2-JJ-1-8
5411188115366;M2-JJ-1-8
5411188115472;M2-JJ-1-8
5411188116592;M2-JJ-1-8
7613036443388;M2-JJ-1-8
7613039222379;M2-JJ-1-8
7613039273432;M2-JJ-1-8
3123931281168;M2-JJ-18-1
3256224333289;M2-JJ-18-1
3256229545069;M2-JJ-18-1
3368952495426;M2-JJ-18-1
3368952539939;M2-JJ-18-1
3368953678873;M2-JJ-18-1
3155250361429;M2-JJ-1-9
3155250367858;M2-JJ-1-9
3155250367896;M2-JJ-1-9
3155250367926;M2-JJ-1-9
3155251205388;M2-JJ-1-9
3155251205395;M2-JJ-1-9
3155251302438;M2-JJ-1-9
3161910340130;M2-JJ-1-9
3242470002802;M2-JJ-1-9
3256220172448;M2-JJ-1-9
3256220286916;M2-JJ-1-9
3256222253312;M2-JJ-1-9
3256224231554;M2-JJ-1-9
3256225060825;M2-JJ-1-9
3256225060832;M2-JJ-1-9
3256225060849;M2-JJ-1-9
3256226680725;M2-JJ-1-9
3256226680862;M2-JJ-1-9
3256226681814;M2-JJ-1-9
3256227206481;M2-JJ-1-9
3451790601842;M2-JJ-1-9
3451790852497;M2-JJ-1-9
3451790857188;M2-JJ-1-9
3451790903144;M2-JJ-1-9
3451790930829;M2-JJ-1-9
3451790936012;M2-JJ-1-9
3451790988042;M2-JJ-1-9
3451791275424;M2-JJ-1-9
3256225024414;M2-JJ-2-1
3282070012498;M2-JJ-2-1
3282078320014;M2-JJ-2-1
3414280100065;M2-JJ-2-1
3414280560128;M2-JJ-2-1
3700864001041;M2-JJ-2-1
3700864007067;M2-JJ-2-1
3700864009207;M2-JJ-2-1
3760073540687;M2-JJ-2-1
3760073542087;M2-JJ-2-1
3251320080419;M2-JJ-2-2
3251320080600;M2-JJ-2-2
3251320080617;M2-JJ-2-2
3251320081249;M2-JJ-2-2
3251320794965;M2-JJ-2-2
3251320794972;M2-JJ-2-2
3256224255017;M2-JJ-2-2
3256224255031;M2-JJ-2-2
3414280077060;M2-JJ-2-2
3414280340126;M2-JJ-2-2
3700864005209;M2-JJ-2-2
3760073540649;M2-JJ-2-2
3760073541233;M2-JJ-2-2
3256220064736;M2-JJ-2-3
3256223379240;M2-JJ-2-3
3282078203010;M2-JJ-2-3
3251320020422;M2-JJ-2-4
3251320020637;M2-JJ-2-4
3251320021030;M2-JJ-2-4
3251320882914;M2-JJ-2-4
3256220269377;M2-JJ-2-4
3256224255055;M2-JJ-2-4
3282070015260;M2-JJ-2-4
3282070015307;M2-JJ-2-4
3282078402215;M2-JJ-2-4
3414280450108;M2-JJ-2-4
3414280670063;M2-JJ-2-4
3760073541028;M2-JJ-2-4
3760073541097;M2-JJ-2-4
3760178220002;M2-JJ-2-4
3760178220026;M2-JJ-2-4
3095751394017;M2-JJ-3-1
3095753235011;M2-JJ-3-1
3095756196012;M2-JJ-3-1
3095756312016;M2-JJ-3-1
3095757047108;M2-JJ-3-1
3095757697105;M2-JJ-3-1
3154230800965;M2-JJ-3-1
3154230800996;M2-JJ-3-1
3154230801054;M2-JJ-3-1
3256220666589;M2-JJ-3-1
3256220666596;M2-JJ-3-1
3256220666602;M2-JJ-3-1
3256221978568;M2-JJ-3-1
3256221978575;M2-JJ-3-1
3256222807799;M2-JJ-3-1
3256222807836;M2-JJ-3-1
3256225722525;M2-JJ-3-1
3256225722532;M2-JJ-3-1
3256225722549;M2-JJ-3-1
3256225722655;M2-JJ-3-1
3256225722662;M2-JJ-3-1
3266980018245;M2-JJ-3-1
3302740000683;M2-JJ-3-1
3302740046926;M2-JJ-3-1
3302740057502;M2-JJ-3-1
3302740057670;M2-JJ-3-1
3302740058660;M2-JJ-3-1
3302740059179;M2-JJ-3-1
3302740059193;M2-JJ-3-1
3302740059209;M2-JJ-3-1
3302740087103;M2-JJ-3-1
3302740100635;M2-JJ-3-1
3660992013425;M2-JJ-3-1
3660992013432;M2-JJ-3-1
2204301000000;M2-JJ-3-10
2204302000000;M2-JJ-3-10
2204303000000;M2-JJ-3-10
2204304000000;M2-JJ-3-10
2204306000000;M2-JJ-3-10
2204307000000;M2-JJ-3-10
2204308000000;M2-JJ-3-10
2204309000000;M2-JJ-3-10
2204314000000;M2-JJ-3-10
2204327000000;M2-JJ-3-10
2204329000000;M2-JJ-3-10
2204330000000;M2-JJ-3-10
2212371000000;M2-JJ-3-10
2212385000000;M2-JJ-3-10
2212386000000;M2-JJ-3-10
2212387000000;M2-JJ-3-10
2212388000000;M2-JJ-3-10
2253133000000;M2-JJ-3-10
2253134000000;M2-JJ-3-10
2253135000000;M2-JJ-3-10
2253142000000;M2-JJ-3-10
2253144000000;M2-JJ-3-10
2253162000000;M2-JJ-3-10
2253163000000;M2-JJ-3-10
2260702000000;M2-JJ-3-10
2261220000000;M2-JJ-3-10
2261221000000;M2-JJ-3-10
2291113000000;M2-JJ-3-10
2291115000000;M2-JJ-3-10
2291126000000;M2-JJ-3-10
2291128000000;M2-JJ-3-10
2496846000000;M2-JJ-3-10
2496850000000;M2-JJ-3-10
3519530000109;M2-JJ-3-10
2477855000000;M2-JJ-3-11
2477858000000;M2-JJ-3-11
2477859000000;M2-JJ-3-11
2477860000000;M2-JJ-3-11
2477865000000;M2-JJ-3-11
2477867000000;M2-JJ-3-11
2477868000000;M2-JJ-3-11
2477878000000;M2-JJ-3-11
3350240261257;M2-JJ-3-11
3350240670516;M2-JJ-3-11
3350240680515;M2-JJ-3-11
3350241360218;M2-JJ-3-11
3350243000518;M2-JJ-3-11
3350243000617;M2-JJ-3-11
3350243000716;M2-JJ-3-11
3350243000815;M2-JJ-3-11
3350243000914;M2-JJ-3-11
3350243000921;M2-JJ-3-11
3350243001010;M2-JJ-3-11
3350243001119;M2-JJ-3-11
3519530000093;M2-JJ-3-11
3760024930079;M2-JJ-3-11
3760024930147;M2-JJ-3-11
3760024932226;M2-JJ-3-11
3095753020013;M2-JJ-3-2
3095754136010;M2-JJ-3-2
3095757648107;M2-JJ-3-2
3095758097010;M2-JJ-3-2
3095758596018;M2-JJ-3-2
3095759062017;M2-JJ-3-2
3154230801023;M2-JJ-3-2
3154230806691;M2-JJ-3-2
3154230809357;M2-JJ-3-2
3154230809425;M2-JJ-3-2
3154230809456;M2-JJ-3-2
3154230809487;M2-JJ-3-2
3154230809548;M2-JJ-3-2
3154230809593;M2-JJ-3-2
3154230809838;M2-JJ-3-2
3154230809869;M2-JJ-3-2
3154230809890;M2-JJ-3-2
3154230809920;M2-JJ-3-2
3154230810018;M2-JJ-3-2
3154230810049;M2-JJ-3-2
3154230810100;M2-JJ-3-2
3154230810162;M2-JJ-3-2
3256221967197;M2-JJ-3-2
3256225722570;M2-JJ-3-2
3256225722587;M2-JJ-3-2
3256225722594;M2-JJ-3-2
3256225722679;M2-JJ-3-2
3256225722686;M2-JJ-3-2
3256225722693;M2-JJ-3-2
3256225722709;M2-JJ-3-2
3256227752759;M2-JJ-3-2
3256227752766;M2-JJ-3-2
3256227752773;M2-JJ-3-2
3256227752780;M2-JJ-3-2
3302740004582;M2-JJ-3-2
3302740035067;M2-JJ-3-2
3302740039362;M2-JJ-3-2
3302740087042;M2-JJ-3-2
3302740087059;M2-JJ-3-2
3302740100796;M2-JJ-3-2
3302749904029;M2-JJ-3-2
3660992023448;M2-JJ-3-2
3154230809272;M2-JJ-3-3
3154230809302;M2-JJ-3-3
3154230809517;M2-JJ-3-3
3154230809685;M2-JJ-3-3
3154230809746;M2-JJ-3-3
3154230810131;M2-JJ-3-3
3154230811220;M2-JJ-3-3
3154230815051;M2-JJ-3-3
3256220060981;M2-JJ-3-3
3256220061018;M2-JJ-3-3
3256220061025;M2-JJ-3-3
3256220061032;M2-JJ-3-3
3256220061056;M2-JJ-3-3
3256220061063;M2-JJ-3-3
3256220061070;M2-JJ-3-3
3256220061087;M2-JJ-3-3
3256220061094;M2-JJ-3-3
3256220061100;M2-JJ-3-3
3256220061124;M2-JJ-3-3
3256228115904;M2-JJ-3-3
3256229292703;M2-JJ-3-3
3256229292710;M2-JJ-3-3
3256229292727;M2-JJ-3-3
3256229517837;M2-JJ-3-3
3256229517844;M2-JJ-3-3
3256229544031;M2-JJ-3-3
3256229544048;M2-JJ-3-3
3256229544055;M2-JJ-3-3
3302740086762;M2-JJ-3-3
3660992013449;M2-JJ-3-3
3660992013463;M2-JJ-3-3
3660992013487;M2-JJ-3-3
3660992013494;M2-JJ-3-3
3095754220016;M2-JJ-3-4
3095756102013;M2-JJ-3-4
3095757903015;M2-JJ-3-4
3095758049019;M2-JJ-3-4
3256224632719;M2-JJ-3-4
3302740010477;M2-JJ-3-4
3302740014222;M2-JJ-3-4
3302740025136;M2-JJ-3-4
3302740047114;M2-JJ-3-4
3302740047121;M2-JJ-3-4
3302740047312;M2-JJ-3-4
3302740047329;M2-JJ-3-4
3302740047367;M2-JJ-3-4
3302740047374;M2-JJ-3-4
3302740047398;M2-JJ-3-4
3302740047404;M2-JJ-3-4
3302740047411;M2-JJ-3-4
3302740050237;M2-JJ-3-4
3302740050268;M2-JJ-3-4
3302740059087;M2-JJ-3-4
3302740059094;M2-JJ-3-4
3302740059100;M2-JJ-3-4
3368952942012;M2-JJ-3-4
3660992018192;M2-JJ-3-4
3256220369824;M2-JJ-3-5
3256220509138;M2-JJ-3-5
3256220881319;M2-JJ-3-5
3256227452246;M2-JJ-3-5
3256227752742;M2-JJ-3-5
3256229804708;M2-JJ-3-5
3275461000914;M2-JJ-3-5
3275461001003;M2-JJ-3-5
3275461001096;M2-JJ-3-5
3275461004035;M2-JJ-3-5
3275461006428;M2-JJ-3-5
3275461006435;M2-JJ-3-5
3275461006459;M2-JJ-3-5
3275461006510;M2-JJ-3-5
3275461006770;M2-JJ-3-5
3275461006800;M2-JJ-3-5
3275461007579;M2-JJ-3-5
3368954600095;M2-JJ-3-5
3449840002244;M2-JJ-3-5
3449848300007;M2-JJ-3-5
3449848306009;M2-JJ-3-5
3449860419831;M2-JJ-3-5
3449860419855;M2-JJ-3-5
3449865221392;M2-JJ-3-5
3449865230394;M2-JJ-3-5
3449865268274;M2-JJ-3-5
3449865293375;M2-JJ-3-5
3449865367250;M2-JJ-3-5
3449865367267;M2-JJ-3-5
3449865374821;M2-JJ-3-5
3449865394973;M2-JJ-3-5
3449865394997;M2-JJ-3-5
3449868241007;M2-JJ-3-5
3660992013401;M2-JJ-3-5
3660992013418;M2-JJ-3-5
8005153000022;M2-JJ-3-5
8410060185906;M2-JJ-3-5
3154230026181;M2-JJ-3-6
3256220172882;M2-JJ-3-6
3256220369640;M2-JJ-3-6
3256220506410;M2-JJ-3-6
3256220652698;M2-JJ-3-6
3256221513585;M2-JJ-3-6
3256221974744;M2-JJ-3-6
3256224068273;M2-JJ-3-6
3256224068297;M2-JJ-3-6
3256224632207;M2-JJ-3-6
3256224632214;M2-JJ-3-6
3256224632627;M2-JJ-3-6
3256224632634;M2-JJ-3-6
3256224632641;M2-JJ-3-6
3256224632689;M2-JJ-3-6
3256224632702;M2-JJ-3-6
3256224632740;M2-JJ-3-6
3256225433117;M2-JJ-3-6
3256225735822;M2-JJ-3-6
3256225735839;M2-JJ-3-6
3256225735846;M2-JJ-3-6
3256227752735;M2-JJ-3-6
3256227817359;M2-JJ-3-6
3256227817380;M2-JJ-3-6
3256228094124;M2-JJ-3-6
3256228436023;M2-JJ-3-6
3256228436030;M2-JJ-3-6
3256228656957;M2-JJ-3-6
3256228957719;M2-JJ-3-6
3256228975447;M2-JJ-3-6
3256229264823;M2-JJ-3-6
3256229942875;M2-JJ-3-6
3256229943124;M2-JJ-3-6
3256229944046;M2-JJ-3-6
3368957872857;M2-JJ-3-6
3449865249853;M2-JJ-3-6
7613034423146;M2-JJ-3-6
8410060184602;M2-JJ-3-6
3154230040286;M2-JJ-3-7
3154230807261;M2-JJ-3-7
3154230807322;M2-JJ-3-7
3154230811763;M2-JJ-3-7
3180054010136;M2-JJ-3-7
3180054010143;M2-JJ-3-7
3180054010273;M2-JJ-3-7
3180940087020;M2-JJ-3-7
3180940087037;M2-JJ-3-7
3180940088270;M2-JJ-3-7
3180950007834;M2-JJ-3-7
3181454661430;M2-JJ-3-7
3256220271547;M2-JJ-3-7
3256220616386;M2-JJ-3-7
3256221724660;M2-JJ-3-7
3256224621300;M2-JJ-3-7
3256226992354;M2-JJ-3-7
3256227449635;M2-JJ-3-7
3256227769467;M2-JJ-3-7
3256228625038;M2-JJ-3-7
3256228625045;M2-JJ-3-7
3256229261662;M2-JJ-3-7
3256229264809;M2-JJ-3-7
3256229529816;M2-JJ-3-7
3256229733299;M2-JJ-3-7
3256229954298;M2-JJ-3-7
3350240670110;M2-JJ-3-7
3350240680119;M2-JJ-3-7
3368954600286;M2-JJ-3-7
3368955248241;M2-JJ-3-7
3368956412351;M2-JJ-3-7
3449860428796;M2-JJ-3-7
3449865232466;M2-JJ-3-7
3449865232930;M2-JJ-3-7
3449865265174;M2-JJ-3-7
3449865294020;M2-JJ-3-7
3449865294044;M2-JJ-3-7
3449865302657;M2-JJ-3-7
3449865302664;M2-JJ-3-7
3449865342806;M2-JJ-3-7
3449865343018;M2-JJ-3-7
3449865343025;M2-JJ-3-7
3660992013319;M2-JJ-3-7
3660992013371;M2-JJ-3-7
3660992013388;M2-JJ-3-7
3660992013395;M2-JJ-3-7
3760114570024;M2-JJ-3-7
3760114570062;M2-JJ-3-7
3760114570079;M2-JJ-3-7
3760210770014;M2-JJ-3-7
3760298512728;M2-JJ-3-7
3760298512735;M2-JJ-3-7
7613034569769;M2-JJ-3-7
0253012000000;M2-JJ-3-8
3154230091677;M2-JJ-3-8
3180050150553;M2-JJ-3-8
3180050463004;M2-JJ-3-8
3180050770003;M2-JJ-3-8
3180054547007;M2-JJ-3-8
3180054548004;M2-JJ-3-8
3256220021173;M2-JJ-3-8
3256220021203;M2-JJ-3-8
3256220021210;M2-JJ-3-8
3256220031134;M2-JJ-3-8
3256220031141;M2-JJ-3-8
3256220115650;M2-JJ-3-8
3256220115667;M2-JJ-3-8
3256220115674;M2-JJ-3-8
3256220271554;M2-JJ-3-8
3256220271561;M2-JJ-3-8
3256220764278;M2-JJ-3-8
3256227111679;M2-JJ-3-8
3256229807013;M2-JJ-3-8
3350240650112;M2-JJ-3-8
3350240660111;M2-JJ-3-8
3350240730111;M2-JJ-3-8
3368952942005;M2-JJ-3-8
3368954060271;M2-JJ-3-8
3368954600385;M2-JJ-3-8
3660992013333;M2-JJ-3-8
3660992013340;M2-JJ-3-8
3660992013364;M2-JJ-3-8
3700212508369;M2-JJ-3-8
3700212529548;M2-JJ-3-8
3024720020121;M2-JJ-3-9
3024720020329;M2-JJ-3-9
3024720022002;M2-JJ-3-9
3024720022019;M2-JJ-3-9
3024720022422;M2-JJ-3-9
3024720022439;M2-JJ-3-9
3024720026543;M2-JJ-3-9
3024720026895;M2-JJ-3-9
3024720027489;M2-JJ-3-9
3024720027724;M2-JJ-3-9
3024720027748;M2-JJ-3-9
3180940079926;M2-JJ-3-9
3256220021180;M2-JJ-3-9
3256220368940;M2-JJ-3-9
3256222648118;M2-JJ-3-9
3256224656050;M2-JJ-3-9
3256224656098;M2-JJ-3-9
3256224657101;M2-JJ-3-9
3256226385019;M2-JJ-3-9
3256228079855;M2-JJ-3-9
3350240040111;M2-JJ-3-9
3350240040517;M2-JJ-3-9
3350240041613;M2-JJ-3-9
3350240051018;M2-JJ-3-9
3350240070316;M2-JJ-3-9
3350240130119;M2-JJ-3-9
3350240140118;M2-JJ-3-9
3350240860115;M2-JJ-3-9
3350240860214;M2-JJ-3-9
3350240860313;M2-JJ-3-9
3519530000048;M2-JJ-3-9
3519530000055;M2-JJ-3-9
3519530000062;M2-JJ-3-9
3519530010931;M2-JJ-3-9
3519530012089;M2-JJ-3-9
3660992018048;M2-JJ-3-9
2000000237534;M2-JJ-5-1
2000000237602;M2-JJ-5-1
2000000237633;M2-JJ-5-1
2000000238036;M2-JJ-5-1
2000000238050;M2-JJ-5-1
2000000238524;M2-JJ-5-1
2000000238715;M2-JJ-5-1
2000000239149;M2-JJ-5-1
2000000239187;M2-JJ-5-1
2000000239279;M2-JJ-5-1
2000000252988;M2-JJ-5-1
2000000272702;M2-JJ-5-1
2000000273853;M2-JJ-5-1
2000000273860;M2-JJ-5-1
2000000273877;M2-JJ-5-1
2000000273884;M2-JJ-5-1
2000000275543;M2-JJ-5-1
2000000275567;M2-JJ-5-1
2000000275574;M2-JJ-5-1
2000000275581;M2-JJ-5-1
2000000275598;M2-JJ-5-1
2000000298993;M2-JJ-5-1
2000000303239;M2-JJ-5-1
2000000303246;M2-JJ-5-1
2000000303253;M2-JJ-5-1
2000000303260;M2-JJ-5-1
2000000304397;M2-JJ-5-1
2000000315652;M2-JJ-5-1
2615048000000;M2-JJ-5-1
2615049000000;M2-JJ-5-1
2615051000000;M2-JJ-5-1
2615055000000;M2-JJ-5-1
0244721000000;M2-JJ-6-1
0244722000000;M2-JJ-6-1
0244732000000;M2-JJ-6-1
0244743000000;M2-JJ-6-1
0244745000000;M2-JJ-6-1
2204315000000;M2-JJ-6-1
2204317000000;M2-JJ-6-1
2204318000000;M2-JJ-6-1
2204319000000;M2-JJ-6-1
2204323000000;M2-JJ-6-1
2204324000000;M2-JJ-6-1
2204325000000;M2-JJ-6-1
2204326000000;M2-JJ-6-1
2211547000000;M2-JJ-6-1
2212350000000;M2-JJ-6-1
2212351000000;M2-JJ-6-1
2212363000000;M2-JJ-6-1
2212377000000;M2-JJ-6-1
2212378000000;M2-JJ-6-1
2212381000000;M2-JJ-6-1
2212382000000;M2-JJ-6-1
2212383000000;M2-JJ-6-1
2253137000000;M2-JJ-6-1
2253138000000;M2-JJ-6-1
2253139000000;M2-JJ-6-1
2253146000000;M2-JJ-6-1
2253152000000;M2-JJ-6-1
2260700000000;M2-JJ-6-1
2260739000000;M2-JJ-6-1
2261204000000;M2-JJ-6-1
2261218000000;M2-JJ-6-1
2261228000000;M2-JJ-6-1
2283948000000;M2-JJ-6-1
2283949000000;M2-JJ-6-1
2291120000000;M2-JJ-6-1
2291121000000;M2-JJ-6-1
2291124000000;M2-JJ-6-1
2291129000000;M2-JJ-6-1
2496830000000;M2-JJ-6-1
2867210000000;M2-JJ-6-1
2867240000000;M2-JJ-6-1
2867241000000;M2-JJ-6-1
2867242000000;M2-JJ-6-1
2867567000000;M2-JJ-6-1
3273625827483;M2-JJ-6-1
0217204000000;M2-JJ-6-2
0217466000000;M2-JJ-6-2
2202063000000;M2-JJ-6-2
2240950000000;M2-JJ-6-2
2245337000000;M2-JJ-6-2
2245342000000;M2-JJ-6-2
2252832000000;M2-JJ-6-2
2287268000000;M2-JJ-6-2
2646306000000;M2-JJ-6-2
2694701000000;M2-JJ-6-2
2694783000000;M2-JJ-6-2
2898328000000;M2-JJ-6-2
2898330000000;M2-JJ-6-2
2898531000000;M2-JJ-6-2
3256220174886;M2-JJ-6-2
3256220174893;M2-JJ-6-2
3256220174909;M2-JJ-6-2
3265980150276;M2-JJ-6-2
3273625851488;M2-JJ-6-2
3273625860091;M2-JJ-6-2
0217515000000;M2-JJ-6-3
0276574000000;M2-JJ-6-3
2614138000000;M2-JJ-6-3
3266980013455;M2-JJ-6-3
3266980013462;M2-JJ-6-3
3266980045111;M2-JJ-6-3
3266980107673;M2-JJ-6-3
3266980109035;M2-JJ-6-3
3266980206444;M2-JJ-6-3
3266980263799;M2-JJ-6-3
3266980289072;M2-JJ-6-3
3266980551261;M2-JJ-6-3
3266980551278;M2-JJ-6-3
3266980677343;M2-JJ-6-3
3266980856847;M2-JJ-6-3
3266980856861;M2-JJ-6-3
3299750016608;M2-JJ-6-3
3571320831324;M2-JJ-6-3
3571320831331;M2-JJ-6-3
3660992018253;M2-JJ-6-3
3660992018314;M2-JJ-6-3
3660992018413;M2-JJ-6-3
3660992018444;M2-JJ-6-3
3660992018536;M2-JJ-6-3
3660992018598;M2-JJ-6-3
3011250013549;M2-JJ-7-1
3011250014300;M2-JJ-7-1
3011250104025;M2-JJ-7-1
3011250115021;M2-JJ-7-1
3011250123026;M2-JJ-7-1
3230890014840;M2-JJ-7-1
3230890759437;M2-JJ-7-1
3256228120472;M2-JJ-7-1
3266980026714;M2-JJ-7-1
3266980027865;M2-JJ-7-1
3266980028428;M2-JJ-7-1
3266980031183;M2-JJ-7-1
3266980033613;M2-JJ-7-1
3266980034641;M2-JJ-7-1
3266980046699;M2-JJ-7-1
3266980101428;M2-JJ-7-1
3266980257958;M2-JJ-7-1
3266980257972;M2-JJ-7-1
3266980266622;M2-JJ-7-1
3266980499501;M2-JJ-7-1
3266980535438;M2-JJ-7-1
3266980675080;M2-JJ-7-1
3266980780159;M2-JJ-7-1
3266980784584;M2-JJ-7-1
3266980784614;M2-JJ-7-1
3266980934262;M2-JJ-7-1
3266980959562;M2-JJ-7-1
3266980995393;M2-JJ-7-1
3435660322099;M2-JJ-7-1
3435660367878;M2-JJ-7-1
3596690103048;M2-JJ-7-1
3596690121097;M2-JJ-7-1
3596690122094;M2-JJ-7-1
3596690149046;M2-JJ-7-1
3596690266040;M2-JJ-7-1
3596690268044;M2-JJ-7-1
3596690289032;M2-JJ-7-1
3596690760487;M2-JJ-7-1
3596690762276;M2-JJ-7-1
3596690764157;M2-JJ-7-1
3596690773098;M2-JJ-7-1
3596690773104;M2-JJ-7-1
3596690773111;M2-JJ-7-1
0217637000000;M2-JJ-7-2
2431628000000;M2-JJ-7-2
3011250018339;M2-JJ-7-2
3230890001574;M2-JJ-7-2
3230890003912;M2-JJ-7-2
3230890010293;M2-JJ-7-2
3230890010330;M2-JJ-7-2
3230890016752;M2-JJ-7-2
3230890016806;M2-JJ-7-2
3230890028250;M2-JJ-7-2
3230890030178;M2-JJ-7-2
3230890051746;M2-JJ-7-2
3256220657426;M2-JJ-7-2
3256220657433;M2-JJ-7-2
3256220657440;M2-JJ-7-2
3256221654226;M2-JJ-7-2
3256221654233;M2-JJ-7-2
3256225052073;M2-JJ-7-2
3256228120441;M2-JJ-7-2
3256228120458;M2-JJ-7-2
3256228120465;M2-JJ-7-2
3256228120489;M2-JJ-7-2
3256228120502;M2-JJ-7-2
3256228120519;M2-JJ-7-2
3256228120526;M2-JJ-7-2
3266980025724;M2-JJ-7-2
3266980025755;M2-JJ-7-2
3266980025779;M2-JJ-7-2
3266980030544;M2-JJ-7-2
3266980034627;M2-JJ-7-2
3266980035297;M2-JJ-7-2
3266980035303;M2-JJ-7-2
3266980134532;M2-JJ-7-2
3266980134549;M2-JJ-7-2
3266980134693;M2-JJ-7-2
3266980138721;M2-JJ-7-2
3266980781583;M2-JJ-7-2
3266980886882;M2-JJ-7-2
3596690128041;M2-JJ-7-2
3596690128096;M2-JJ-7-2
3596690128249;M2-JJ-7-2
3596690136046;M2-JJ-7-2
3596690137043;M2-JJ-7-2
3596690760470;M2-JJ-7-2
3596690789525;M2-JJ-7-2
3596690789532;M2-JJ-7-2
0217004000000;M2-JJ-7-3
0217008000000;M2-JJ-7-3
0217013000000;M2-JJ-7-3
0217143000000;M2-JJ-7-3
0217553000000;M2-JJ-7-3
0253003000000;M2-JJ-7-3
0253013000000;M2-JJ-7-3
0253024000000;M2-JJ-7-3
0253041000000;M2-JJ-7-3
0253042000000;M2-JJ-7-3
0253062000000;M2-JJ-7-3
0253078000000;M2-JJ-7-3
0253095000000;M2-JJ-7-3
0275958000000;M2-JJ-7-3
2278680000000;M2-JJ-7-3
2290489000000;M2-JJ-7-3
2290490000000;M2-JJ-7-3
2499970000000;M2-JJ-7-3
2667293000000;M2-JJ-7-3
2687572000000;M2-JJ-7-3
2865506000000;M2-JJ-7-3
2865514000000;M2-JJ-7-3
2865515000000;M2-JJ-7-3
3104540412501;M2-JJ-7-3
3104544010260;M2-JJ-7-3
3104544017122;M2-JJ-7-3
3104544073524;M2-JJ-7-3
3104544077041;M2-JJ-7-3
3252660000013;M2-JJ-7-3
3256220059169;M2-JJ-7-3
3266980283353;M2-JJ-7-3
3432450001790;M2-JJ-7-3
0212599000000;M2-JJ-7-4
0217217000000;M2-JJ-7-4
0217291000000;M2-JJ-7-4
0217506000000;M2-JJ-7-4
0217634000000;M2-JJ-7-4
0217638000000;M2-JJ-7-4
0217714000000;M2-JJ-7-4
0217827000000;M2-JJ-7-4
2276702000000;M2-JJ-7-4
2276703000000;M2-JJ-7-4
2276738000000;M2-JJ-7-4
2287958000000;M2-JJ-7-4
2431638000000;M2-JJ-7-4
2435280000000;M2-JJ-7-4
2435294000000;M2-JJ-7-4
2454154000000;M2-JJ-7-4
2487362000000;M2-JJ-7-4
2614143000000;M2-JJ-7-4
2614145000000;M2-JJ-7-4
2614152000000;M2-JJ-7-4
2614156000000;M2-JJ-7-4
2614157000000;M2-JJ-7-4
2614162000000;M2-JJ-7-4
2865517000000;M2-JJ-7-4
2865520000000;M2-JJ-7-4
2865522000000;M2-JJ-7-4
2865524000000;M2-JJ-7-4
2865525000000;M2-JJ-7-4
2865526000000;M2-JJ-7-4
3256221121155;M2-JJ-7-4
3256225008520;M2-JJ-7-4
3266980111588;M2-JJ-7-4
3291980366539;M2-JJ-7-4
0212550000000;M2-JJ-7-5
0217247000000;M2-JJ-7-5
0217283000000;M2-JJ-7-5
0217810000000;M2-JJ-7-5
0217885000000;M2-JJ-7-5
0253071000000;M2-JJ-7-5
0253072000000;M2-JJ-7-5
0253073000000;M2-JJ-7-5
0253074000000;M2-JJ-7-5
0253075000000;M2-JJ-7-5
0253077000000;M2-JJ-7-5
0253097000000;M2-JJ-7-5
0253098000000;M2-JJ-7-5
0289160000000;M2-JJ-7-5
2245333000000;M2-JJ-7-5
2245336000000;M2-JJ-7-5
2276746000000;M2-JJ-7-5
2276752000000;M2-JJ-7-5
2276755000000;M2-JJ-7-5
2435274000000;M2-JJ-7-5
2481695000000;M2-JJ-7-5
2487383000000;M2-JJ-7-5
3256225039388;M2-JJ-7-5
3266980029593;M2-JJ-7-5
3266980029630;M2-JJ-7-5
3266980029647;M2-JJ-7-5
3266980275891;M2-JJ-7-5
3266980890971;M2-JJ-7-5
3266980891015;M2-JJ-7-5
3435660719745;M2-JJ-7-5
3660992018475;M2-JJ-7-5
3242272345053;M2-JJ-8-1
3242272345558;M2-JJ-8-1
3242272346050;M2-JJ-8-1
3242272347552;M2-JJ-8-1
3242272348559;M2-JJ-8-1
3242272501053;M2-JJ-8-1
3242272503057;M2-JJ-8-1
3242273050055;M2-JJ-8-1
3242273050253;M2-JJ-8-1
3242273050550;M2-JJ-8-1
3256224059769;M2-JJ-8-1
3256224059783;M2-JJ-8-1
3256224059790;M2-JJ-8-1
3256225734535;M2-JJ-8-1
3256229261013;M2-JJ-8-1
3256229261020;M2-JJ-8-1
3256229261037;M2-JJ-8-1
3256229261044;M2-JJ-8-1
3256229261051;M2-JJ-8-1
3256229261068;M2-JJ-8-1
3660992017348;M2-JJ-8-1
3700009271179;M2-JJ-8-1
3154230800484;M2-JJ-8-2
3154230800514;M2-JJ-8-2
3154230800576;M2-JJ-8-2
3154230800668;M2-JJ-8-2
3154230800729;M2-JJ-8-2
3154230803362;M2-JJ-8-2
3154230814764;M2-JJ-8-2
3180950007254;M2-JJ-8-2
3180950019509;M2-JJ-8-2
3242273050451;M2-JJ-8-2
3242273050758;M2-JJ-8-2
3248830000587;M2-JJ-8-2
3248830000600;M2-JJ-8-2
3248830000624;M2-JJ-8-2
3256220508506;M2-JJ-8-2
3256220787338;M2-JJ-8-2
3256222647944;M2-JJ-8-2
3256222647951;M2-JJ-8-2
3256222777887;M2-JJ-8-2
3256226384012;M2-JJ-8-2
3256226384043;M2-JJ-8-2
3256226384050;M2-JJ-8-2
3256226758363;M2-JJ-8-2
3256226758370;M2-JJ-8-2
3256226758387;M2-JJ-8-2
3256226758394;M2-JJ-8-2
3256226758400;M2-JJ-8-2
3256228103710;M2-JJ-8-2
3367651009606;M2-JJ-8-2
3367651009613;M2-JJ-8-2
3368952277497;M2-JJ-8-2
3368955800128;M2-JJ-8-2
3368957912973;M2-JJ-8-2
3449865296352;M2-JJ-8-2
3449865296383;M2-JJ-8-2
3507000000889;M2-JJ-8-2
3507001000130;M2-JJ-8-2
3660992013531;M2-JJ-8-2
3660992013548;M2-JJ-8-2
3760210770298;M2-JJ-8-2
3760210770403;M2-JJ-8-2
3760210770434;M2-JJ-8-2
3760210778560;M2-JJ-8-2
3038359912412;M2-JJ-8-3
3038359912429;M2-JJ-8-3
3038359912467;M2-JJ-8-3
3038359912504;M2-JJ-8-3
3240930116120;M2-JJ-8-3
3240931534343;M2-JJ-8-3
3240931543390;M2-JJ-8-3
3240931545240;M2-JJ-8-3
3240931545264;M2-JJ-8-3
3240931546452;M2-JJ-8-3
3240931546520;M2-JJ-8-3
3240931546674;M2-JJ-8-3
3240931546988;M2-JJ-8-3
3240931547008;M2-JJ-8-3
3240931547015;M2-JJ-8-3
3240931547183;M2-JJ-8-3
3240931548098;M2-JJ-8-3
3240931548241;M2-JJ-8-3
3240931548258;M2-JJ-8-3
3240931548388;M2-JJ-8-3
3240931548531;M2-JJ-8-3
3240932425206;M2-JJ-8-3
3256222831602;M2-JJ-8-3
3256222831619;M2-JJ-8-3
3256225426584;M2-JJ-8-3
3256225720194;M2-JJ-8-3
3256226751838;M2-JJ-8-3
3256227769450;M2-JJ-8-3
3256229222373;M2-JJ-8-3
3256229540538;M2-JJ-8-3
3256229540545;M2-JJ-8-3
3266140065034;M2-JJ-8-3
3266140065058;M2-JJ-8-3
3326120010253;M2-JJ-8-3
3326120010420;M2-JJ-8-3
3326120010703;M2-JJ-8-3
3326120043732;M2-JJ-8-3
3336413245989;M2-JJ-8-3
3356533502007;M2-JJ-8-3
3368955060294;M2-JJ-8-3
3368955060300;M2-JJ-8-3
3368955060317;M2-JJ-8-3
3368955060324;M2-JJ-8-3
3368956337326;M2-JJ-8-3
3368956337333;M2-JJ-8-3
3368957936870;M2-JJ-8-3
3507001000154;M2-JJ-8-3
3507001000161;M2-JJ-8-3
3507001000192;M2-JJ-8-3
8001665123068;M2-JJ-8-3
8001665714372;M2-JJ-8-3
8001665714396;M2-JJ-8-3
8001665714426;M2-JJ-8-3
8001665714433;M2-JJ-8-3
8001665714440;M2-JJ-8-3
8001665714587;M2-JJ-8-3
8001665725170;M2-JJ-8-3
8001665725187;M2-JJ-8-3
8001665725675;M2-JJ-8-3
8001665725699;M2-JJ-8-3
8001665725705;M2-JJ-8-3
8001665725712;M2-JJ-8-3
8001665725729;M2-JJ-8-3
8001665725743;M2-JJ-8-3
8001665725750;M2-JJ-8-3
8001665725767;M2-JJ-8-3
8001665725774;M2-JJ-8-3
8001665725798;M2-JJ-8-3
8001665726580;M2-JJ-8-3
8001665730563;M2-JJ-8-3
3038359912368;M2-JJ-8-4
3038359912382;M2-JJ-8-4
3240931531090;M2-JJ-8-4
3240931541099;M2-JJ-8-4
3240931544335;M2-JJ-8-4
3240931546384;M2-JJ-8-4
3240931546391;M2-JJ-8-4
3240931546667;M2-JJ-8-4
3240931546933;M2-JJ-8-4
3240931547138;M2-JJ-8-4
3240931547213;M2-JJ-8-4
3240931548128;M2-JJ-8-4
3240931548326;M2-JJ-8-4
3240931548753;M2-JJ-8-4
3240931548814;M2-JJ-8-4
3240931549262;M2-JJ-8-4
3256221655049;M2-JJ-8-4
3256221976618;M2-JJ-8-4
3256222252629;M2-JJ-8-4
3256224192152;M2-JJ-8-4
3256224192169;M2-JJ-8-4
3256225734016;M2-JJ-8-4
3256226087203;M2-JJ-8-4
3256227736254;M2-JJ-8-4
3256227736261;M2-JJ-8-4
3256227817397;M2-JJ-8-4
3256227817403;M2-JJ-8-4
3256227817410;M2-JJ-8-4
3256228243706;M2-JJ-8-4
3256228243713;M2-JJ-8-4
3256228418401;M2-JJ-8-4
3256228951632;M2-JJ-8-4
3256228951649;M2-JJ-8-4
3256228951656;M2-JJ-8-4
3256228955173;M2-JJ-8-4
3256229266612;M2-JJ-8-4
3256229540521;M2-JJ-8-4
3368952553546;M2-JJ-8-4
3368952553553;M2-JJ-8-4
3368954115988;M2-JJ-8-4
3368954600231;M2-JJ-8-4
3368954699334;M2-JJ-8-4
8001665726573;M2-JJ-8-4
8001665726627;M2-JJ-8-4
3154230600121;M2-JJ-8-5
3154230600183;M2-JJ-8-5
3154230600305;M2-JJ-8-5
3154230812616;M2-JJ-8-5
3154230812678;M2-JJ-8-5
3154230813095;M2-JJ-8-5
3154230814962;M2-JJ-8-5
3240931540177;M2-JJ-8-5
3240931540191;M2-JJ-8-5
3240931542959;M2-JJ-8-5
3240931546353;M2-JJ-8-5
3240931547978;M2-JJ-8-5
3240931548111;M2-JJ-8-5
3240931548135;M2-JJ-8-5
3240931548784;M2-JJ-8-5
3240931549248;M2-JJ-8-5
3240931549255;M2-JJ-8-5
3248830000143;M2-JJ-8-5
3248830000150;M2-JJ-8-5
3256220267861;M2-JJ-8-5
3256220866842;M2-JJ-8-5
3256221655056;M2-JJ-8-5
3256221661446;M2-JJ-8-5
3256221661453;M2-JJ-8-5
3256224191353;M2-JJ-8-5
3256224191377;M2-JJ-8-5
3256224191391;M2-JJ-8-5
3256224191414;M2-JJ-8-5
3256224191506;M2-JJ-8-5
3256226070151;M2-JJ-8-5
3256226385446;M2-JJ-8-5
3256227106071;M2-JJ-8-5
3256228755643;M2-JJ-8-5
3256229770782;M2-JJ-8-5
3660992013517;M2-JJ-8-5
7613035648463;M2-JJ-8-5
7613035648494;M2-JJ-8-5
3154230600244;M2-JJ-8-6
3154230802198;M2-JJ-8-6
3154230802228;M2-JJ-8-6
3154230802259;M2-JJ-8-6
3154230802280;M2-JJ-8-6
3154230802310;M2-JJ-8-6
3154230802341;M2-JJ-8-6
3154230802372;M2-JJ-8-6
3154230802402;M2-JJ-8-6
3154230804963;M2-JJ-8-6
3154230805113;M2-JJ-8-6
3248830971443;M2-JJ-8-6
3256220506656;M2-JJ-8-6
3256222255019;M2-JJ-8-6
3256222255118;M2-JJ-8-6
3256224622574;M2-JJ-8-6
3256224764526;M2-JJ-8-6
3256225432301;M2-JJ-8-6
3256225432318;M2-JJ-8-6
3256225955244;M2-JJ-8-6
3256225955268;M2-JJ-8-6
3256227744754;M2-JJ-8-6
3256228118325;M2-JJ-8-6
3256228118332;M2-JJ-8-6
3256228970398;M2-JJ-8-6
3256228970404;M2-JJ-8-6
3275461005759;M2-JJ-8-6
3660992023615;M2-JJ-8-6
3095751915014;M2-JJ-8-7
3095756330010;M2-JJ-8-7
3095756622016;M2-JJ-8-7
3095757125011;M2-JJ-8-7
3095757694104;M2-JJ-8-7
3095758798108;M2-JJ-8-7
3095758913013;M2-JJ-8-7
3095758914010;M2-JJ-8-7
3256221674583;M2-JJ-8-7
3256224622567;M2-JJ-8-7
3256225433094;M2-JJ-8-7
3256225722556;M2-JJ-8-7
3256225722631;M2-JJ-8-7
3256226760908;M2-JJ-8-7
3256226760922;M2-JJ-8-7
3256227090370;M2-JJ-8-7
3256228115676;M2-JJ-8-7
3256228403254;M2-JJ-8-7
3256228403261;M2-JJ-8-7
3256228408198;M2-JJ-8-7
3256229262577;M2-JJ-8-7
3266980154318;M2-JJ-8-7
3302740021220;M2-JJ-8-7
3302740021244;M2-JJ-8-7
3302740024504;M2-JJ-8-7
3302740101076;M2-JJ-8-7
3660992013296;M2-JJ-8-7
3660992013302;M2-JJ-8-7
3660992023608;M2-JJ-8-7
7613035927490;M2-JJ-8-7
7613035999503;M2-JJ-8-7
3154230033431;M2-JJ-8-8
3154230801269;M2-JJ-8-8
3154230801313;M2-JJ-8-8
3154230801368;M2-JJ-8-8
3154230801412;M2-JJ-8-8
3154230801467;M2-JJ-8-8
3154230801498;M2-JJ-8-8
3154230801610;M2-JJ-8-8
3154230801795;M2-JJ-8-8
3154230801825;M2-JJ-8-8
3154230801955;M2-JJ-8-8
3154230811633;M2-JJ-8-8
3235080008647;M2-JJ-8-8
3235080008654;M2-JJ-8-8
3256220063951;M2-JJ-8-8
3256220270106;M2-JJ-8-8
3256221978063;M2-JJ-8-8
3256222339436;M2-JJ-8-8
3256222340005;M2-JJ-8-8
3256222809359;M2-JJ-8-8
3256224621232;M2-JJ-8-8
3256224621249;M2-JJ-8-8
3256224990925;M2-JJ-8-8
3256225722600;M2-JJ-8-8
3256225722617;M2-JJ-8-8
3256228433800;M2-JJ-8-8
3256228623966;M2-JJ-8-8
3256228623973;M2-JJ-8-8
3256228623980;M2-JJ-8-8
3256228623997;M2-JJ-8-8
3256228956620;M2-JJ-8-8
3266980466510;M2-JJ-8-8
3368951147111;M2-JJ-8-8
3368954600033;M2-JJ-8-8
3368954600248;M2-JJ-8-8
3368954600255;M2-JJ-8-8
3435660690334;M2-JJ-8-8
3435660690341;M2-JJ-8-8
3531937493001;M2-JJ-8-8
3531937494008;M2-JJ-8-8
3700141404602;M2-JJ-8-8
7613035286733;M2-JJ-8-8
7613035287167;M2-JJ-8-8
7613035289291;M2-JJ-8-8
7613035937420;M2-JJ-8-8
7613035999497;M2-JJ-8-8
3256220663168;M2-JJ-9-1
3368957936887;M2-JJ-9-1
3413900000013;M2-JJ-9-1
3413900000020;M2-JJ-9-1
3413900000051;M2-JJ-9-1
3413900000082;M2-JJ-9-1
3413900000297;M2-JJ-9-1
3061430001163;M2-KK-10-1
3083680590822;M2-KK-10-1
3083680629775;M2-KK-10-1
3083681004380;M2-KK-10-1
3083681013146;M2-KK-10-1
3083681033830;M2-KK-10-1
3083681101690;M2-KK-10-1
3083681150421;M2-KK-10-1
3083681168815;M2-KK-10-1
3256220125437;M2-KK-10-1
3256220930062;M2-KK-10-1
3256221053647;M2-KK-10-1
3256222641119;M2-KK-10-1
3256223800089;M2-KK-10-1
3256223800102;M2-KK-10-1
3256223800270;M2-KK-10-1
3256224756699;M2-KK-10-1
3256229256552;M2-KK-10-1
3280220508075;M2-KK-10-1
3280220892006;M2-KK-10-1
3280225021227;M2-KK-10-1
3660992000395;M2-KK-10-1
3083680918824;M2-KK-10-2
3083681004359;M2-KK-10-2
3083681011517;M2-KK-10-2
3083681150155;M2-KK-10-2
3083681150186;M2-KK-10-2
3083681150230;M2-KK-10-2
3083681150285;M2-KK-10-2
3083681168846;M2-KK-10-2
3083681177398;M2-KK-10-2
3182340118113;M2-KK-10-2
3182341809102;M2-KK-10-2
3182342504709;M2-KK-10-2
3227291010212;M2-KK-10-2
3227291030210;M2-KK-10-2
3256220064118;M2-KK-10-2
3256221053524;M2-KK-10-2
3256221053531;M2-KK-10-2
3256222240046;M2-KK-10-2
3256222641126;M2-KK-10-2
3256223800058;M2-KK-10-2
3256223800072;M2-KK-10-2
3256223800287;M2-KK-10-2
3256224756682;M2-KK-10-2
3280222210167;M2-KK-10-2
3399130018564;M2-KK-10-2
3399130018588;M2-KK-10-2
3399130018595;M2-KK-10-2
3422440002500;M2-KK-10-2
3422440003316;M2-KK-10-2
3422440003323;M2-KK-10-2
3422440006409;M2-KK-10-2
3422440006416;M2-KK-10-2
3422440006423;M2-KK-10-2
3422440006430;M2-KK-10-2
3422440006454;M2-KK-10-2
3422440006478;M2-KK-10-2
3422440006485;M2-KK-10-2
3422440006638;M2-KK-10-2
3422440006966;M2-KK-10-2
3422440006973;M2-KK-10-2
3422440006980;M2-KK-10-2
3422440006997;M2-KK-10-2
3422440007901;M2-KK-10-2
3422440007918;M2-KK-10-2
3422440007925;M2-KK-10-2
3422440009332;M2-KK-10-2
3585510015432;M2-KK-10-2
3585510020191;M2-KK-10-2
3701035103397;M2-KK-10-2
3760113478574;M2-KK-10-3
3068230011828;M2-KK-12-1
3143110095157;M2-KK-12-1
3180840003076;M2-KK-12-1
3180840004813;M2-KK-12-1
3191220000363;M2-KK-12-1
3191220000370;M2-KK-12-1
3191220000394;M2-KK-12-1
3191220000813;M2-KK-12-1
3191220006068;M2-KK-12-1
3191220006327;M2-KK-12-1
3191220009533;M2-KK-12-1
3191220009823;M2-KK-12-1
3191220009830;M2-KK-12-1
3191220019099;M2-KK-12-1
3191220020477;M2-KK-12-1
3256220879217;M2-KK-12-1
3256223800201;M2-KK-12-1
3256223800218;M2-KK-12-1
3256223800300;M2-KK-12-1
3256223800317;M2-KK-12-1
3256223800324;M2-KK-12-1
3256223800348;M2-KK-12-1
3256223800386;M2-KK-12-1
3325350363504;M2-KK-12-1
3352395002686;M2-KK-12-1
3361291955026;M2-KK-12-1
3361291956016;M2-KK-12-1
3481010000285;M2-KK-12-1
3502490171606;M2-KK-12-1
3502490225897;M2-KK-12-1
3595120001176;M2-KK-12-1
3595120003231;M2-KK-12-1
3595120005310;M2-KK-12-1
3595120005372;M2-KK-12-1
3595120007499;M2-KK-12-1
3595120007512;M2-KK-12-1
3595120029576;M2-KK-12-1
3595120029583;M2-KK-12-1
3700198620130;M2-KK-12-1
4008258324042;M2-KK-12-1
8717953145109;M2-KK-12-1
8717953145192;M2-KK-12-1
0014113910569;M2-KK-12-2
0014113911672;M2-KK-12-2
0014113911719;M2-KK-12-2
3068230005667;M2-KK-12-2
3068230006732;M2-KK-12-2
3068230013259;M2-KK-12-2
3068230016144;M2-KK-12-2
3068230016830;M2-KK-12-2
3068230017240;M2-KK-12-2
3068230018513;M2-KK-12-2
3068230018520;M2-KK-12-2
3068235253872;M2-KK-12-2
3068239253274;M2-KK-12-2
3068239254875;M2-KK-12-2
3143110091265;M2-KK-12-2
3191220009847;M2-KK-12-2
3191220021054;M2-KK-12-2
3191220021061;M2-KK-12-2
3191220021078;M2-KK-12-2
3256223800355;M2-KK-12-2
3256223800362;M2-KK-12-2
3256225721085;M2-KK-12-2
3256225721092;M2-KK-12-2
3256225721108;M2-KK-12-2
3256229738690;M2-KK-12-2
3270720018082;M2-KK-12-2
3270720029637;M2-KK-12-2
3270720029644;M2-KK-12-2
3270720029798;M2-KK-12-2
3270722500141;M2-KK-12-2
3298722010286;M2-KK-12-2
3325350103124;M2-KK-12-2
3325350106200;M2-KK-12-2
3325350109713;M2-KK-12-2
3325350500107;M2-KK-12-2
3352395110190;M2-KK-12-2
3502490014514;M2-KK-12-2
3502490025145;M2-KK-12-2
3502490099153;M2-KK-12-2
3502490099177;M2-KK-12-2
3502490122523;M2-KK-12-2
3502490122554;M2-KK-12-2
3502490125456;M2-KK-12-2
3502490195794;M2-KK-12-2
3502490210275;M2-KK-12-2
3528302013100;M2-KK-12-2
3595120003224;M2-KK-12-2
3700194679200;M2-KK-12-2
3700196610522;M2-KK-12-2
3700225106101;M2-KK-12-2
3700350906065;M2-KK-12-2
3760011731702;M2-KK-12-2
3760018850048;M2-KK-12-2
3760018851977;M2-KK-12-2
3760093910033;M2-KK-12-2
4008258038000;M2-KK-12-2
4008258039007;M2-KK-12-2
4008258045039;M2-KK-12-2
4008258052006;M2-KK-12-2
4008258055014;M2-KK-12-2
4008258065013;M2-KK-12-2
4008258065044;M2-KK-12-2
4008258074008;M2-KK-12-2
4008258074039;M2-KK-12-2
4008258100011;M2-KK-12-2
4008258107010;M2-KK-12-2
4008258107089;M2-KK-12-2
4008258109007;M2-KK-12-2
4008258109038;M2-KK-12-2
4008258120002;M2-KK-12-2
4008258121016;M2-KK-12-2
4008258130018;M2-KK-12-2
4008258130056;M2-KK-12-2
4008258147016;M2-KK-12-2
4008258150092;M2-KK-12-2
4008258154229;M2-KK-12-2
4008258156001;M2-KK-12-2
4008258158005;M2-KK-12-2
4008258159026;M2-KK-12-2
4008258185001;M2-KK-12-2
4008258185018;M2-KK-12-2
4008258274019;M2-KK-12-2
4008258276006;M2-KK-12-2
4008258414019;M2-KK-12-2
4008258442012;M2-KK-12-2
3068230017967;M2-KK-12-3
3191220012724;M2-KK-12-3
3256220505840;M2-KK-12-3
3270720000308;M2-KK-12-3
3270720001596;M2-KK-12-3
3270720005594;M2-KK-12-3
3270720005600;M2-KK-12-3
3270720005709;M2-KK-12-3
3270720005723;M2-KK-12-3
3270720008137;M2-KK-12-3
3270720017078;M2-KK-12-3
3270720080102;M2-KK-12-3
3270720090057;M2-KK-12-3
3270720090064;M2-KK-12-3
3270720090095;M2-KK-12-3
3270727701277;M2-KK-12-3
3270727701291;M2-KK-12-3
3502490009237;M2-KK-12-3
3502490009664;M2-KK-12-3
3502490180271;M2-KK-12-3
3700194609108;M2-KK-12-3
3700196689108;M2-KK-12-3
3700199609103;M2-KK-12-3
3760011732426;M2-KK-12-3
3760011732433;M2-KK-12-3
3760011732648;M2-KK-12-3
4008258046029;M2-KK-12-3
4008258051030;M2-KK-12-3
4008258154236;M2-KK-12-3
4008258157008;M2-KK-12-3
4008258423011;M2-KK-12-3
3182340511211;M2-KK-13-1
3256220450294;M2-KK-13-1
3256220450355;M2-KK-13-1
3256220875493;M2-KK-13-1
3333313123508;M2-KK-13-1
3352396100138;M2-KK-13-1
3352396100145;M2-KK-13-1
3352396200036;M2-KK-13-1
3352396200067;M2-KK-13-1
3352396200081;M2-KK-13-1
3352396200104;M2-KK-13-1
3352396200159;M2-KK-13-1
3352396200173;M2-KK-13-1
3352396200227;M2-KK-13-1
3352396200548;M2-KK-13-1
3357735108004;M2-KK-13-1
3357735213005;M2-KK-13-1
3377860022204;M2-KK-13-1
3377860071004;M2-KK-13-1
3377860114756;M2-KK-13-1
3377860221003;M2-KK-13-1
3377860312060;M2-KK-13-1
3382510001577;M2-KK-13-1
3382510019282;M2-KK-13-1
3382510032014;M2-KK-13-1
3382510032373;M2-KK-13-1
3382510032380;M2-KK-13-1
3390122201674;M2-KK-13-1
3390123001105;M2-KK-13-1
3390123001471;M2-KK-13-1
3425480101080;M2-KK-13-1
3425480101189;M2-KK-13-1
3524130000350;M2-KK-13-1
3524130000374;M2-KK-13-1
3524130005355;M2-KK-13-1
3524130005614;M2-KK-13-1
3524130005690;M2-KK-13-1
3524130005706;M2-KK-13-1
3524130005713;M2-KK-13-1
3524130006482;M2-KK-13-1
3524130007335;M2-KK-13-1
3663362013513;M2-KK-13-1
3770027854043;M2-KK-13-1
8410131031453;M2-KK-13-1
8410131031460;M2-KK-13-1
8410131031545;M2-KK-13-1
8410131031552;M2-KK-13-1
8410131031569;M2-KK-13-1
8410131031576;M2-KK-13-1
8410131045153;M2-KK-13-1
0205606000000;M2-KK-13-2
3228170029189;M2-KK-13-2
3256220420556;M2-KK-13-2
3256220422635;M2-KK-13-2
3256220447485;M2-KK-13-2
3256220450041;M2-KK-13-2
3256220450423;M2-KK-13-2
3256222781549;M2-KK-13-2
3256229268449;M2-KK-13-2
3256229268456;M2-KK-13-2
3283322004520;M2-KK-13-2
3283322509254;M2-KK-13-2
3333313123515;M2-KK-13-2
3333313123911;M2-KK-13-2
3333340005990;M2-KK-13-2
3343770050163;M2-KK-13-2
3343771419105;M2-KK-13-2
3343779121000;M2-KK-13-2
3343779250113;M2-KK-13-2
3350271340303;M2-KK-13-2
3352394001024;M2-KK-13-2
3352396100169;M2-KK-13-2
3352396200043;M2-KK-13-2
3352396200272;M2-KK-13-2
3352396200616;M2-KK-13-2
3370560302263;M2-KK-13-2
3370560302317;M2-KK-13-2
3424851832417;M2-KK-13-2
3446400000085;M2-KK-13-2
3528302012288;M2-KK-13-2
3528302012295;M2-KK-13-2
3528302013001;M2-KK-13-2
3528302013124;M2-KK-13-2
3528302013179;M2-KK-13-2
3593240330503;M2-KK-13-2
3593283001804;M2-KK-13-2
3660992020300;M2-KK-13-2
3660992020409;M2-KK-13-2
3660992020423;M2-KK-13-2
3663362005013;M2-KK-13-2
3663362015159;M2-KK-13-2
3663362039025;M2-KK-13-2
3700225106347;M2-KK-13-2
3760032210323;M2-KK-13-2
3760144292460;M2-KK-13-2
3760144292545;M2-KK-13-2
3760144293573;M2-KK-13-2
3760144293771;M2-KK-13-2
3760144296017;M2-KK-13-2
3760144296888;M2-KK-13-2
3760144299148;M2-KK-13-2
3770027773184;M2-KK-13-2
3770027773344;M2-KK-13-2
3920192613406;M2-KK-13-2
2822789000000;M2-KK-13-3
3236021133633;M2-KK-13-3
3236021134340;M2-KK-13-3
3236021143342;M2-KK-13-3
3236027143346;M2-KK-13-3
3236027143353;M2-KK-13-3
3236027152249;M2-KK-13-3
3236027334348;M2-KK-13-3
3256229268487;M2-KK-13-3
3256229806498;M2-KK-13-3
3297171633893;M2-KK-13-3
3304430811258;M2-KK-13-3
3327189997264;M2-KK-13-3
3343770087817;M2-KK-13-3
3343771406211;M2-KK-13-3
3343778119664;M2-KK-13-3
3343778150315;M2-KK-13-3
3343778153224;M2-KK-13-3
3343779410210;M2-KK-13-3
3368955726275;M2-KK-13-3
3660992020348;M2-KK-13-3
2222868000000;M2-KK-3-1
2224500000000;M2-KK-3-1
2287036000000;M2-KK-3-1
2418822000000;M2-KK-3-1
2428297000000;M2-KK-3-1
2606164000000;M2-KK-3-1
2663798000000;M2-KK-3-1
2875836000000;M2-KK-3-1
2898329000000;M2-KK-3-1
2898540000000;M2-KK-3-1
3039050043900;M2-KK-3-1
3039050535801;M2-KK-3-1
3039050535818;M2-KK-3-1
3039050631770;M2-KK-3-1
3039050633071;M2-KK-3-1
3039050633194;M2-KK-3-1
3039050633866;M2-KK-3-1
3039050634122;M2-KK-3-1
3039050634245;M2-KK-3-1
3039050642486;M2-KK-3-1
3039050680709;M2-KK-3-1
3039050680716;M2-KK-3-1
3181232180511;M2-KK-3-1
3181232180634;M2-KK-3-1
3181238910983;M2-KK-3-1
3181238911010;M2-KK-3-1
3181238986148;M2-KK-3-1
3181238990992;M2-KK-3-1
3256224069300;M2-KK-3-1
3256225008537;M2-KK-3-1
3256228955654;M2-KK-3-1
3256228955661;M2-KK-3-1
3266980030070;M2-KK-3-1
3266980030087;M2-KK-3-1
3266980030100;M2-KK-3-1
3273230269531;M2-KK-3-1
3273230269722;M2-KK-3-1
3273230277314;M2-KK-3-1
3273230277505;M2-KK-3-1
3273230277512;M2-KK-3-1
3273230277888;M2-KK-3-1
3273230277895;M2-KK-3-1
3273230293970;M2-KK-3-1
3273230296582;M2-KK-3-1
3273230296643;M2-KK-3-1
3273230394196;M2-KK-3-1
3273230394547;M2-KK-3-1
3273230394677;M2-KK-3-1
3273230394684;M2-KK-3-1
3273230395100;M2-KK-3-1
3273230395124;M2-KK-3-1
3273230395216;M2-KK-3-1
3273230395223;M2-KK-3-1
3273230395230;M2-KK-3-1
3273230395339;M2-KK-3-1
3273230395452;M2-KK-3-1
3273625000077;M2-KK-3-1
3273625814131;M2-KK-3-1
3273625818023;M2-KK-3-1
3273625827445;M2-KK-3-1
3273625844220;M2-KK-3-1
3273625871530;M2-KK-3-1
3273625873893;M2-KK-3-1
3384480028950;M2-KK-3-1
3384480028967;M2-KK-3-1
3388340037748;M2-KK-3-1
3660992018932;M2-KK-3-1
0207937000000;M2-KK-3-2
0209600000000;M2-KK-3-2
2600204000000;M2-KK-3-2
2600354000000;M2-KK-3-2
2606424000000;M2-KK-3-2
2606425000000;M2-KK-3-2
2606426000000;M2-KK-3-2
2606436000000;M2-KK-3-2
2606451000000;M2-KK-3-2
2606472000000;M2-KK-3-2
2625066000000;M2-KK-3-2
2625076000000;M2-KK-3-2
2875964000000;M2-KK-3-2
3273230261917;M2-KK-3-2
0207689000000;M2-KK-3-3
0208841000000;M2-KK-3-3
2661081000000;M2-KK-3-3
2817420000000;M2-KK-3-3
2822788000000;M2-KK-3-3
0200156000000;M2-KK-3-4
0200157000000;M2-KK-3-4
0200166000000;M2-KK-3-4
0200167000000;M2-KK-3-4
0200174000000;M2-KK-3-4
0201697000000;M2-KK-3-4
0201730000000;M2-KK-3-4
0201813000000;M2-KK-3-4
0201814000000;M2-KK-3-4
0201819000000;M2-KK-3-4
0203064000000;M2-KK-3-4
0203085000000;M2-KK-3-4
0203661000000;M2-KK-3-4
0203664000000;M2-KK-3-4
0205572000000;M2-KK-3-4
0206172000000;M2-KK-3-4
0209176000000;M2-KK-3-4
2000000302300;M2-KK-3-4
2000000302317;M2-KK-3-4
2000000302324;M2-KK-3-4
2000000302331;M2-KK-3-4
2815619000000;M2-KK-3-4
2815650000000;M2-KK-3-4
2815887000000;M2-KK-3-4
2815889000000;M2-KK-3-4
2815903000000;M2-KK-3-4
2822591000000;M2-KK-3-4
2822596000000;M2-KK-3-4
2884272000000;M2-KK-3-4
2884326000000;M2-KK-3-4
2884327000000;M2-KK-3-4
2884333000000;M2-KK-3-4
2884351000000;M2-KK-3-4
2884359000000;M2-KK-3-4
2884382000000;M2-KK-3-4
2884385000000;M2-KK-3-4
2886576000000;M2-KK-3-4
2886580000000;M2-KK-3-4
2889528000000;M2-KK-3-4
2889548000000;M2-KK-3-4
2889549000000;M2-KK-3-4
2889550000000;M2-KK-3-4
2889556000000;M2-KK-3-4
2889588000000;M2-KK-3-4
2891008000000;M2-KK-3-4
0204147000000;M2-KK-3-5
0204168000000;M2-KK-3-5
0204178000000;M2-KK-3-5
0204340000000;M2-KK-3-5
0204409000000;M2-KK-3-5
0204438000000;M2-KK-3-5
0207263000000;M2-KK-3-5
0207410000000;M2-KK-3-5
0207553000000;M2-KK-3-5
2204305000000;M2-KK-3-5
2481295000000;M2-KK-3-5
2661428000000;M2-KK-3-5
2802823000000;M2-KK-3-5
2815781000000;M2-KK-3-5
2816551000000;M2-KK-3-5
2818986000000;M2-KK-3-5
2822602000000;M2-KK-3-5
2876293000000;M2-KK-3-5
2893525000000;M2-KK-3-5
3485310001232;M2-KK-3-5
3485310002420;M2-KK-3-5
0292475000000;M2-KK-4-1
2850770000000;M2-KK-4-1
3039050042705;M2-KK-4-1
3039050042712;M2-KK-4-1
3039050042729;M2-KK-4-1
3039050043801;M2-KK-4-1
3039050337474;M2-KK-4-1
3039050337481;M2-KK-4-1
3039050337566;M2-KK-4-1
3039050340849;M2-KK-4-1
3039050343390;M2-KK-4-1
3039050348098;M2-KK-4-1
3039050348111;M2-KK-4-1
3039050354112;M2-KK-4-1
3181232120043;M2-KK-4-1
3181232120401;M2-KK-4-1
3181232180504;M2-KK-4-1
3181232180559;M2-KK-4-1
3181232220309;M2-KK-4-1
3181232220415;M2-KK-4-1
3181232222037;M2-KK-4-1
3181238928308;M2-KK-4-1
3181238971168;M2-KK-4-1
3181238978884;M2-KK-4-1
3181238986230;M2-KK-4-1
3181238987015;M2-KK-4-1
3181238989002;M2-KK-4-1
3256220851398;M2-KK-4-1
3256220851411;M2-KK-4-1
3256220981675;M2-KK-4-1
3256220981682;M2-KK-4-1
3256220981699;M2-KK-4-1
3256220981705;M2-KK-4-1
3256220981712;M2-KK-4-1
3256221501179;M2-KK-4-1
3256224621508;M2-KK-4-1
3256224621607;M2-KK-4-1
3256224621638;M2-KK-4-1
3256224621683;M2-KK-4-1
3256228673190;M2-KK-4-1
3256229806597;M2-KK-4-1
3265980122150;M2-KK-4-1
3265980122167;M2-KK-4-1
3265980122396;M2-KK-4-1
3265980125496;M2-KK-4-1
3265980128749;M2-KK-4-1
3265980128756;M2-KK-4-1
3265980129623;M2-KK-4-1
3265980153499;M2-KK-4-1
3265980158326;M2-KK-4-1
3273230050610;M2-KK-4-1
3273230050627;M2-KK-4-1
3273230050634;M2-KK-4-1
3273230050832;M2-KK-4-1
3273230052089;M2-KK-4-1
3273230052102;M2-KK-4-1
3273230052119;M2-KK-4-1
3273230052539;M2-KK-4-1
3273230052546;M2-KK-4-1
3273230067724;M2-KK-4-1
3273230068707;M2-KK-4-1
3273230295400;M2-KK-4-1
3273230295530;M2-KK-4-1
3660992018840;M2-KK-4-1
3660992018857;M2-KK-4-1
3660992018871;M2-KK-4-1
3660992023356;M2-KK-4-1
3660992023363;M2-KK-4-1
3660992023370;M2-KK-4-1
3039050047625;M2-KK-4-2
3039050048127;M2-KK-4-2
3039050049537;M2-KK-4-2
3039050049544;M2-KK-4-2
3039050049551;M2-KK-4-2
3039050144416;M2-KK-4-2
3039050144430;M2-KK-4-2
3039050337467;M2-KK-4-2
3039050343703;M2-KK-4-2
3039050348739;M2-KK-4-2
3039050348753;M2-KK-4-2
3039050356932;M2-KK-4-2
3155060001713;M2-KK-4-2
3155060001942;M2-KK-4-2
3155060005247;M2-KK-4-2
3155060005254;M2-KK-4-2
3181232138321;M2-KK-4-2
3181232138345;M2-KK-4-2
3181232138369;M2-KK-4-2
3181232138451;M2-KK-4-2
3181232138772;M2-KK-4-2
3181232138802;M2-KK-4-2
3181232138901;M2-KK-4-2
3181232172004;M2-KK-4-2
3181232172080;M2-KK-4-2
3181232172165;M2-KK-4-2
3181232172523;M2-KK-4-2
3181232221337;M2-KK-4-2
3181232221344;M2-KK-4-2
3181238928391;M2-KK-4-2
3181238930004;M2-KK-4-2
3181238930042;M2-KK-4-2
3181238930127;M2-KK-4-2
3181238930165;M2-KK-4-2
3181238932640;M2-KK-4-2
3181238969974;M2-KK-4-2
3181238981990;M2-KK-4-2
3181238982010;M2-KK-4-2
3181238985271;M2-KK-4-2
3181238992507;M2-KK-4-2
3181238992668;M2-KK-4-2
3181238992682;M2-KK-4-2
3181238996055;M2-KK-4-2
3256220066839;M2-KK-4-2
3256220171533;M2-KK-4-2
3256220271707;M2-KK-4-2
3256221974089;M2-KK-4-2
3256224069294;M2-KK-4-2
3256224129004;M2-KK-4-2
3256224129073;M2-KK-4-2
3256224129080;M2-KK-4-2
3256224170280;M2-KK-4-2
3256224390473;M2-KK-4-2
3256224390510;M2-KK-4-2
3256224395935;M2-KK-4-2
3256224395942;M2-KK-4-2
3256224621522;M2-KK-4-2
3256224621621;M2-KK-4-2
3256224621669;M2-KK-4-2
3256224621706;M2-KK-4-2
3256228955623;M2-KK-4-2
3273230261924;M2-KK-4-2
3273230261948;M2-KK-4-2
3273230298982;M2-KK-4-2
3273230390433;M2-KK-4-2
3273230393731;M2-KK-4-2
3273230394271;M2-KK-4-2
3273625858616;M2-KK-4-2
3366760020113;M2-KK-4-2
0201893000000;M2-KK-4-3
0202154000000;M2-KK-4-3
0202155000000;M2-KK-4-3
0202202000000;M2-KK-4-3
0202443000000;M2-KK-4-3
0207132000000;M2-KK-4-3
0207571000000;M2-KK-4-3
2813323000000;M2-KK-4-3
2817907000000;M2-KK-4-3
2889538000000;M2-KK-4-3
2889541000000;M2-KK-4-3
0201037000000;M2-KK-4-4
0202164000000;M2-KK-4-4
0202184000000;M2-KK-4-4
0202188000000;M2-KK-4-4
0202419000000;M2-KK-4-4
0202421000000;M2-KK-4-4
0205551000000;M2-KK-4-4
0205553000000;M2-KK-4-4
0207122000000;M2-KK-4-4
0207129000000;M2-KK-4-4
0207131000000;M2-KK-4-4
0207145000000;M2-KK-4-4
0207162000000;M2-KK-4-4
0207315000000;M2-KK-4-4
0207318000000;M2-KK-4-4
0253002000000;M2-KK-4-4
2669115000000;M2-KK-4-4
2669165000000;M2-KK-4-4
2875286000000;M2-KK-4-4
2875297000000;M2-KK-4-4
2875298000000;M2-KK-4-4
2875322000000;M2-KK-4-4
2875323000000;M2-KK-4-4
2883823000000;M2-KK-4-4
2883835000000;M2-KK-4-4
2883894000000;M2-KK-4-4
2883907000000;M2-KK-4-4
2883908000000;M2-KK-4-4
2883920000000;M2-KK-4-4
2891631000000;M2-KK-4-4
0202231000000;M2-KK-4-5
0204135000000;M2-KK-4-5
0204194000000;M2-KK-4-5
0207206000000;M2-KK-4-5
0207216000000;M2-KK-4-5
0207996000000;M2-KK-4-5
2802578000000;M2-KK-4-5
2815656000000;M2-KK-4-5
2817085000000;M2-KK-4-5
2817086000000;M2-KK-4-5
2817906000000;M2-KK-4-5
2863504000000;M2-KK-4-5
2863505000000;M2-KK-4-5
2863506000000;M2-KK-4-5
2863516000000;M2-KK-4-5
2863519000000;M2-KK-4-5
2884571000000;M2-KK-4-5
2884580000000;M2-KK-4-5
2884581000000;M2-KK-4-5
2884623000000;M2-KK-4-5
2889614000000;M2-KK-4-5
2889615000000;M2-KK-4-5
2890208000000;M2-KK-4-5
3155060005308;M2-KK-4-5
3384480092142;M2-KK-4-5
3384480093569;M2-KK-4-5
3384480093606;M2-KK-4-5
3384480093613;M2-KK-4-5
3384483093863;M2-KK-4-5
0204127000000;M2-KK-4-6
0204128000000;M2-KK-4-6
0204144000000;M2-KK-4-6
0204145000000;M2-KK-4-6
0204150000000;M2-KK-4-6
0204151000000;M2-KK-4-6
0204170000000;M2-KK-4-6
0204171000000;M2-KK-4-6
0204173000000;M2-KK-4-6
0204198000000;M2-KK-4-6
0204297000000;M2-KK-4-6
0206067000000;M2-KK-4-6
0207242000000;M2-KK-4-6
0207243000000;M2-KK-4-6
0207248000000;M2-KK-4-6
0207691000000;M2-KK-4-6
2661427000000;M2-KK-4-6
2802828000000;M2-KK-4-6
2816552000000;M2-KK-4-6
2822618000000;M2-KK-4-6
0247530000000;M2-KK-4-7
0247556000000;M2-KK-4-7
0285130000000;M2-KK-4-7
2409382000000;M2-KK-4-7
2409383000000;M2-KK-4-7
2409384000000;M2-KK-4-7
2409385000000;M2-KK-4-7
2422422000000;M2-KK-4-7
2666834000000;M2-KK-4-7
3384480010504;M2-KK-4-7
3384480022033;M2-KK-4-7
3384480032148;M2-KK-4-7
3038684906711;M2-KK-5-1
3256221421996;M2-KK-5-1
3256224375272;M2-KK-5-1
3256225042784;M2-KK-5-1
3256225759590;M2-KK-5-1
3256227108129;M2-KK-5-1
3256227108136;M2-KK-5-1
3302100025844;M2-KK-5-1
3336370050459;M2-KK-5-1
3336370050473;M2-KK-5-1
3435020080164;M2-KK-5-1
3492500060498;M2-KK-5-1
3571492210019;M2-KK-5-1
3571492480009;M2-KK-5-1
3571492490008;M2-KK-5-1
3571492510003;M2-KK-5-1
3571492670004;M2-KK-5-1
3571495140115;M2-KK-5-1
3571495140535;M2-KK-5-1
3571495140719;M2-KK-5-1
3574300033367;M2-KK-5-1
3760000754958;M2-KK-5-1
8422107001353;M2-KK-5-1
3175690317008;M2-KK-5-2
3175690590104;M2-KK-5-2
3175690591002;M2-KK-5-2
3256220504898;M2-KK-5-2
3256220504904;M2-KK-5-2
3256224375241;M2-KK-5-2
3256224375265;M2-KK-5-2
3256224757306;M2-KK-5-2
3256224987871;M2-KK-5-2
3256227092909;M2-KK-5-2
3256228948472;M2-KK-5-2
3256229535992;M2-KK-5-2
3306080032342;M2-KK-5-2
3336370050527;M2-KK-5-2
3336374001754;M2-KK-5-2
3336374001778;M2-KK-5-2
3336374401134;M2-KK-5-2
3336374401684;M2-KK-5-2
3336374402247;M2-KK-5-2
3336374402377;M2-KK-5-2
3453020005062;M2-KK-5-2
3453020005079;M2-KK-5-2
3461820010018;M2-KK-5-2
3476700004377;M2-KK-5-2
3476700004490;M2-KK-5-2
3492500072729;M2-KK-5-2
3760070012811;M2-KK-5-2
3760070016758;M2-KK-5-2
0202241000000;M2-KK-5-3
0203757000000;M2-KK-5-3
0204027000000;M2-KK-5-3
0209565000000;M2-KK-5-3
2434959000000;M2-KK-5-3
2435050000000;M2-KK-5-3
2810355000000;M2-KK-5-3
2812619000000;M2-KK-5-3
2822451000000;M2-KK-5-3
2875123000000;M2-KK-5-3
2875426000000;M2-KK-5-3
2883466000000;M2-KK-5-3
2883467000000;M2-KK-5-3
2893906000000;M2-KK-5-3
3038685200719;M2-KK-5-3
3256229164796;M2-KK-5-3
3256229164833;M2-KK-5-3
3558070091147;M2-KK-5-3
3760253240994;M2-KK-5-3
0244977000000;M2-KK-5-4
3038680705813;M2-KK-5-4
3038687064012;M2-KK-5-4
3256220504980;M2-KK-5-4
3256220504997;M2-KK-5-4
3256223670927;M2-KK-5-4
3256224059028;M2-KK-5-4
3256224357018;M2-KK-5-4
3256227113062;M2-KK-5-4
3256227113093;M2-KK-5-4
3256227360930;M2-KK-5-4
3256227361074;M2-KK-5-4
3256227361104;M2-KK-5-4
3256229545380;M2-KK-5-4
3256229556195;M2-KK-5-4
3256229776081;M2-KK-5-4
3256229786066;M2-KK-5-4
3256229788435;M2-KK-5-4
3256229788442;M2-KK-5-4
3302100012493;M2-KK-5-4
3302100025554;M2-KK-5-4
3339050002496;M2-KK-5-4
3339051000637;M2-KK-5-4
3453020005086;M2-KK-5-4
3475230115416;M2-KK-5-4
3501729240151;M2-KK-5-4
3506230300134;M2-KK-5-4
3664846102426;M2-KK-5-4
3700096602184;M2-KK-5-4
3700290000120;M2-KK-5-4
3760048511407;M2-KK-5-4
3760048517003;M2-KK-5-4
3760116231541;M2-KK-5-4
3770004831678;M2-KK-5-4
3770009309196;M2-KK-5-4
3770018662114;M2-KK-5-4
5025758000169;M2-KK-5-4
5414646029724;M2-KK-5-4
5414646029731;M2-KK-5-4
8422107001308;M2-KK-5-4
3038680047326;M2-KK-5-5
3256220125772;M2-KK-5-5
3256221659467;M2-KK-5-5
3256221659474;M2-KK-5-5
3256224060468;M2-KK-5-5
3256224192329;M2-KK-5-5
3256224560111;M2-KK-5-5
3256224560128;M2-KK-5-5
3256227393556;M2-KK-5-5
3492500026265;M2-KK-5-5
3492500038459;M2-KK-5-5
3492500045020;M2-KK-5-5
3760050750030;M2-KK-5-5
3033610056812;M2-KK-6-1
3033610056843;M2-KK-6-1
3033610062509;M2-KK-6-1
3033610069447;M2-KK-6-1
3033610070733;M2-KK-6-1
3033610070900;M2-KK-6-1
3033610071303;M2-KK-6-1
3033610075271;M2-KK-6-1
3033610075998;M2-KK-6-1
3033610076384;M2-KK-6-1
3033610076988;M2-KK-6-1
3033610080916;M2-KK-6-1
3033610083979;M2-KK-6-1
3033610084693;M2-KK-6-1
3033610086161;M2-KK-6-1
3038680014632;M2-KK-6-1
3038680038201;M2-KK-6-1
3038680063395;M2-KK-6-1
3256220031301;M2-KK-6-1
3256220067492;M2-KK-6-1
3256220067539;M2-KK-6-1
3256224612759;M2-KK-6-1
3256224612827;M2-KK-6-1
3256225424474;M2-KK-6-1
3256227697814;M2-KK-6-1
3256227744433;M2-KK-6-1
3256228125651;M2-KK-6-1
3256228972699;M2-KK-6-1
3256228972729;M2-KK-6-1
3256228972736;M2-KK-6-1
3256228972743;M2-KK-6-1
3256228972767;M2-KK-6-1
3256229504417;M2-KK-6-1
3256229504424;M2-KK-6-1
3256229504448;M2-KK-6-1
3355200792253;M2-KK-6-1
3355200794332;M2-KK-6-1
3368955564808;M2-KK-6-1
3368956340647;M2-KK-6-1
3389400340679;M2-KK-6-1
3389400341942;M2-KK-6-1
3456700013005;M2-KK-6-1
3577390200121;M2-KK-6-1
3660992013555;M2-KK-6-1
3760253430623;M2-KK-6-1
3760253430630;M2-KK-6-1
3760253433174;M2-KK-6-1
3760253433198;M2-KK-6-1
3760253433204;M2-KK-6-1
3760253433242;M2-KK-6-1
3760253433327;M2-KK-6-1
3760253433341;M2-KK-6-1
3760253433358;M2-KK-6-1
3218370011114;M2-KK-6-2
3218370011121;M2-KK-6-2
3218370011213;M2-KK-6-2
3218370051233;M2-KK-6-2
3218370061119;M2-KK-6-2
3218370071446;M2-KK-6-2
3218370081117;M2-KK-6-2
3224964002208;M2-KK-6-2
3256220174848;M2-KK-6-2
3256220507998;M2-KK-6-2
3256220508407;M2-KK-6-2
3256220660884;M2-KK-6-2
3256220829908;M2-KK-6-2
3256221970524;M2-KK-6-2
3256221970548;M2-KK-6-2
3256221978223;M2-KK-6-2
3256222915197;M2-KK-6-2
3256223370001;M2-KK-6-2
3256224613008;M2-KK-6-2
3256225068821;M2-KK-6-2
3256225734023;M2-KK-6-2
3256226765958;M2-KK-6-2
3256228118004;M2-KK-6-2
3256228417664;M2-KK-6-2
3256228972774;M2-KK-6-2
3256228972781;M2-KK-6-2
3256228972798;M2-KK-6-2
3256228972804;M2-KK-6-2
3256228972811;M2-KK-6-2
3256228972835;M2-KK-6-2
3256229517202;M2-KK-6-2
3269660003708;M2-KK-6-2
3269660003715;M2-KK-6-2
3269660003722;M2-KK-6-2
3272640500104;M2-KK-6-2
3276770006185;M2-KK-6-2
3276770006192;M2-KK-6-2
3276770006208;M2-KK-6-2
3276770242323;M2-KK-6-2
3276770242330;M2-KK-6-2
3292070001026;M2-KK-6-2
3292070005185;M2-KK-6-2
3292070008759;M2-KK-6-2
3368952639332;M2-KK-6-2
3368956404950;M2-KK-6-2
3551610008735;M2-KK-6-2
3551610010134;M2-KK-6-2
3551610010646;M2-KK-6-2
3760036821754;M2-KK-6-2
3760036823444;M2-KK-6-2
8016438001610;M2-KK-6-2
3038680063135;M2-KK-6-3
3038680063630;M2-KK-6-3
3224962004600;M2-KK-6-3
3224962510095;M2-KK-6-3
3224962510101;M2-KK-6-3
3253330000357;M2-KK-6-3
3256220269728;M2-KK-6-3
3256220269735;M2-KK-6-3
3256220269742;M2-KK-6-3
3256220374071;M2-KK-6-3
3256220377614;M2-KK-6-3
3256220378208;M2-KK-6-3
3256220383592;M2-KK-6-3
3256220385497;M2-KK-6-3
3256220385695;M2-KK-6-3
3256220875349;M2-KK-6-3
3256220875356;M2-KK-6-3
3256220875363;M2-KK-6-3
3256220875370;M2-KK-6-3
3256220888028;M2-KK-6-3
3256220888035;M2-KK-6-3
3256221016215;M2-KK-6-3
3256221016246;M2-KK-6-3
3256221016253;M2-KK-6-3
3256222148045;M2-KK-6-3
3256222650678;M2-KK-6-3
3256224193005;M2-KK-6-3
3256224193012;M2-KK-6-3
3256224193029;M2-KK-6-3
3256224193043;M2-KK-6-3
3256226081218;M2-KK-6-3
3256228666123;M2-KK-6-3
3256228666130;M2-KK-6-3
3256228666147;M2-KK-6-3
3256229487741;M2-KK-6-3
3256229487765;M2-KK-6-3
3256229488212;M2-KK-6-3
3256229504431;M2-KK-6-3
3269660009229;M2-KK-6-3
3269660009243;M2-KK-6-3
3269660009250;M2-KK-6-3
3269660009267;M2-KK-6-3
3269660013035;M2-KK-6-3
3269660013868;M2-KK-6-3
3269660014308;M2-KK-6-3
3272640000017;M2-KK-6-3
3276170011185;M2-KK-6-3
3276770010731;M2-KK-6-3
3276770010809;M2-KK-6-3
3276770010816;M2-KK-6-3
3276770242873;M2-KK-6-3
3276770242897;M2-KK-6-3
3276770249469;M2-KK-6-3
3276770251301;M2-KK-6-3
3283260146009;M2-KK-6-3
3283260146061;M2-KK-6-3
3292070000036;M2-KK-6-3
3292070005147;M2-KK-6-3
3292070005154;M2-KK-6-3
3292070005161;M2-KK-6-3
3292070005178;M2-KK-6-3
3292070006564;M2-KK-6-3
3292070006571;M2-KK-6-3
3292070007905;M2-KK-6-3
3292070007912;M2-KK-6-3
3292070008476;M2-KK-6-3
3292070009473;M2-KK-6-3
3292070009947;M2-KK-6-3
3292070009954;M2-KK-6-3
3292070009961;M2-KK-6-3
3292070010127;M2-KK-6-3
3292070010226;M2-KK-6-3
3292070010585;M2-KK-6-3
3292070010592;M2-KK-6-3
3292070010684;M2-KK-6-3
3292070010745;M2-KK-6-3
3292070010813;M2-KK-6-3
3292070010929;M2-KK-6-3
3292070100521;M2-KK-6-3
3292070100958;M2-KK-6-3
3302740058998;M2-KK-6-3
3577390200015;M2-KK-6-3
3577390200046;M2-KK-6-3
3577390900649;M2-KK-6-3
3700966563706;M2-KK-6-3
3700966570476;M2-KK-6-3
3760036824106;M2-KK-6-3
3760036824113;M2-KK-6-3
3760253433136;M2-KK-6-3
3760253433143;M2-KK-6-3
3760253433150;M2-KK-6-3
8016438001078;M2-KK-6-3
8016438001603;M2-KK-6-3
3256222734590;M2-KK-6-4
3256225722327;M2-KK-6-4
3256226081140;M2-KK-6-4
3256226081157;M2-KK-6-4
3256226081164;M2-KK-6-4
3256226081171;M2-KK-6-4
3276170010805;M2-KK-6-4
3276170012243;M2-KK-6-4
3276170016333;M2-KK-6-4
3276170016340;M2-KK-6-4
3276170027001;M2-KK-6-4
3302740046667;M2-KK-6-4
3302740057052;M2-KK-6-4
3302740059018;M2-KK-6-4
3302740061509;M2-KK-6-4
3302740067785;M2-KK-6-4
3302740067952;M2-KK-6-4
3302740067969;M2-KK-6-4
3302741714107;M2-KK-6-4
3302747233022;M2-KK-6-4
3302748259021;M2-KK-6-4
3302748260027;M2-KK-6-4
3375160013151;M2-KK-6-4
3521042004322;M2-KK-6-4
3521042004421;M2-KK-6-4
3521042005480;M2-KK-6-4
3521045210119;M2-KK-6-4
3660992013562;M2-KK-6-4
0206034000000;M2-KK-7-1
0206654000000;M2-KK-7-1
0206888000000;M2-KK-7-1
0208067000000;M2-KK-7-1
0209106000000;M2-KK-7-1
2000000311890;M2-KK-7-1
2212398000000;M2-KK-7-1
2252488000000;M2-KK-7-1
2273692000000;M2-KK-7-1
2273693000000;M2-KK-7-1
2273694000000;M2-KK-7-1
2279390000000;M2-KK-7-1
2293164000000;M2-KK-7-1
2470746000000;M2-KK-7-1
2631022000000;M2-KK-7-1
2661345000000;M2-KK-7-1
2876334000000;M2-KK-7-1
2876443000000;M2-KK-7-1
2885756000000;M2-KK-7-1
2885770000000;M2-KK-7-1
2885771000000;M2-KK-7-1
2885941000000;M2-KK-7-1
2885946000000;M2-KK-7-1
2885959000000;M2-KK-7-1
2885960000000;M2-KK-7-1
2885981000000;M2-KK-7-1
2890759000000;M2-KK-7-1
3016740108415;M2-KK-7-1
3177340018174;M2-KK-7-1
3177340018303;M2-KK-7-1
3256228559791;M2-KK-7-1
3268680016903;M2-KK-7-1
3273625841779;M2-KK-7-1
3273625841786;M2-KK-7-1
3289744022210;M2-KK-7-1
3289744022265;M2-KK-7-1
3346650210121;M2-KK-7-1
3368956450575;M2-KK-7-1
3449865351440;M2-KK-7-1
3449865373022;M2-KK-7-1
3449865373107;M2-KK-7-1
3449865374128;M2-KK-7-1
3498940013155;M2-KK-7-1
3517737623312;M2-KK-7-1
3700133918865;M2-KK-7-1
4047435652295;M2-KK-7-1
8005153005195;M2-KK-7-1
8028257006417;M2-KK-7-1
2261682000000;M2-KK-7-2
2481685000000;M2-KK-7-2
2610104000000;M2-KK-7-2
2611520000000;M2-KK-7-2
2802209000000;M2-KK-7-2
2885951000000;M2-KK-7-2
3275461001454;M2-KK-7-2
3275461005292;M2-KK-7-2
3275461007463;M2-KK-7-2
3324440470672;M2-KK-7-2
3324440470702;M2-KK-7-2
3324440470863;M2-KK-7-2
3449865351426;M2-KK-7-2
3449865373077;M2-KK-7-2
3517737623114;M2-KK-7-2
3517737624517;M2-KK-7-2
3660071001237;M2-KK-7-2
3700656401455;M2-KK-7-2
3770001252438;M2-KK-7-2
8028257004260;M2-KK-7-2
8028257013323;M2-KK-7-2
8028257013354;M2-KK-7-2
8028257013361;M2-KK-7-2
8410764012058;M2-KK-7-2
8425545113428;M2-KK-7-2
0200367000000;M2-KK-7-3
0202835000000;M2-KK-7-3
0206059000000;M2-KK-7-3
2616641000000;M2-KK-7-3
2871738000000;M2-KK-7-3
2885731000000;M2-KK-7-3
2888153000000;M2-KK-7-3
2888227000000;M2-KK-7-3
2891255000000;M2-KK-7-3
2892660000000;M2-KK-7-3
3023260026013;M2-KK-7-3
3023260031390;M2-KK-7-3
3173980030101;M2-KK-7-3
3184670016138;M2-KK-7-3
3184670016404;M2-KK-7-3
3199240002862;M2-KK-7-3
3199240002879;M2-KK-7-3
3199241023620;M2-KK-7-3
3224339414001;M2-KK-7-3
3252540950889;M2-KK-7-3
3271560000947;M2-KK-7-3
3273220011997;M2-KK-7-3
3288150483431;M2-KK-7-3
3288150922992;M2-KK-7-3
3288152728622;M2-KK-7-3
3288159572594;M2-KK-7-3
3301170070105;M2-KK-7-3
3305510221806;M2-KK-7-3
3379760172560;M2-KK-7-3
3379760172577;M2-KK-7-3
3379760172591;M2-KK-7-3
3379760471953;M2-KK-7-3
3417881106009;M2-KK-7-3
3428380001856;M2-KK-7-3
3428380002549;M2-KK-7-3
3440597000248;M2-KK-7-3
3492848290007;M2-KK-7-3
3503180116112;M2-KK-7-3
3529380019244;M2-KK-7-3
3529380020011;M2-KK-7-3
3592630000125;M2-KK-7-3
3760173390175;M2-KK-7-3
3760280680596;M2-KK-7-3
0200891000000;M2-KK-7-4
0201415000000;M2-KK-7-4
0201556000000;M2-KK-7-4
0201657000000;M2-KK-7-4
0202509000000;M2-KK-7-4
0202745000000;M2-KK-7-4
0202747000000;M2-KK-7-4
0202780000000;M2-KK-7-4
0204164000000;M2-KK-7-4
0204839000000;M2-KK-7-4
0205138000000;M2-KK-7-4
0206065000000;M2-KK-7-4
0207600000000;M2-KK-7-4
0208556000000;M2-KK-7-4
0208561000000;M2-KK-7-4
0209548000000;M2-KK-7-4
0209550000000;M2-KK-7-4
2424863000000;M2-KK-7-4
2456304000000;M2-KK-7-4
2456364000000;M2-KK-7-4
2625014000000;M2-KK-7-4
2635571000000;M2-KK-7-4
2635574000000;M2-KK-7-4
2635693000000;M2-KK-7-4
2655935000000;M2-KK-7-4
2813746000000;M2-KK-7-4
2817896000000;M2-KK-7-4
2823344000000;M2-KK-7-4
2825532000000;M2-KK-7-4
2825586000000;M2-KK-7-4
2871736000000;M2-KK-7-4
2884721000000;M2-KK-7-4
2887375000000;M2-KK-7-4
2888228000000;M2-KK-7-4
2889749000000;M2-KK-7-4
2890525000000;M2-KK-7-4
2892954000000;M2-KK-7-4
3222110008944;M2-KK-7-4
3222110016192;M2-KK-7-4
3271560000930;M2-KK-7-4
3294581751551;M2-KK-7-4
3332621011682;M2-KK-7-4
3332621011699;M2-KK-7-4
3364860790714;M2-KK-7-4
3364885720673;M2-KK-7-4
3414170015325;M2-KK-7-4
3529380007425;M2-KK-7-4
3529380020035;M2-KK-7-4
5021427908248;M2-KK-7-4
5021427909252;M2-KK-7-4
0201937000000;M2-KK-7-5
0202704000000;M2-KK-7-5
0202708000000;M2-KK-7-5
0202755000000;M2-KK-7-5
0204580000000;M2-KK-7-5
0204598000000;M2-KK-7-5
0204599000000;M2-KK-7-5
0206353000000;M2-KK-7-5
0206734000000;M2-KK-7-5
0208079000000;M2-KK-7-5
0208312000000;M2-KK-7-5
0285566000000;M2-KK-7-5
2812823000000;M2-KK-7-5
2824763000000;M2-KK-7-5
2865529000000;M2-KK-7-5
2888391000000;M2-KK-7-5
2892064000000;M2-KK-7-5
3060921505142;M2-KK-7-5
3250550014409;M2-KK-7-5
3256228588456;M2-KK-7-5
3324440440811;M2-KK-7-5
3324440470733;M2-KK-7-5
3324440470740;M2-KK-7-5
0202742000000;M2-KK-7-6
2000000920481;M2-KK-7-6
3023260030393;M2-KK-7-6
3175210007785;M2-KK-7-6
3184670026380;M2-KK-7-6
3222120092087;M2-KK-7-6
3237055007211;M2-KK-7-6
3252950001515;M2-KK-7-6
3252950007029;M2-KK-7-6
3252950009948;M2-KK-7-6
3252950010074;M2-KK-7-6
3254550032609;M2-KK-7-6
3254550040352;M2-KK-7-6
3254550047528;M2-KK-7-6
3254550070243;M2-KK-7-6
3256220265416;M2-KK-7-6
3263091000343;M2-KK-7-6
3263091001289;M2-KK-7-6
3307901030080;M2-KK-7-6
3307907290082;M2-KK-7-6
3307908000062;M2-KK-7-6
3307950070006;M2-KK-7-6
3324440150062;M2-KK-7-6
3324440150079;M2-KK-7-6
3336660000164;M2-KK-7-6
3368954155892;M2-KK-7-6
3369640040713;M2-KK-7-6
3369640040720;M2-KK-7-6
3373670000043;M2-KK-7-6
3476810005189;M2-KK-7-6
3523230057783;M2-KK-7-6
3529380020110;M2-KK-7-6
3529380020134;M2-KK-7-6
0000030005105;M2-KK-7-7
3222110011128;M2-KK-7-7
3222110025194;M2-KK-7-7
3252950004516;M2-KK-7-7
3252950007982;M2-KK-7-7
3252950007999;M2-KK-7-7
3254550047535;M2-KK-7-7
3254550047658;M2-KK-7-7
3267031040505;M2-KK-7-7
3332621044710;M2-KK-7-7
3336660000461;M2-KK-7-7
3529380007418;M2-KK-7-7
3760072304129;M2-KK-7-7
3760131670240;M2-KK-7-7
3760131670363;M2-KK-7-7
2000000274874;M2-KK-7-8
2635570000000;M2-KK-7-8
2893450000000;M2-KK-7-8
3060921454686;M2-KK-7-8
3060921462551;M2-KK-7-8
3060921462568;M2-KK-7-8
3254550031909;M2-KK-7-8
3256228806581;M2-KK-7-8
3273220141892;M2-KK-7-8
3324440347905;M2-KK-7-8
3363476112798;M2-KK-7-8
3529380010623;M2-KK-7-8
3529380018605;M2-KK-7-8
3529380018612;M2-KK-7-8
3529380018629;M2-KK-7-8
3529380018667;M2-KK-7-8
3529380018872;M2-KK-7-8
3529380018896;M2-KK-7-8
3529380018919;M2-KK-7-8
3529380018971;M2-KK-7-8
3529380018995;M2-KK-7-8
3529380020097;M2-KK-7-8
3760131670028;M2-KK-7-8
3760131670103;M2-KK-7-8
3760131670134;M2-KK-7-8
3760131670165;M2-KK-7-8
3760131670172;M2-KK-7-8
3760131670202;M2-KK-7-8
3760131670219;M2-KK-7-8
3760131670226;M2-KK-7-8
3760131670301;M2-KK-7-8
0208228000000;M2-KK-8-1
2000000297354;M2-KK-8-1
3061430008971;M2-KK-8-1
3061430008988;M2-KK-8-1
3061430008995;M2-KK-8-1
3061430009008;M2-KK-8-1
3061430009015;M2-KK-8-1
3061430009022;M2-KK-8-1
3256224756675;M2-KK-8-1
3280220104161;M2-KK-8-1
3280220109142;M2-KK-8-1
3280220112197;M2-KK-8-1
3280220204168;M2-KK-8-1
3280220212194;M2-KK-8-1
3280220404162;M2-KK-8-1
3280220905157;M2-KK-8-1
3280220918003;M2-KK-8-1
3280221102173;M2-KK-8-1
3280221712075;M2-KK-8-1
3280221807184;M2-KK-8-1
3280221811143;M2-KK-8-1
3280221907228;M2-KK-8-1
3280222205187;M2-KK-8-1
3280222312168;M2-KK-8-1
3280222411144;M2-KK-8-1
3280222905179;M2-KK-8-1
3280222908149;M2-KK-8-1
3280223103161;M2-KK-8-1
3280223108142;M2-KK-8-1
3334320003340;M2-KK-8-1
3334320003401;M2-KK-8-1
3334320003463;M2-KK-8-1
3382510019152;M2-KK-8-1
3382510019213;M2-KK-8-1
3382510019268;M2-KK-8-1
3385630017916;M2-KK-8-1
3425480160179;M2-KK-8-1
3570250003351;M2-KK-8-1
3570250009094;M2-KK-8-1
3570250025643;M2-KK-8-1
3570250026657;M2-KK-8-1
3570250026664;M2-KK-8-1
3570250026671;M2-KK-8-1
3570250026787;M2-KK-8-1
3570250027135;M2-KK-8-1
3570250027142;M2-KK-8-1
3570250027449;M2-KK-8-1
3570250027463;M2-KK-8-1
3585510020177;M2-KK-8-1
3585510021068;M2-KK-8-1
3700758500797;M2-KK-8-1
3700758500841;M2-KK-8-1
3700758500872;M2-KK-8-1
3700758500896;M2-KK-8-1
3700758500964;M2-KK-8-1
3700758500971;M2-KK-8-1
3700758501220;M2-KK-8-1
3700758501848;M2-KK-8-1
3701035100044;M2-KK-8-1
3760223390148;M2-KK-8-1
3760380710360;M2-KK-8-1
3760380710391;M2-KK-8-1
3770010667186;M2-KK-8-1
3770010667209;M2-KK-8-1
3770010667292;M2-KK-8-1
3770010667308;M2-KK-8-1
3770013548116;M2-KK-8-1
3770017437003;M2-KK-8-1
3770017437034;M2-KK-8-1
8430631319769;M2-KK-8-1
8718226440020;M2-KK-8-1
8718226442161;M2-KK-8-1
8718226442604;M2-KK-8-1
3033210003858;M2-LL-1-1
3256222234465;M2-LL-1-1
3256222234526;M2-LL-1-1
3256222234564;M2-LL-1-1
3256222234601;M2-LL-1-1
3256222234625;M2-LL-1-1
3256222234649;M2-LL-1-1
3256222234656;M2-LL-1-1
3256222234670;M2-LL-1-1
3256222649283;M2-LL-1-1
3256224933991;M2-LL-1-1
3256224934301;M2-LL-1-1
3256224934400;M2-LL-1-1
3256224934448;M2-LL-1-1
3256226752682;M2-LL-1-1
3256228739995;M2-LL-1-1
3274664141301;M2-LL-1-1
3274664141318;M2-LL-1-1
3274664206567;M2-LL-1-1
3274664261382;M2-LL-1-1
3660992013074;M2-LL-1-1
7613034077943;M2-LL-1-1
7613034975386;M2-LL-1-1
7613035888265;M2-LL-1-1
7613035892781;M2-LL-1-1
7613035892811;M2-LL-1-1
7613035892866;M2-LL-1-1
3033210813815;M2-LL-1-2
3256220875011;M2-LL-1-2
3256222787794;M2-LL-1-2
3256224111566;M2-LL-1-2
3256224111573;M2-LL-1-2
3256224111580;M2-LL-1-2
3256224111597;M2-LL-1-2
3256224111603;M2-LL-1-2
3274664224974;M2-LL-1-2
3274664224998;M2-LL-1-2
3274664241438;M2-LL-1-2
3274664243425;M2-LL-1-2
3274664261368;M2-LL-1-2
3274664264932;M2-LL-1-2
3332792000072;M2-LL-1-2
3332792005084;M2-LL-1-2
3760385230207;M2-LL-1-2
3760385230238;M2-LL-1-2
3760385230245;M2-LL-1-2
3760385230276;M2-LL-1-2
4081800119594;M2-LL-1-2
5900130042701;M2-LL-1-2
7613035244320;M2-LL-1-2
7613035452930;M2-LL-1-2
8000500384664;M2-LL-1-2
8000500384718;M2-LL-1-2
8000500406427;M2-LL-1-2
8436575295671;M2-LL-1-2
8436575298092;M2-LL-1-2
8436575299198;M2-LL-1-2
8711327543751;M2-LL-1-2
8711327633353;M2-LL-1-2
8711327681248;M2-LL-1-2
8711327681507;M2-LL-1-2
3251510550005;M2-LL-1-3
3251510551002;M2-LL-1-3
3251512810008;M2-LL-1-3
3256224111399;M2-LL-1-3
3256224116011;M2-LL-1-3
3256224116028;M2-LL-1-3
3256224758082;M2-LL-1-3
3256224758099;M2-LL-1-3
3256226115333;M2-LL-1-3
3256229272453;M2-LL-1-3
3256229272460;M2-LL-1-3
3256229272859;M2-LL-1-3
3256229410466;M2-LL-1-3
3274664242473;M2-LL-1-3
3274664262198;M2-LL-1-3
3274667005341;M2-LL-1-3
3332792000164;M2-LL-1-3
3332792001314;M2-LL-1-3
3332792008252;M2-LL-1-3
3332792008702;M2-LL-1-3
3439810000479;M2-LL-1-3
3439810000486;M2-LL-1-3
5000159443753;M2-LL-1-3
5000159483063;M2-LL-1-3
5000159484695;M2-LL-1-3
5000159509633;M2-LL-1-3
5000159541374;M2-LL-1-3
5000159541435;M2-LL-1-3
5000159570602;M2-LL-1-3
5027324001181;M2-LL-1-3
5027324001235;M2-LL-1-3
5027324001839;M2-LL-1-3
5027324003840;M2-LL-1-3
5027324003871;M2-LL-1-3
5410126007701;M2-LL-1-3
5410126037005;M2-LL-1-3
5413556000397;M2-LL-1-3
5900130026329;M2-LL-1-3
7613035468535;M2-LL-1-3
7613035468566;M2-LL-1-3
7613036243803;M2-LL-1-3
8000500363492;M2-LL-1-3
8000500363539;M2-LL-1-3
8000500443866;M2-LL-1-3
8000500446966;M2-LL-1-3
8421542004219;M2-LL-1-3
8436575290836;M2-LL-1-3
8436575296562;M2-LL-1-3
8436575298016;M2-LL-1-3
8606018618521;M2-LL-1-3
8711327320857;M2-LL-1-3
8711327485082;M2-LL-1-3
8711327576810;M2-LL-1-3
8711327578340;M2-LL-1-3
8711327578517;M2-LL-1-3
8711327581937;M2-LL-1-3
8711327606234;M2-LL-1-3
8711327608207;M2-LL-1-3
8711327608665;M2-LL-1-3
8711327609464;M2-LL-1-3
8711327609716;M2-LL-1-3
8711327611924;M2-LL-1-3
8711327622210;M2-LL-1-3
8711327626997;M2-LL-1-3
8711327628557;M2-LL-1-3
8711327639942;M2-LL-1-3
8711327640306;M2-LL-1-3
8711327640450;M2-LL-1-3
8711327647930;M2-LL-1-3
8711327648036;M2-LL-1-3
8711327653245;M2-LL-1-3
8711327662773;M2-LL-1-3
3256221653939;M2-LL-1-4
3256221654004;M2-LL-1-4
3256224112303;M2-LL-1-4
3256224112327;M2-LL-1-4
3256224354963;M2-LL-1-4
3256224354987;M2-LL-1-4
3256224354994;M2-LL-1-4
3256224355007;M2-LL-1-4
3256228667120;M2-LL-1-4
3256229288874;M2-LL-1-4
8711327391475;M2-LL-1-4
8711327483729;M2-LL-1-4
8711327539259;M2-LL-1-4
8711327575080;M2-LL-1-4
8711327576865;M2-LL-1-4
8711327577619;M2-LL-1-4
8711327582842;M2-LL-1-4
8711327582897;M2-LL-1-4
8711327606081;M2-LL-1-4
8711327607163;M2-LL-1-4
8711327608153;M2-LL-1-4
8711327608450;M2-LL-1-4
8711327608504;M2-LL-1-4
8711327609648;M2-LL-1-4
8711327613386;M2-LL-1-4
8711327621176;M2-LL-1-4
8711327622678;M2-LL-1-4
8711327622708;M2-LL-1-4
8711327623057;M2-LL-1-4
8711327664500;M2-LL-1-4
8711327678538;M2-LL-1-4
8711327678804;M2-LL-1-4
8717163691496;M2-LL-1-4
3256228125477;M2-LL-1-5
3256228125484;M2-LL-1-5
3274664142452;M2-LL-1-5
3274664142469;M2-LL-1-5
3274664263041;M2-LL-1-5
3274664266479;M2-LL-1-5
3415581586718;M2-LL-1-5
3415587541018;M2-LL-1-5
3415587545016;M2-LL-1-5
3415587546013;M2-LL-1-5
3415587547010;M2-LL-1-5
5900130030630;M2-LL-1-5
5900130031118;M2-LL-1-5
5900130034980;M2-LL-1-5
5900130036298;M2-LL-1-5
5900130036335;M2-LL-1-5
5900130042398;M2-LL-1-5
5903021303882;M2-LL-1-5
3256220887212;M2-LL-1-6
3256220887465;M2-LL-1-6
3256229807259;M2-LL-1-6
3256229807266;M2-LL-1-6
3289477020057;M2-LL-1-6
3415581101010;M2-LL-1-6
3415581105711;M2-LL-1-6
3415581113716;M2-LL-1-6
3415581114713;M2-LL-1-6
3415581115017;M2-LL-1-6
3415581117011;M2-LL-1-6
3415581122015;M2-LL-1-6
3415581187717;M2-LL-1-6
3415581509717;M2-LL-1-6
3415581515718;M2-LL-1-6
3415581520712;M2-LL-1-6
3415581535112;M2-LL-1-6
3415581545715;M2-LL-1-6
3415581569117;M2-LL-1-6
3415583005712;M2-LL-1-6
3415583011713;M2-LL-1-6
3433871250095;M2-LL-1-6
3433871250217;M2-LL-1-6
3433871250248;M2-LL-1-6
3433872400017;M2-LL-1-6
3760312673824;M2-LL-1-6
3760385230511;M2-LL-1-6
3760385230542;M2-LL-1-6
3760385230559;M2-LL-1-6
8000500425183;M2-LL-1-6
8053178940007;M2-LL-1-6
8053178940014;M2-LL-1-6
8053178940021;M2-LL-1-6
8053178940038;M2-LL-1-6
8053178940045;M2-LL-1-6
8711327318144;M2-LL-1-6
8711327321724;M2-LL-1-6
8711327371002;M2-LL-1-6
8711327373105;M2-LL-1-6
8711327374256;M2-LL-1-6
8711327374324;M2-LL-1-6
8711327374515;M2-LL-1-6
8711327539624;M2-LL-1-6
8711327589360;M2-LL-1-6
8711327626386;M2-LL-1-6
8711327629394;M2-LL-1-6
8711327666481;M2-LL-1-6
8711327666962;M2-LL-1-6
8711327670020;M2-LL-1-6
3256220064491;M2-LL-1-7
3256220357807;M2-LL-1-7
3256221653946;M2-LL-1-7
3256222649306;M2-LL-1-7
3256224110545;M2-LL-1-7
3256224110552;M2-LL-1-7
3256224110569;M2-LL-1-7
3256224110606;M2-LL-1-7
3256224110613;M2-LL-1-7
3256224110675;M2-LL-1-7
3256224110705;M2-LL-1-7
3256224111733;M2-LL-1-7
3256227767173;M2-LL-1-7
3256228102706;M2-LL-1-7
3256228102713;M2-LL-1-7
3256228102720;M2-LL-1-7
3256228102737;M2-LL-1-7
3256228102744;M2-LL-1-7
3256228102751;M2-LL-1-7
3256228102768;M2-LL-1-7
3256228102775;M2-LL-1-7
3256228102782;M2-LL-1-7
3256228102799;M2-LL-1-7
3256228102805;M2-LL-1-7
3256228102812;M2-LL-1-7
3256228366818;M2-LL-1-7
3415581555912;M2-LL-1-7
3415581571110;M2-LL-1-7
3660992023288;M2-LL-1-7
8437020396028;M2-LL-1-7
3256220062893;M2-LL-1-8
3256220258654;M2-LL-1-8
3256220369046;M2-LL-1-8
3256220470728;M2-LL-1-8
3256220887519;M2-LL-1-8
3256223199923;M2-LL-1-8
3256224114505;M2-LL-1-8
3256224114529;M2-LL-1-8
3256226386702;M2-LL-1-8
3256228125453;M2-LL-1-8
3256228125460;M2-LL-1-8
3256228869715;M2-LL-1-8
3256229266971;M2-LL-1-8
3256229266988;M2-LL-1-8
3256229266995;M2-LL-1-8
3256229785380;M2-LL-1-8
3368950117252;M2-LL-1-8
3368950117269;M2-LL-1-8
3368950117290;M2-LL-1-8
3368950117306;M2-LL-1-8
3428420061505;M2-LL-1-8
3450350093684;M2-LL-1-8
3760039981028;M2-LL-1-8
3760039981226;M2-LL-1-8
3760039982018;M2-LL-1-8
3760039982049;M2-LL-1-8
3760039982056;M2-LL-1-8
3760039982063;M2-LL-1-8
3760039982087;M2-LL-1-8
3760039982216;M2-LL-1-8
3760039982384;M2-LL-1-8
3760039982537;M2-LL-1-8
3760039982544;M2-LL-1-8
3760039982568;M2-LL-1-8
3760039982575;M2-LL-1-8
3760039982582;M2-LL-1-8
3760039985637;M2-LL-1-8
3760239140683;M2-LL-1-8
3760239140706;M2-LL-1-8
3760239140720;M2-LL-1-8
3760239140768;M2-LL-1-8
8000920200025;M2-LL-1-8
8711327591011;M2-LL-1-8
8711327591653;M2-LL-1-8
8711327615045;M2-LL-1-8
8711327615090;M2-LL-1-8
8711327615144;M2-LL-1-8
8711327615199;M2-LL-1-8
8711327615380;M2-LL-1-8
8711327618428;M2-LL-1-8
8711327621275;M2-LL-1-8
8711327679542;M2-LL-1-8
3256220369039;M2-LL-1-9
3256221116052;M2-LL-1-9
3256221116069;M2-LL-1-9
3256222233772;M2-LL-1-9
3256222963495;M2-LL-1-9
3256224758105;M2-LL-1-9
3256224763062;M2-LL-1-9
3256224763079;M2-LL-1-9
3256225426911;M2-LL-1-9
3256227103414;M2-LL-1-9
3256228421234;M2-LL-1-9
3256228439413;M2-LL-1-9
3256228976017;M2-LL-1-9
3385630005302;M2-LL-1-9
3399851000008;M2-LL-1-9
3465410001103;M2-LL-1-9
3465410001134;M2-LL-1-9
3700009282618;M2-LL-1-9
3700009282632;M2-LL-1-9
3760287430279;M2-LL-1-9
3760287430286;M2-LL-1-9
3760287430293;M2-LL-1-9
3760287430309;M2-LL-1-9
3760287430507;M2-LL-1-9
3760287430521;M2-LL-1-9
3760287430538;M2-LL-1-9
3770022135062;M2-LL-1-9
3770022135079;M2-LL-1-9
8000500413654;M2-LL-1-9
8000500431269;M2-LL-1-9
8000500436967;M2-LL-1-9
8000500450918;M2-LL-1-9
3256227455704;M2-LL-2-1
3660992013043;M2-LL-2-1
3660992013050;M2-LL-2-1
8710438110012;M2-LL-2-1
8710438123845;M2-LL-2-1
8710438123906;M2-LL-2-1
8710438123968;M2-LL-2-1
8710438129212;M2-LL-2-1
3248830001324;M2-LL-2-10
3248830724971;M2-LL-2-10
3248830770718;M2-LL-2-10
3399852000014;M2-LL-2-10
3399852000021;M2-LL-2-10
5410126297003;M2-LL-2-11
7613034975416;M2-LL-2-11
3256227455681;M2-LL-2-2
3256227455698;M2-LL-2-2
8710438123722;M2-LL-2-2
8710438123814;M2-LL-2-2
8710438123876;M2-LL-2-2
8710438123999;M2-LL-2-2
3256220170499;M2-LL-2-3
3256220515351;M2-LL-2-3
3256226386542;M2-LL-2-3
3256226386559;M2-LL-2-3
3256227475795;M2-LL-2-3
3256227743085;M2-LL-2-3
8710438123548;M2-LL-2-3
8710438123630;M2-LL-2-3
8710438123692;M2-LL-2-3
8710438123784;M2-LL-2-3
8710438128871;M2-LL-2-3
3256220516303;M2-LL-2-4
3256225111060;M2-LL-2-4
3256225424979;M2-LL-2-4
3760032001884;M2-LL-2-4
3760032002706;M2-LL-2-4
3760032004939;M2-LL-2-4
8710438081275;M2-LL-2-4
8710438107944;M2-LL-2-4
8710438107975;M2-LL-2-4
8710438108002;M2-LL-2-4
8710438112429;M2-LL-2-4
8710438114607;M2-LL-2-4
8710438114638;M2-LL-2-4
8710438121872;M2-LL-2-4
8710438124996;M2-LL-2-4
3256220170505;M2-LL-2-5
3256224160885;M2-LL-2-5
3256224701699;M2-LL-2-5
3256225111107;M2-LL-2-5
3256227453861;M2-LL-2-5
8710438116809;M2-LL-2-5
3256227455711;M2-LL-2-6
3256830002920;M2-LL-2-6
3256830002951;M2-LL-2-6
3599741006428;M2-LL-2-6
3599741006459;M2-LL-2-6
3660992013067;M2-LL-2-6
8710438128840;M2-LL-2-6
8710438130973;M2-LL-2-6
3256221205565;M2-LL-2-7
3256225738526;M2-LL-2-7
3256227453878;M2-LL-2-7
3256227455728;M2-LL-2-7
3599740003077;M2-LL-2-7
3599740007792;M2-LL-2-7
3599740009925;M2-LL-2-7
3599741006374;M2-LL-2-7
3760032001891;M2-LL-2-7
3760032002966;M2-LL-2-7
3184034038394;M2-LL-2-8
3256221134988;M2-LL-2-8
3256222808802;M2-LL-2-8
3256222809632;M2-LL-2-8
3256227473579;M2-LL-2-8
3256228433817;M2-LL-2-8
3256228433824;M2-LL-2-8
3256228433848;M2-LL-2-8
3256228438348;M2-LL-2-8
3256228673084;M2-LL-2-8
3256228679536;M2-LL-2-8
3256228679543;M2-LL-2-8
3256228679567;M2-LL-2-8
3368955876369;M2-LL-2-8
3083681183665;M2-LL-2-9
3248830001317;M2-LL-2-9
3248830720188;M2-LL-2-9
3248830720201;M2-LL-2-9
3248833083846;M2-LL-2-9
3248833083860;M2-LL-2-9
3248833086700;M2-LL-2-9
3248833087998;M2-LL-2-9
3248833088681;M2-LL-2-9
3256228438331;M2-LL-2-9
3256228438355;M2-LL-2-9
3289473001197;M2-LL-2-9
3289473001203;M2-LL-2-9
3760344350564;M2-LL-2-9
3083681066838;M2-LL-4-1
3083681066852;M2-LL-4-1
3083681105247;M2-LL-4-1
3083681116939;M2-LL-4-1
3083681117011;M2-LL-4-1
3083681117042;M2-LL-4-1
3184034250888;M2-LL-4-1
3184034257689;M2-LL-4-1
3256220064675;M2-LL-4-1
3256222809847;M2-LL-4-1
3256223360569;M2-LL-4-1
3256223360583;M2-LL-4-1
3256224160731;M2-LL-4-1
3256224160762;M2-LL-4-1
3256224761341;M2-LL-4-1
3256220126410;M2-LL-4-10
3256220170598;M2-LL-4-10
3256220269155;M2-LL-4-10
3256220368995;M2-LL-4-10
3256220870863;M2-LL-4-10
3256221099690;M2-LL-4-10
3256227108327;M2-LL-4-10
3256228421265;M2-LL-4-10
3373800600358;M2-LL-4-10
3660992012947;M2-LL-4-10
3660992012961;M2-LL-4-10
3770003403135;M2-LL-4-10
4008467051616;M2-LL-4-10
4008467052071;M2-LL-4-10
4008467052095;M2-LL-4-10
4008467054112;M2-LL-4-10
4008467054358;M2-LL-4-10
3256221134902;M2-LL-4-11
3256221409352;M2-LL-4-11
3256226388720;M2-LL-4-11
3256227103445;M2-LL-4-11
3256227449031;M2-LL-4-11
3256228435507;M2-LL-4-11
3282740370279;M2-LL-4-11
3282740370415;M2-LL-4-11
3289470036703;M2-LL-4-11
3289470053212;M2-LL-4-11
3325096164236;M2-LL-4-11
3368951654732;M2-LL-4-11
3373800400019;M2-LL-4-11
3256220085632;M2-LL-4-2
3256220085656;M2-LL-4-2
3256220515344;M2-LL-4-2
3256224701149;M2-LL-4-2
3256224761358;M2-LL-4-2
3256225426881;M2-LL-4-2
3256225738519;M2-LL-4-2
8710438053029;M2-LL-4-2
3256222157122;M2-LL-4-3
3256222157412;M2-LL-4-3
3256222157979;M2-LL-4-3
3256224160519;M2-LL-4-3
3256224701132;M2-LL-4-3
3256225427796;M2-LL-4-3
3256225427802;M2-LL-4-3
3256225427819;M2-LL-4-3
3256227103438;M2-LL-4-3
3256227108082;M2-LL-4-3
3184034038172;M2-LL-4-4
3184034267305;M2-LL-4-4
3184034269316;M2-LL-4-4
3184036763409;M2-LL-4-4
3256222809830;M2-LL-4-4
3256224700005;M2-LL-4-4
3256224701156;M2-LL-4-4
3256224701163;M2-LL-4-4
3256225427833;M2-LL-4-4
3184034269187;M2-LL-4-5
3184034278905;M2-LL-4-5
3184034279827;M2-LL-4-5
3184034292895;M2-LL-4-5
3256222158303;M2-LL-4-5
3256224701187;M2-LL-4-5
3256225741908;M2-LL-4-5
3256227461927;M2-LL-4-5
3256227749421;M2-LL-4-5
3256229110106;M2-LL-4-5
3660992013029;M2-LL-4-5
3256220094726;M2-LL-4-6
3256222975672;M2-LL-4-6
3256224701101;M2-LL-4-6
3256224701118;M2-LL-4-6
3256224701309;M2-LL-4-6
3256224701453;M2-LL-4-6
3256224701576;M2-LL-4-6
3256229110113;M2-LL-4-6
3184034289703;M2-LL-4-7
3256221981339;M2-LL-4-7
3256224701170;M2-LL-4-7
3256224701194;M2-LL-4-7
3256224701552;M2-LL-4-7
3479384295314;M2-LL-4-7
3599741006329;M2-LL-4-7
3599741006350;M2-LL-4-7
3599741006534;M2-LL-4-7
3256222989501;M2-LL-4-8
3256224160700;M2-LL-4-8
3256224160724;M2-LL-4-8
3256224701217;M2-LL-4-8
3256224701279;M2-LL-4-8
3256224701408;M2-LL-4-8
3256227124396;M2-LL-4-8
3256228972163;M2-LL-4-8
3368951152283;M2-LL-4-8
3660992018062;M2-LL-4-8
3256220271998;M2-LL-4-9
3261080912653;M2-LL-4-9
3295522563653;M2-LL-4-9
3368954600569;M2-LL-4-9
3599741000488;M2-LL-4-9
3599741001843;M2-LL-4-9
3599741002017;M2-LL-4-9
3599741005186;M2-LL-4-9
3599741005193;M2-LL-4-9
3700887100639;M2-LL-4-9
4008467053320;M2-LL-4-9
4008467053368;M2-LL-4-9
3256220275774;M2-LL-5-1
3256220929684;M2-LL-5-1
3256220929707;M2-LL-5-1
3256220929714;M2-LL-5-1
3256221405361;M2-LL-5-1
3256221405378;M2-LL-5-1
3256222156507;M2-LL-5-1
3256222157023;M2-LL-5-1
3256222230207;M2-LL-5-1
3256222254388;M2-LL-5-1
3256222647661;M2-LL-5-1
3256222984575;M2-LL-5-1
3256222984582;M2-LL-5-1
3256222984599;M2-LL-5-1
3256222987149;M2-LL-5-1
3256222987156;M2-LL-5-1
3256223375495;M2-LL-5-1
3256224053248;M2-LL-5-1
3256225430512;M2-LL-5-1
3256225434794;M2-LL-5-1
3256225738120;M2-LL-5-1
3256226752637;M2-LL-5-1
3256226752675;M2-LL-5-1
3256227095986;M2-LL-5-1
3256227095993;M2-LL-5-1
3256227108150;M2-LL-5-1
3256227108167;M2-LL-5-1
3256227449901;M2-LL-5-1
3256227464065;M2-LL-5-1
3256228197733;M2-LL-5-1
3256228197740;M2-LL-5-1
3256228197757;M2-LL-5-1
3256228197764;M2-LL-5-1
3256228197771;M2-LL-5-1
3256228197788;M2-LL-5-1
3256228407887;M2-LL-5-1
3256228413017;M2-LL-5-1
3256228975973;M2-LL-5-1
3256228976024;M2-LL-5-1
3256228980427;M2-LL-5-1
3256229076389;M2-LL-5-1
3503652611015;M2-LL-5-1
3083681140880;M2-LL-5-2
3083681161342;M2-LL-5-2
3083681178029;M2-LL-5-2
3083681178050;M2-LL-5-2
3165440302743;M2-LL-5-2
3248830000297;M2-LL-5-2
3248830000495;M2-LL-5-2
3248830001133;M2-LL-5-2
3248830001997;M2-LL-5-2
3248830002208;M2-LL-5-2
3248830116530;M2-LL-5-2
3248830116547;M2-LL-5-2
3248830723431;M2-LL-5-2
3248830723448;M2-LL-5-2
3248830723455;M2-LL-5-2
3248830723479;M2-LL-5-2
3248830723486;M2-LL-5-2
3256220177252;M2-LL-5-2
3256224160670;M2-LL-5-2
3256225036240;M2-LL-5-2
3256225036257;M2-LL-5-2
3256225130887;M2-LL-5-2
3256225130948;M2-LL-5-2
3256225519705;M2-LL-5-2
3256225520305;M2-LL-5-2
3256225739608;M2-LL-5-2
3256227458996;M2-LL-5-2
3256227460753;M2-LL-5-2
3256227744648;M2-LL-5-2
3256228430373;M2-LL-5-2
3256228433831;M2-LL-5-2
3256228433862;M2-LL-5-2
3256228433879;M2-LL-5-2
3256228433886;M2-LL-5-2
3256228433893;M2-LL-5-2
3256228433909;M2-LL-5-2
3256228433916;M2-LL-5-2
3256228433923;M2-LL-5-2
3256228438287;M2-LL-5-2
3256228438300;M2-LL-5-2
3256228438317;M2-LL-5-2
3256228438324;M2-LL-5-2
3282740301334;M2-LL-5-2
3282740380216;M2-LL-5-2
3599741007128;M2-LL-5-2
3760184010642;M2-LL-5-2
3760184013315;M2-LL-5-2
3760184013889;M2-LL-5-2
3760234505166;M2-LL-5-2
3760234509003;M2-LL-5-2
3760234509027;M2-LL-5-2
3760344350229;M2-LL-5-2
3760344350243;M2-LL-5-2
3760344350267;M2-LL-5-2
3760344350335;M2-LL-5-2
3060731015800;M2-LL-5-3
3060731015824;M2-LL-5-3
3060731015831;M2-LL-5-3
3060731015848;M2-LL-5-3
3060731015855;M2-LL-5-3
3060731015909;M2-LL-5-3
3060731015916;M2-LL-5-3
3165440239469;M2-LL-5-3
3165440240618;M2-LL-5-3
3165440240663;M2-LL-5-3
3256221408485;M2-LL-5-3
3256221408492;M2-LL-5-3
3256226765576;M2-LL-5-3
3256226765583;M2-LL-5-3
3256227103469;M2-LL-5-3
3256227108310;M2-LL-5-3
3256227475696;M2-LL-5-3
3256227475733;M2-LL-5-3
3256227744884;M2-LL-5-3
3256227764967;M2-LL-5-3
3599740004432;M2-LL-5-3
3599740006757;M2-LL-5-3
3599740006764;M2-LL-5-3
3599740007211;M2-LL-5-3
3599740007266;M2-LL-5-3
3599740007273;M2-LL-5-3
3599740007280;M2-LL-5-3
3599740007297;M2-LL-5-3
3599740007501;M2-LL-5-3
3599741001881;M2-LL-5-3
3599741002871;M2-LL-5-3
3599741003328;M2-LL-5-3
3599741004455;M2-LL-5-3
3599741004677;M2-LL-5-3
3599741005605;M2-LL-5-3
3599741006305;M2-LL-5-3
3599741007340;M2-LL-5-3
3599741007364;M2-LL-5-3
3599741007494;M2-LL-5-3
3660992012954;M2-LL-5-3
4008467053351;M2-LL-5-3
3165440302507;M2-LL-5-4
3248833084614;M2-LL-5-4
3248839595008;M2-LL-5-4
3248839599006;M2-LL-5-4
3248839628003;M2-LL-5-4
3256220313643;M2-LL-5-4
3256222977881;M2-LL-5-4
3256224160601;M2-LL-5-4
3256224160618;M2-LL-5-4
3256224160687;M2-LL-5-4
3256224531104;M2-LL-5-4
3256224531203;M2-LL-5-4
3256224531258;M2-LL-5-4
3256224531289;M2-LL-5-4
3256224531401;M2-LL-5-4
3256225426256;M2-LL-5-4
3256225759569;M2-LL-5-4
3256226404109;M2-LL-5-4
3256227334184;M2-LL-5-4
3256227461996;M2-LL-5-4
3289471029117;M2-LL-5-4
3368953516205;M2-LL-5-4
3368954600477;M2-LL-5-4
3599741003359;M2-LL-5-4
3599741003380;M2-LL-5-4
3599741005995;M2-LL-5-4
3599741007029;M2-LL-5-4
3599741007036;M2-LL-5-4
3599741007500;M2-LL-5-4
3660992012909;M2-LL-5-4
3760032006438;M2-LL-5-4
3760032006445;M2-LL-5-4
3760032006452;M2-LL-5-4
3760032006469;M2-LL-5-4
3248830002246;M2-LL-5-5
3248830002581;M2-LL-5-5
3248830002598;M2-LL-5-5
3248830719649;M2-LL-5-5
3248830719656;M2-LL-5-5
3248830721628;M2-LL-5-5
3248830724254;M2-LL-5-5
3248833088872;M2-LL-5-5
3256224755609;M2-LL-5-5
3256224755616;M2-LL-5-5
3256225425099;M2-LL-5-5
3256225738663;M2-LL-5-5
3256226404093;M2-LL-5-5
3256227102028;M2-LL-5-5
3256227464041;M2-LL-5-5
3256227464058;M2-LL-5-5
3368954148658;M2-LL-5-5
3368958946748;M2-LL-5-5
3368958946755;M2-LL-5-5
3660140002837;M2-LL-5-5
3701192501258;M2-LL-5-5
3701192501401;M2-LL-5-5
3701192503672;M2-LL-5-5
8015673029960;M2-LL-5-5
3248830000891;M2-LL-5-6
3248830001331;M2-LL-5-6
3256221115963;M2-LL-5-6
3256221115970;M2-LL-5-6
3256221116007;M2-LL-5-6
3256221116014;M2-LL-5-6
3256224160007;M2-LL-5-6
3256224705116;M2-LL-5-6
3256224705123;M2-LL-5-6
3256224706021;M2-LL-5-6
3256224755654;M2-LL-5-6
3256225044009;M2-LL-5-6
3256225044016;M2-LL-5-6
3256225044023;M2-LL-5-6
3256225094554;M2-LL-5-6
3256225094561;M2-LL-5-6
3256225094578;M2-LL-5-6
3256225425105;M2-LL-5-6
3256227101977;M2-LL-5-6
3256227101984;M2-LL-5-6
3256228432261;M2-LL-5-6
3256228432315;M2-LL-5-6
3289474002179;M2-LL-5-6
3289475001225;M2-LL-5-6
3289475005193;M2-LL-5-6
3368959893348;M2-LL-5-6
4001724036616;M2-LL-5-6
4001724038870;M2-LL-5-6
4001724038993;M2-LL-5-6
4001724039051;M2-LL-5-6
4001724039112;M2-LL-5-6
4001724039143;M2-LL-5-6
4001724039419;M2-LL-5-6
3165441660002;M2-LL-5-7
3165441660026;M2-LL-5-7
3181232518642;M2-LL-5-7
3181232518819;M2-LL-5-7
3181232518833;M2-LL-5-7
3181232519670;M2-LL-5-7
3256225052035;M2-LL-5-7
3256225424986;M2-LL-5-7
3256227124402;M2-LL-5-7
3256227124419;M2-LL-5-7
3256227744396;M2-LL-5-7
3256227744402;M2-LL-5-7
3282741660225;M2-LL-5-7
3559561003397;M2-LL-5-7
3599741006763;M2-LL-5-7
3599741006770;M2-LL-5-7
3599741006787;M2-LL-5-7
3599741006794;M2-LL-5-7
3599741006800;M2-LL-5-7
3660992012886;M2-LL-5-7
3660992012893;M2-LL-5-7
3760051588618;M2-LL-5-7
8710438118063;M2-LL-5-7
8710438124026;M2-LL-5-7
8710438124057;M2-LL-5-7
8710438124088;M2-LL-5-7
8710438124941;M2-LL-5-7
8710438128215;M2-LL-5-7
3181230184290;M2-LL-5-8
3181231001732;M2-LL-5-8
3181232514934;M2-LL-5-8
3181232519137;M2-LL-5-8
3181232519397;M2-LL-5-8
3181232519472;M2-LL-5-8
3181232519755;M2-LL-5-8
3181232520188;M2-LL-5-8
3181232520447;M2-LL-5-8
3181232534543;M2-LL-5-8
3227061000023;M2-LL-5-8
3227061000313;M2-LL-5-8
3256223664087;M2-LL-5-8
3256224755661;M2-LL-5-8
3256224755678;M2-LL-5-8
3256227455650;M2-LL-5-8
3256227742828;M2-LL-5-8
3256228439420;M2-LL-5-8
3256228439437;M2-LL-5-8
3256228673008;M2-LL-5-8
3256228932877;M2-LL-5-8
3368956415765;M2-LL-5-8
3368959021345;M2-LL-5-8
3559561003588;M2-LL-5-8
3660992022137;M2-LL-5-8
3660992022144;M2-LL-5-8
3700009282533;M2-LL-5-8
3700009282557;M2-LL-5-8
3700009282588;M2-LL-5-8
3700009282595;M2-LL-5-8
3760197633364;M2-LL-5-8
4008467052132;M2-LL-5-8
8710438121544;M2-LL-5-8
8710438121575;M2-LL-5-8
8710438121605;M2-LL-5-8
8710438121636;M2-LL-5-8
8710438125573;M2-LL-5-8
8710438126440;M2-LL-5-8
8710438129564;M2-LL-5-8
3230890004537;M2-LL-5-9
3230890004544;M2-LL-5-9
3230890011764;M2-LL-5-9
3230890011795;M2-LL-5-9
3230890028656;M2-LL-5-9
3230890033131;M2-LL-5-9
3230890050794;M2-LL-5-9
3230890407420;M2-LL-5-9
3256220172271;M2-LL-5-9
3256220269254;M2-LL-5-9
3256224170150;M2-LL-5-9
3256224170167;M2-LL-5-9
3256224358282;M2-LL-5-9
3256225067824;M2-LL-5-9
3256227108099;M2-LL-5-9
3256227108280;M2-LL-5-9
3256227755507;M2-LL-5-9
3256228413000;M2-LL-5-9
3256229266964;M2-LL-5-9
3422540009287;M2-LL-5-9
3512690004413;M2-LL-5-9
3660992012916;M2-LL-5-9
3660992012923;M2-LL-5-9
3660992012978;M2-LL-5-9
3660992012985;M2-LL-5-9
3660992012992;M2-LL-5-9
3660992013005;M2-LL-5-9
3661019000817;M2-LL-5-9
3760051587369;M2-LL-5-9
3760051588212;M2-LL-5-9
3029330071181;M2-MM-1-1
3259426036606;M2-MM-1-1
3259426043512;M2-MM-1-1
3088866510052;M2-MM-2-1
3088866541056;M2-MM-2-1
3088866551055;M2-MM-2-1
3174591000637;M2-MM-2-1
3178530421118;M2-MM-2-1
3178530421132;M2-MM-2-1
3256220210003;M2-MM-2-1
3256220210041;M2-MM-2-1
3256220210065;M2-MM-2-1
3256224377993;M2-MM-2-1
3256227092879;M2-MM-2-1
3256227092886;M2-MM-2-1
3256228125668;M2-MM-2-1
3425600019875;M2-MM-2-1
3498425562055;M2-MM-2-1
3498425800058;M2-MM-2-1
3540860038951;M2-MM-2-1
3660140948159;M2-MM-2-1
3660140948258;M2-MM-2-1
3660140948357;M2-MM-2-1
3660140948456;M2-MM-2-1
3660140953351;M2-MM-2-1
3660140954150;M2-MM-2-1
3660140954259;M2-MM-2-1
3660140958752;M2-MM-2-1
3660140967556;M2-MM-2-1
3660992011490;M2-MM-2-1
3173310018960;M2-MM-2-10
3187670002361;M2-MM-2-10
3228857001224;M2-MM-2-10
3228857001316;M2-MM-2-10
3228857001330;M2-MM-2-10
3228857001347;M2-MM-2-10
3228857001378;M2-MM-2-10
3228857001958;M2-MM-2-10
3256222826356;M2-MM-2-10
3256222826424;M2-MM-2-10
3256224784135;M2-MM-2-10
3256224801214;M2-MM-2-10
3256229788466;M2-MM-2-10
3256540001756;M2-MM-2-10
3256540001800;M2-MM-2-10
3256540003491;M2-MM-2-10
3256540035119;M2-MM-2-10
3256540035126;M2-MM-2-10
3256549997791;M2-MM-2-10
3256549997807;M2-MM-2-10
3284230006279;M2-MM-2-10
3284230007146;M2-MM-2-10
3368956803821;M2-MM-2-10
3368957832363;M2-MM-2-10
3587220001156;M2-MM-2-10
3587220002108;M2-MM-2-10
3587220002252;M2-MM-2-10
3587220002269;M2-MM-2-10
3587220551507;M2-MM-2-10
3587221227609;M2-MM-2-10
3587222521508;M2-MM-2-10
3587228155363;M2-MM-2-10
3760049798944;M2-MM-2-10
3173310012579;M2-MM-2-11
3228857000661;M2-MM-2-11
3228857001231;M2-MM-2-11
3228857001323;M2-MM-2-11
3256220513395;M2-MM-2-11
3256221667974;M2-MM-2-11
3256224801726;M2-MM-2-11
3256226093204;M2-MM-2-11
3256540001787;M2-MM-2-11
3256540001794;M2-MM-2-11
3256540002227;M2-MM-2-11
3284230001991;M2-MM-2-11
3368952901705;M2-MM-2-11
3413910090820;M2-MM-2-11
3587220000043;M2-MM-2-11
3587220005710;M2-MM-2-11
3660992012862;M2-MM-2-11
3017760314497;M2-MM-2-2
3017760381598;M2-MM-2-2
3017760494298;M2-MM-2-2
3017769149854;M2-MM-2-2
3048282332645;M2-MM-2-2
3048282900646;M2-MM-2-2
3061990144096;M2-MM-2-2
3174591000743;M2-MM-2-2
3174591000750;M2-MM-2-2
3174591000774;M2-MM-2-2
3174591001177;M2-MM-2-2
3174591001184;M2-MM-2-2
3174591001276;M2-MM-2-2
3178530421125;M2-MM-2-2
3178530421637;M2-MM-2-2
3178530422733;M2-MM-2-2
3178530423792;M2-MM-2-2
3178530423808;M2-MM-2-2
3178530423921;M2-MM-2-2
3178530425369;M2-MM-2-2
3228857002290;M2-MM-2-2
3228857002306;M2-MM-2-2
3256220210010;M2-MM-2-2
3256220210058;M2-MM-2-2
3256220210072;M2-MM-2-2
3256224041535;M2-MM-2-2
3256224041542;M2-MM-2-2
3256227092893;M2-MM-2-2
3256228472854;M2-MM-2-2
3256229689480;M2-MM-2-2
3256229689497;M2-MM-2-2
3540860025784;M2-MM-2-2
3585730034664;M2-MM-2-2
3585730035609;M2-MM-2-2
3660140846554;M2-MM-2-2
3660140929752;M2-MM-2-2
3660140942058;M2-MM-2-2
3660140945455;M2-MM-2-2
3660140954358;M2-MM-2-2
3660140954457;M2-MM-2-2
3660140958851;M2-MM-2-2
3660140958950;M2-MM-2-2
3660140959308;M2-MM-2-2
3660140960359;M2-MM-2-2
3660140960557;M2-MM-2-2
3660140960908;M2-MM-2-2
3660140961004;M2-MM-2-2
3660140963855;M2-MM-2-2
7622201521059;M2-MM-2-2
7622201811518;M2-MM-2-2
7622210112262;M2-MM-2-2
7622210388100;M2-MM-2-2
7622210590701;M2-MM-2-2
7622210623799;M2-MM-2-2
7622210720283;M2-MM-2-2
7622300784751;M2-MM-2-2
8000500411537;M2-MM-2-2
3048282322646;M2-MM-2-3
3048282340602;M2-MM-2-3
3178530407327;M2-MM-2-3
3178530408416;M2-MM-2-3
3178530411553;M2-MM-2-3
3178530411560;M2-MM-2-3
3228857002283;M2-MM-2-3
3256220210843;M2-MM-2-3
3256224801061;M2-MM-2-3
3256227758270;M2-MM-2-3
3256227758287;M2-MM-2-3
3256228448712;M2-MM-2-3
3498425590355;M2-MM-2-3
3498425591253;M2-MM-2-3
3660140846455;M2-MM-2-3
3660140928458;M2-MM-2-3
3660992018185;M2-MM-2-3
7622201131548;M2-MM-2-3
7622201420307;M2-MM-2-3
7622201809638;M2-MM-2-3
7622201809768;M2-MM-2-3
7622201815516;M2-MM-2-3
7622210774101;M2-MM-2-3
7622210776518;M2-MM-2-3
8000500267103;M2-MM-2-3
8000500347652;M2-MM-2-3
3178530405736;M2-MM-2-4
3178530405743;M2-MM-2-4
3178530411485;M2-MM-2-4
3256220174961;M2-MM-2-4
3256220174978;M2-MM-2-4
3256222734637;M2-MM-2-4
3256222734651;M2-MM-2-4
3256223678121;M2-MM-2-4
3256224801085;M2-MM-2-4
3256225738588;M2-MM-2-4
3256225738595;M2-MM-2-4
3256225738632;M2-MM-2-4
3256226084370;M2-MM-2-4
3256227091582;M2-MM-2-4
3256227091728;M2-MM-2-4
3256227756672;M2-MM-2-4
3256228448699;M2-MM-2-4
3256228686633;M2-MM-2-4
3256228686640;M2-MM-2-4
3256229811836;M2-MM-2-4
3259420001006;M2-MM-2-4
3259420001945;M2-MM-2-4
3259426021053;M2-MM-2-4
3259426030239;M2-MM-2-4
3259426033520;M2-MM-2-4
3259426038105;M2-MM-2-4
3259426038600;M2-MM-2-4
3259426038693;M2-MM-2-4
3259426040016;M2-MM-2-4
3259426042201;M2-MM-2-4
3259426042218;M2-MM-2-4
3259426042270;M2-MM-2-4
3259426042362;M2-MM-2-4
3259426043697;M2-MM-2-4
3259428888111;M2-MM-2-4
3262350210455;M2-MM-2-4
3329229000095;M2-MM-2-4
3368390000985;M2-MM-2-4
8002734000082;M2-MM-2-4
3178530402728;M2-MM-2-5
3178530404050;M2-MM-2-5
3178530404142;M2-MM-2-5
3178530404784;M2-MM-2-5
3178530407402;M2-MM-2-5
3178530408379;M2-MM-2-5
3178530408515;M2-MM-2-5
3178530410105;M2-MM-2-5
3178530410112;M2-MM-2-5
3178530410136;M2-MM-2-5
3178530410143;M2-MM-2-5
3178530412741;M2-MM-2-5
3178530414431;M2-MM-2-5
3178530414486;M2-MM-2-5
3178530420395;M2-MM-2-5
3178530421224;M2-MM-2-5
3178530421392;M2-MM-2-5
3178530422757;M2-MM-2-5
3178530423815;M2-MM-2-5
3178530423839;M2-MM-2-5
3178530425215;M2-MM-2-5
3178530425222;M2-MM-2-5
3178530425239;M2-MM-2-5
3178530426762;M2-MM-2-5
3178530427219;M2-MM-2-5
3187200005121;M2-MM-2-5
3187200005145;M2-MM-2-5
3252755150005;M2-MM-2-5
3252755250002;M2-MM-2-5
3255290250285;M2-MM-2-5
3255290253521;M2-MM-2-5
3255290254078;M2-MM-2-5
3255290254184;M2-MM-2-5
3255290254207;M2-MM-2-5
3256222734606;M2-MM-2-5
3256222734620;M2-MM-2-5
3256222734644;M2-MM-2-5
3256222734972;M2-MM-2-5
3256222734996;M2-MM-2-5
3256222735023;M2-MM-2-5
3256222746494;M2-MM-2-5
3256222746500;M2-MM-2-5
3256222746517;M2-MM-2-5
3256225738601;M2-MM-2-5
3256225738625;M2-MM-2-5
3256228415356;M2-MM-2-5
3259421340012;M2-MM-2-5
3259426030666;M2-MM-2-5
3259426031410;M2-MM-2-5
3259426031427;M2-MM-2-5
3259426032516;M2-MM-2-5
3259426033131;M2-MM-2-5
3259426033544;M2-MM-2-5
3259426036279;M2-MM-2-5
3259426041259;M2-MM-2-5
3259426041358;M2-MM-2-5
3259426041389;M2-MM-2-5
3259426041419;M2-MM-2-5
3259426043109;M2-MM-2-5
3259426043123;M2-MM-2-5
3259426043529;M2-MM-2-5
3259426043543;M2-MM-2-5
3259426044076;M2-MM-2-5
3259426044083;M2-MM-2-5
3259426044090;M2-MM-2-5
3259426044304;M2-MM-2-5
3259426044328;M2-MM-2-5
3322680010993;M2-MM-2-5
3368390000749;M2-MM-2-5
3700157500695;M2-MM-2-5
3700157500787;M2-MM-2-5
3700157510168;M2-MM-2-5
3700157512049;M2-MM-2-5
3700157521836;M2-MM-2-5
3700157521850;M2-MM-2-5
5411823558008;M2-MM-2-5
3023470200050;M2-MM-2-6
3178530411164;M2-MM-2-6
3178530411492;M2-MM-2-6
3178530416848;M2-MM-2-6
3178530425208;M2-MM-2-6
3178530427011;M2-MM-2-6
3215061062776;M2-MM-2-6
3218930313023;M2-MM-2-6
3218938825009;M2-MM-2-6
3256220178334;M2-MM-2-6
3256220364751;M2-MM-2-6
3256221106329;M2-MM-2-6
3256221848274;M2-MM-2-6
3256222626895;M2-MM-2-6
3256222643496;M2-MM-2-6
3256223920831;M2-MM-2-6
3256224044079;M2-MM-2-6
3256224059615;M2-MM-2-6
3256224059622;M2-MM-2-6
3256224801344;M2-MM-2-6
3256224801351;M2-MM-2-6
3256224801535;M2-MM-2-6
3256224802013;M2-MM-2-6
3256225718573;M2-MM-2-6
3256226096243;M2-MM-2-6
3256226096250;M2-MM-2-6
3256549997470;M2-MM-2-6
3322680009799;M2-MM-2-6
3322680009966;M2-MM-2-6
3322680009980;M2-MM-2-6
3322680010290;M2-MM-2-6
3322680010405;M2-MM-2-6
3322680010801;M2-MM-2-6
3322680010818;M2-MM-2-6
3322680010894;M2-MM-2-6
3322680011082;M2-MM-2-6
3333040009823;M2-MM-2-6
3412290006728;M2-MM-2-6
3412290057713;M2-MM-2-6
3412290057737;M2-MM-2-6
3412290057751;M2-MM-2-6
5410126032284;M2-MM-2-6
5410126152159;M2-MM-2-6
5410126502404;M2-MM-2-6
5410126832051;M2-MM-2-6
5410126832372;M2-MM-2-6
5410126832570;M2-MM-2-6
3187670002347;M2-MM-2-7
3228857001132;M2-MM-2-7
3228857001156;M2-MM-2-7
3256220653190;M2-MM-2-7
3256225230501;M2-MM-2-7
3256225230679;M2-MM-2-7
3256227755514;M2-MM-2-7
3256540003255;M2-MM-2-7
3256540003378;M2-MM-2-7
3256540003859;M2-MM-2-7
3256549996862;M2-MM-2-7
3256549997326;M2-MM-2-7
3256549998132;M2-MM-2-7
3256549998286;M2-MM-2-7
3256549998293;M2-MM-2-7
3256549998439;M2-MM-2-7
3256549998668;M2-MM-2-7
3256549998743;M2-MM-2-7
3256549999313;M2-MM-2-7
3256549999320;M2-MM-2-7
3256549999337;M2-MM-2-7
3256549999344;M2-MM-2-7
3256549999351;M2-MM-2-7
3256549999368;M2-MM-2-7
3256549999375;M2-MM-2-7
3256549999382;M2-MM-2-7
3256549999399;M2-MM-2-7
3256549999405;M2-MM-2-7
3587220003853;M2-MM-2-7
3587220005741;M2-MM-2-7
3587221125271;M2-MM-2-7
3587221155278;M2-MM-2-7
3587228221402;M2-MM-2-7
3587228251409;M2-MM-2-7
3760049798876;M2-MM-2-7
3256226758912;M2-MM-2-8
3256227087332;M2-MM-2-8
3256229622043;M2-MM-2-8
3256229622050;M2-MM-2-8
3256229622067;M2-MM-2-8
3256229622074;M2-MM-2-8
3256540000339;M2-MM-2-8
3256540000346;M2-MM-2-8
3256540001008;M2-MM-2-8
3256540001015;M2-MM-2-8
3256549998170;M2-MM-2-8
3256549999870;M2-MM-2-8
3284230004015;M2-MM-2-8
3587220000869;M2-MM-2-8
3587226160352;M2-MM-2-8
3173310011749;M2-MM-2-9
3173310018977;M2-MM-2-9
3256220358576;M2-MM-2-9
3256223379479;M2-MM-2-9
3256224801092;M2-MM-2-9
3256225424467;M2-MM-2-9
3256540000698;M2-MM-2-9
3256540000704;M2-MM-2-9
3256540002890;M2-MM-2-9
3284230002288;M2-MM-2-9
3284230004282;M2-MM-2-9
3284230006408;M2-MM-2-9
3368954600859;M2-MM-2-9
3368955767490;M2-MM-2-9
3587220001521;M2-MM-2-9
3587220003822;M2-MM-2-9
3587220004126;M2-MM-2-9
3587220120505;M2-MM-2-9
3587220221509;M2-MM-2-9
3660992012879;M2-MM-2-9
3760049798760;M2-MM-2-9
3760049798890;M2-MM-2-9
3760049798937;M2-MM-2-9
3760049799248;M2-MM-2-9
3029330004240;M2-MM-3-1
3029330071129;M2-MM-3-1
3029330800439;M2-MM-3-1
3029330800446;M2-MM-3-1
3029330800453;M2-MM-3-1
3228850006035;M2-MM-3-1
3228857000876;M2-MM-3-1
3228857000883;M2-MM-3-1
3228857000906;M2-MM-3-1
3228857001101;M2-MM-3-1
3228857001194;M2-MM-3-1
3228857001507;M2-MM-3-1
3228857001811;M2-MM-3-1
3228857001989;M2-MM-3-1
3228857001996;M2-MM-3-1
3228857002023;M2-MM-3-1
3228857002030;M2-MM-3-1
3228857002320;M2-MM-3-1
3256222646916;M2-MM-3-1
3256222646985;M2-MM-3-1
3256224124863;M2-MM-3-1
3256224124870;M2-MM-3-1
3256224801429;M2-MM-3-1
3256224801702;M2-MM-3-1
3256225436095;M2-MM-3-1
3256225741267;M2-MM-3-1
3256229829350;M2-MM-3-1
3256229829367;M2-MM-3-1
3256229829374;M2-MM-3-1
3660992012831;M2-MM-3-1
3760049790092;M2-MM-3-1
3760049791006;M2-MM-3-1
3760049795479;M2-MM-3-1
3760049796384;M2-MM-3-1
3760049798029;M2-MM-3-1
3760049798609;M2-MM-3-1
3760049798845;M2-MM-3-1
3029330022411;M2-MM-3-2
3029330022428;M2-MM-3-2
3029330068549;M2-MM-3-2
3228850000262;M2-MM-3-2
3228850008213;M2-MM-3-2
3228857000166;M2-MM-3-2
3228857000838;M2-MM-3-2
3228857000845;M2-MM-3-2
3228857000852;M2-MM-3-2
3228857000869;M2-MM-3-2
3228857000913;M2-MM-3-2
3228857001118;M2-MM-3-2
3256220851145;M2-MM-3-2
3256220870511;M2-MM-3-2
3256221848854;M2-MM-3-2
3256222646909;M2-MM-3-2
3256222646961;M2-MM-3-2
3256222646978;M2-MM-3-2
3256223163351;M2-MM-3-2
3760049790214;M2-MM-3-2
3760049790252;M2-MM-3-2
3760049792768;M2-MM-3-2
3760049794298;M2-MM-3-2
3760049795059;M2-MM-3-2
3029330003526;M2-MM-3-3
3029330069898;M2-MM-3-3
3029330069904;M2-MM-3-3
3029330069911;M2-MM-3-3
3029330070023;M2-MM-3-3
3029330070054;M2-MM-3-3
3029330071273;M2-MM-3-3
3029330071280;M2-MM-3-3
3029330072683;M2-MM-3-3
3029330072690;M2-MM-3-3
3029330800064;M2-MM-3-3
3029330800071;M2-MM-3-3
3029330801900;M2-MM-3-3
3029330801924;M2-MM-3-3
3228857001835;M2-MM-3-3
3228857002184;M2-MM-3-3
3228857002191;M2-MM-3-3
3228857002221;M2-MM-3-3
3228857002238;M2-MM-3-3
3228857002245;M2-MM-3-3
3228857002344;M2-MM-3-3
3228857002351;M2-MM-3-3
3256220264488;M2-MM-3-3
3256220264495;M2-MM-3-3
3256220361118;M2-MM-3-3
3256222646954;M2-MM-3-3
3256224057659;M2-MM-3-3
3256224066699;M2-MM-3-3
3256224066705;M2-MM-3-3
3256224749608;M2-MM-3-3
3256224760283;M2-MM-3-3
3256224801559;M2-MM-3-3
3256227434389;M2-MM-3-3
3256228434128;M2-MM-3-3
3256540002500;M2-MM-3-3
3513851560298;M2-MM-3-3
3513851560304;M2-MM-3-3
3513851561271;M2-MM-3-3
3513851561318;M2-MM-3-3
3556071234976;M2-MM-3-3
3556071235270;M2-MM-3-3
3587220001903;M2-MM-3-3
3587220002245;M2-MM-3-3
3587220002306;M2-MM-3-3
3587220002313;M2-MM-3-3
3587220002733;M2-MM-3-3
3587220003525;M2-MM-3-3
3587220003860;M2-MM-3-3
3760049790672;M2-MM-3-3
3760049790818;M2-MM-3-3
3760049791266;M2-MM-3-3
3760049795509;M2-MM-3-3
3760049795639;M2-MM-3-3
3760049798715;M2-MM-3-3
3760049799118;M2-MM-3-3
